0,1,2,3,4,5,6,7,8,9,10,11,12,13,14,15,16,17,18,19,20,21,22,23,24,25,26,27,28,29,30,31,32,33,34,35,36,37,38,39,40,41,42,43,44,45,46,47,48,49,50,51,52,53,54,55,56,57,58,59,60,61,62,63,64,65,66,67,68,69,70,71,72,73,74,75,76,77,78,79,80,81,82,83,84,85,86,87,88,89,90,91,92,93,94,95,96,97,98,99,100,101,102,103,104,105,106,107,108,109,110,111,112,113,114,115,116,117,118,119,120,121,122,123,124,125,126,127,128,129,130,131,132,133,134,135,136,137,138,139,140,141,142,143
0.004273817509313733,0.014341448978190889,0.04169294120889384,0.09839188571258024,0.18437071779314368,0.2741351748509837,0.3230920957407238,0.30438297231925465,0.23253203938956998,0.13795668254658205,0.06311982899874524,0.022087164140649904,0.005925533413571402,0.001231552519544675,0.00020095778849245366,2.6078142315447628e-05,2.7526202228365996e-06,6.610097703962733e-07,4.357333552277535e-06,3.4173904356411026e-05,0.00021753197970953092,0.0011454023935093727,0.005007635126537106,0.018101905742484933,0.05408024144981392,0.13412977436271037,0.2775580924048489,0.48027243345047627,0.6892860640567634,0.8372780811753722,0.8635363553869505,0.7864521769346099,0.693084991816079,0.6569491053123955,0.7588625931829961,1.0301210691301275,1.4051572308830071,1.7978758301364803,2.1949631503733213,2.5876711082363526,2.986026551942802,3.3161852024608534,3.6729246746723168,4.134476644901157,4.875035778856476,5.975585847935575,7.38010803851401,8.947395074511284,10.578129924148572,12.402016960536127,14.546881534580093,16.885943398518627,19.04080300023718,20.402424518933877,20.38529795705195,18.74580169565604,15.757357133801646,11.976519653440253,8.260965327316423,5.128511965016553,2.8105664631829947,1.3229191566962233,0.5209104428715963,0.1685803855431055,0.04455388363504809,0.00962749271877794,0.0017019748328904799,0.00024502883698256935,2.8552978741930252e-05,2.6828531754229395e-06,2.0165038314395692e-07,1.1885488393127858e-08,5.449809781832998e-10,1.8577253187734407e-11,1.1394416677043073e-13,0.0,0.0,0.0,0.0,0.0,0.0,0.0,0.0,0.0,0.0,0.0,0.0,0.0,0.0,0.0,0.0,0.0,0.0,0.0,0.0,0.0,0.0,0.0,0.0,0.0,1.5831216453877042e-10,6.562790788087101e-09,9.465808792222705e-08,1.112758463884047e-06,1.0515218200493816e-05,7.982693705948719e-05,0.00048759546618566154,0.002363456000452888,0.008809759687900532,0.024825000495264482,0.05397440663009281,0.09422561711241642,0.13639053319321567,0.16607775045977918,0.16417590610460472,0.13620454914160246,0.08748695522282891,0.04280678933894461,0.015873781958691106,0.004543063792637069,0.001028916821528629,0.0001877068531793977,2.773239384756645e-05,3.2995326384055695e-06,3.1225383230294767e-07,2.319279851058819e-08,1.3414561639003513e-09,6.056802064862849e-11,2.0232105004096157e-12,0.0,0.0,0.0,0.0,0.0,0.0,0.0,0.0,0.0,0.0,0.0,0.0,0.0,0.0,0.0
6.001032551532147e-05,0.0004396412405538058,0.002605064013134979,0.01195502098612482,0.04179811352948594,0.1134526485352242,0.24961111651394657,0.4645239803516056,0.7499604939659986,1.060395077182254,1.3303854604282035,1.550985934893355,1.8314897540858353,2.343575666102338,3.153608894221176,4.129157029240007,5.075643975810857,5.959823003693149,6.898888816286557,7.857620906873108,8.485522257993194,8.385574495803205,7.447037717868862,5.840758254306605,3.961417330193361,2.39741521056608,1.4081579153574424,0.8272540024624359,0.4686953958634618,0.2430288980419185,0.10995844572387593,0.04203527415888628,0.013430495723328205,0.0035856944370975512,0.0007930331685674836,0.00013999487367822344,1.8330791223315737e-05,1.676506524405266e-06,1.0976655072260859e-07,5.5235752246550866e-09,2.2238383128263245e-10,7.221354411328395e-12,0.0,0.0,0.0,0.0,0.0,0.0,0.0,0.0,0.0,0.0,0.0,0.0,0.0,0.0,0.0,0.0,0.0,0.0,0.0,0.0,0.0,0.0,0.0,0.0,0.0,0.0,0.0,0.0,0.0,0.0,0.0,0.0,0.0,0.0,0.0,0.0,0.0,0.0,0.0,0.0,0.0,0.0,0.0,0.0,0.0,0.0,0.0,0.0,0.0,0.0,0.0,0.0,0.0,0.0,0.0,0.0,0.0,0.0,0.0,0.0,0.0,0.0,0.0,0.0,0.0,0.0,0.0,0.0,0.0,0.0,0.0,0.0,0.0,0.0,0.0,0.0,0.0,0.0,0.0,0.0,0.0,0.0,0.0,0.0,0.0,0.0,0.0,0.0,3.702854048371752e-09,6.923474513312118e-08,9.750873966757377e-07,1.0784669417286103e-05,9.364270837404566e-05,0.0006429253356691143,0.0034918604184990053,0.014708116229876968,0.04641264970114261,0.10725588076713022,0.18514534633219346,0.2547638266370532,0.3019326562040467,0.32717281392916653
2.393356164995779,1.6826466905674073,0.9862926554610805,0.46223785169918885,0.17266512355362126,0.051943055022937064,0.012681066517616947,0.0025382609847403393,0.00041843108683624716,5.664725426555953e-05,6.290054793083249e-06,5.801706980750789e-07,1.3731968359049552e-07,1.2236210109414517e-06,1.2625102900749824e-05,0.00010307168739485649,0.0006525130360484966,0.003176883905745291,0.011940017288464586,0.035017130349918456,0.08149650556901203,0.15376658337467267,0.23834270217476325,0.2983243877039372,0.2843323754561139,0.19455236623659902,0.09657798593349062,0.036913741129877733,0.011269673259679995,0.0027420762202594135,0.0005228669856995115,7.758543485392548e-05,9.049292695747235e-06,8.451223481478923e-07,6.376825272592622e-08,3.815163405936993e-09,1.7331156426422735e-10,5.830049156071895e-12,0.0,0.0,0.0,0.0,0.0,0.0,0.0,0.0,0.0,0.0,0.0,0.0,0.0,0.0,0.0,0.0,0.0,0.0,0.0,0.0,0.0,0.0,0.0,0.0,0.0,0.0,0.0,0.0,0.0,0.0,0.0,0.0,0.0,0.0,0.0,0.0,0.0,0.0,0.0,0.0,0.0,0.0,0.0,0.0,0.0,0.0,0.0,0.0,0.0,0.0,0.0,0.0,0.0,0.0,0.0,0.0,0.0,0.0,0.0,0.0,0.0,0.0,0.0,0.0,0.0,0.0,0.0,0.0,0.0,0.0,0.0,0.0,0.0,0.0,0.0,0.0,0.0,0.0,0.0,0.0,0.0,0.0,0.0,0.0,0.0,0.0,4.2016656160816355e-09,7.199563249674959e-08,9.609922595627418e-07,9.790799673217877e-06,7.573516631642712e-05,0.0004488181028754678,0.0020863492295160628,0.00782002994099441,0.024166625794248112,0.062490049841957045,0.13678500075102779,0.2586346748147192,0.4441775789590795,0.761361970611876,1.3989498296626144,2.5902749214873153,4.283547636479613,6.0408260108646425,7.448023211374899,8.368312539988215
0.00013226791892191058,0.0007470359787108192,0.003713437754759475,0.014805064752706909,0.04669589291693554,0.11640921128435003,0.23366941267316052,0.3979993822227555,0.6306691995031792,1.0349962077886783,1.816412651810913,3.1980073794193347,5.2462077514232766,7.617978892276608,9.617303839874612,10.476624914659356,10.10674315950315,8.780833058113785,7.220299570991045,5.878438127409365,4.847756818413638,3.9222725651116845,3.057880918405574,2.387747382251614,1.8907295617375692,1.5041765903417994,1.1724139965278444,0.8713139472640931,0.6111246324592641,0.39207939131013225,0.21358595468914393,0.09136862580861929,0.029940011500607,0.007689227710146775,0.0015925765711265459,0.0002697334459791161,3.745290408718931e-05,4.25610844376795e-06,3.9417246416599107e-07,2.9502823688751966e-08,1.7609672775781567e-09,8.209566998880786e-11,2.603690140792618e-12,0.0,0.0,0.0,0.0,0.0,0.0,0.0,0.0,0.0,0.0,0.0,0.0,0.0,0.0,0.0,0.0,3.6406864970429595e-09,6.458657298847184e-08,8.954729531876165e-07,9.585946070791673e-06,7.984050424558095e-05,0.000524169934485576,0.0027312845386459365,0.01130914757122284,0.03728780261963839,0.0983995779564574,0.20943516508339038,0.3643395360593375,0.5235929783852837,0.6444023803646474,0.6999397211531541,0.6216223417593703,0.48305833189852254,0.30550771722592934,0.21173372149294117,0.23751257089673405,0.3709401407312819,0.5805210059637173,0.8311664535833122,1.1152800186250382,1.4138481615908813,1.773786564350835,2.238570365078442,2.8876187216941096,3.7734517323480987,4.837893110963509,5.928662489205622,6.951234585703112,8.009429764350406,9.490499434438878,11.663704598276963,14.578994639614084,17.81782025428887,20.48039785244772,21.013646488465323,19.123141888758198,14.870642173360093,9.797648890053043,5.453575802233488,2.5344177846190976,0.9749833026124627,0.31492077396547724,0.08770331096879594,0.02131238826365342,0.004506489269779383,0.000820890033320347,0.00012721689160334704,1.660933916575751e-05,1.8125511560718899e-06,1.6090435304666572e-07,1.091492617494291e-08,5.378697765927285e-10,1.9188099006637163e-11,7.414262437900545e-14,0.0,0.0,0.0,0.0,0.0,0.0,0.0,0.0,0.0,0.0,0.0,0.0,0.0,0.0,0.0,0.0,0.0,0.0,0.0,0.0,0.0,0.0,0.0,0.0,0.0,0.0,0.0
0.6169995547894123,0.35836171471792616,0.16900763218855086,0.06218871487578494,0.017656958825334183,0.004493486045626612,0.004854166477058263,0.015891112063066325,0.052786996884986184,0.14415698380755662,0.3233660374972084,0.5978233368322974,0.923648978481209,1.2256407726966991,1.4553396816895758,1.6605156641981922,1.8938609792229244,2.2666032253130854,2.8799613196931757,3.7219696118611614,4.672492766223645,5.58003251960271,6.3957917322489655,7.339599760247741,8.55644811144996,9.972475278151808,11.140187535027048,11.448970353554774,10.460896264328227,8.41854847260222,5.9716614490622675,3.74855154704858,2.1285993830199126,1.1388448427758837,0.61984408731819,0.36046847257643566,0.22080440188641343,0.1255407683345929,0.060910569232360504,0.0240171031888231,0.0075391248082901305,0.001872448225300982,0.0003687229196334027,5.792770486930033e-05,7.289341455150442e-06,7.307967019267303e-07,5.7438770659470824e-08,4.3423939301660154e-09,2.043654847035003e-08,2.639237717354814e-07,2.83031396692082e-06,2.495963884480259e-05,0.0001788883248324898,0.0010216276907698588,0.004562451810826382,0.015818906563108224,0.043049262453377694,0.09414217856371114,0.16916815610164498,0.2524884777166111,0.3112259804111245,0.3028434721154948,0.23911783848378837,0.1451813895216994,0.06841884710016069,0.02521941930595049,0.007333821320546101,0.0016962269445895159,0.00031574430636664393,5.4295134808921094e-05,6.353312130115413e-05,0.00039467673947761364,0.0021721803377628907,0.009603809935706743,0.03355753886674191,0.0912473980154176,0.19205008358703818,0.315589563671042,0.40786422698875346,0.4319158046552901,0.3719684390741063,0.25711489514121855,0.14259742889619065,0.06242096035578639,0.021385123186891793,0.0057303262787368,0.0013480538045025406,0.001197090363761081,0.004762037528230239,0.017304123333140915,0.04911168553988616,0.10882135862016837,0.19016286564687476,0.2673670723964211,0.30431039976839636,0.29143175853487985,0.23442996406174782,0.15188565237647172,0.07669706363341462,0.02920241697114232,0.00838138418731357,0.0018631411367720178,0.00032988636653100487,4.7112456333796636e-05,5.433552689745631e-06,5.065801634181119e-07,3.8358458636381636e-08,2.3639279816601153e-09,1.177948876673948e-10,4.610233948839983e-12,0.0,0.0,0.0,0.0,0.0,0.0,0.0,0.0,0.0,0.0,0.0,0.0,0.0,3.848352032335853e-09,6.398769868438067e-08,7.933084565709836e-07,7.74824318307608e-06,6.045826461793334e-05,0.00038131722153969137,0.0019675643525463335,0.008415333293534066,0.030185314810249626,0.09159346838431044,0.23693479054068764,0.5290392317985015,1.0416444575094546,1.8560824506816727,3.1055930866208876,4.938501729941003,7.380520812954612,10.126542313441046,12.634726745981897,14.544585628125597,15.8023378243374
0.8637198834953137,0.6068338923643983,0.4479483658868726,0.39863274692506606,0.47714516853184014,0.7324731106254633,1.1826463622246017,1.826859833219358,2.5595332941489852,3.2064110485400175,3.6236542262834646,3.9426251554184217,4.50503632614716,5.687869397891062,7.506194311817535,9.716122659423359,11.82173074780774,13.553757224425992,14.469239349680336,14.518972749123026,13.462977419453352,11.457964344183281,8.78120976571777,6.117480452512717,3.9201413888182,2.3023422775189295,1.2126687802150666,0.554661997982451,0.21365347477135535,0.06777865797436033,0.0175159600012691,0.0036874687233368216,0.0006369287152998877,9.053205877840851e-05,1.0449861668133265e-05,9.539153958572716e-07,6.749934171784149e-08,3.6991599753847158e-09,1.576499562549599e-10,4.5054074334042835e-12,0.0,0.0,0.0,0.0,0.0,0.0,0.0,0.0,0.0,0.0,0.0,0.0,0.0,0.0,0.0,0.0,0.0,0.0,0.0,0.0,0.0,1.2273640299886481e-09,2.473350328515879e-08,3.7067155041378426e-07,4.152295817254752e-06,3.445342071313053e-05,0.00021614778322481639,0.0010540399824008665,0.004083914286195917,0.012749541327540324,0.03233536061962492,0.06699431952329447,0.11398648926330882,0.16010466652989994,0.18439184791133273,0.20041502637029032,0.21237578139390395,0.24553123507696303,0.29139196718990357,0.3309297797849172,0.38694767570433075,0.49011883300474623,0.6591675774232992,0.8525736849192312,0.9802451581691201,0.9280840031604596,0.7368564571617373,0.4918845393223965,0.30815653437308527,0.2517297931540914,0.33228733653664916,0.49995726302475285,0.6500314947465137,0.6937801202712904,0.6073906928568062,0.48427588854824744,0.43492612415492227,0.49677761742414484,0.6079634513589814,0.6654100524822585,0.5959404047378747,0.42952830904338546,0.24283855470471083,0.10951557828315985,0.04014559502690617,0.012070765509209427,0.0029767137778987885,0.0006040111082026881,0.00010163988389476725,1.4219210568458776e-05,1.6396265744322337e-06,1.5344344842663296e-07,1.1480565879363989e-08,6.787571974282014e-10,3.114970310435064e-11,9.262271326011641e-13,0.0,0.0,0.0,0.0,0.0,0.0,0.0,0.0,0.0,0.0,0.0,0.0,0.0,0.0,0.0,0.0,0.0,0.0,0.0,0.0,0.0,0.0,0.0,0.0,0.0,0.0,0.0,0.0
0.3740070956057293,0.15158718226407247,0.048002516896346666,0.012708077040317664,0.002856552591635805,0.0005370764646924518,8.305123669007652e-05,1.0945570909380817e-05,5.715990172614399e-06,3.783834296537674e-05,0.0002508553983212928,0.00134938154817524,0.005812004852098408,0.019830850945322803,0.05348831221970052,0.1159595729951259,0.21146956021108695,0.3419676879662205,0.5278900395403064,0.7636407462414225,1.0009220754387804,1.186977645612193,1.3144992329342973,1.4561179552046424,1.6761936378847329,2.020279762936243,2.367624235456525,2.525346135868964,2.3970193509246163,1.9390773876003071,1.3812084929165167,0.907649353625578,0.6053230169471867,0.43866412840669955,0.31377935161953213,0.21132184221274897,0.12400358111003984,0.06234171577699853,0.025727592284009865,0.008405794164414657,0.002139301340476518,0.0004239746163196727,6.5875015049782e-05,8.051188022991583e-06,7.69242920221251e-07,5.6627481684266725e-08,3.1408374140427955e-09,1.2796165617116183e-10,3.91122389119313e-12,6.797686347075738e-15,0.0,0.0,0.0,0.0,0.0,0.0,0.0,0.0,0.0,0.0,0.0,0.0,0.0,0.0,0.0,0.0,0.0,0.0,0.0,0.0,0.0,0.0,0.0,0.0,0.0,0.0,0.0,0.0,0.0,0.0,0.0,0.0,0.0,0.0,0.0,0.0,0.0,0.0,0.0,0.0,0.0,0.0,2.8046702735922023e-11,7.130645857406884e-09,1.1407339827603973e-07,1.4507898981790038e-06,1.4540500768049946e-05,0.00011430964820777801,0.0007084776521838207,0.003468902567610001,0.013333732204250057,0.04001878021413141,0.09398429863241835,0.17324192705330305,0.2507978602475508,0.276482985637567,0.25191515017554894,0.19767459854314695,0.15804771821789695,0.16048168318638842,0.1959980551938612,0.22483578193907472,0.21475851123930495,0.16901775217494636,0.10664324394468364,0.06718382590782801,0.07033750071098525,0.11529049573664435,0.18773513268249967,0.25925536223745876,0.3076057862379902,0.32495124491344785,0.3065837190078079,0.2601252063316943,0.19363665120556148,0.11420310894351378,0.053348181748391434,0.019581398226890624,0.006298441961126645,0.0049628799414275955,0.014417429885878831,0.04398865116293914,0.10945037230132024,0.21290200722560654,0.3211721306780226,0.4168902336005783,0.524355506100149,0.7495658937447652,1.2670739986713697,2.238014699501173,3.6363327888011563,5.226341247788786,6.761292721615294,8.120885592556412
0.0,0.0,0.0,0.0,0.0,0.0,0.0,1.8000502621312508e-09,3.240318902879157e-08,4.226063381675381e-07,4.278792841419574e-06,3.425987295588119e-05,0.00021995508898803418,0.0011371123113388308,0.0047341125090145765,0.01587832443628172,0.0428953273331931,0.09293829704786434,0.16017250440544922,0.21664934417373205,0.23503870294321902,0.20173992603834995,0.13829640927031525,0.0778297750842152,0.04121861826712698,0.03688055573361165,0.06532208305953223,0.11839527816570627,0.17631111469977778,0.20974174916526803,0.20035514195965728,0.15697428141836992,0.09761725625914977,0.04936910810189925,0.02042662440814908,0.00682695350413592,0.0017927537714772475,0.0003620314327697537,5.6364211568273234e-05,7.053366698474859e-06,2.550321931196473e-06,1.6075439020366167e-05,0.00010985360638314088,0.000605230089112515,0.002667914240536332,0.009445326416849559,0.027189816328689224,0.06457124154317181,0.12768846771646575,0.2103514058975318,0.2875145737401396,0.3182383785437381,0.32514740526467684,0.3337911405334596,0.3757449079823843,0.4322262620516525,0.47486849171444995,0.463880339910431,0.4281382957764136,0.35787051864090735,0.27883752599428513,0.1974563053193655,0.12053016829420551,0.0608029900812506,0.024495551183878174,0.00781951025089612,0.0019848848764775816,0.0003999130360413194,6.362052995647473e-05,8.00472000020125e-06,8.026432748853582e-07,6.43307081814363e-08,4.186807773980423e-09,2.2729734527569298e-10,1.0439339493399971e-11,1.8820319494493772e-13,0.0,0.0,0.0,0.0,0.0,0.0,0.0,0.0,0.0,0.0,0.0,0.0,4.762102732240892e-10,1.210881205818951e-08,1.5524703659856646e-07,1.6290543303735243e-06,1.4055073943226483e-05,0.00010045688649840556,0.0005954457807537658,0.0028930789591510913,0.011252857643773434,0.03440462327611874,0.08247869899279418,0.15683464016676116,0.2422886809450939,0.30042485698074434,0.34428208128236626,0.37737736180288267,0.4296202883541213,0.5014506698918876,0.6173343257104588,0.7761526778533113,0.9995626939205662,1.3269668044027394,1.7598663334845313,2.2707076568075646,2.7796733100167708,3.2259216081201174,3.6795850661249148,4.356412869913369,5.560115922016222,7.545941227566568,10.373707049985317,13.876606347505303,17.73196590442509,21.56009701942707,24.844764586105658,26.81882902272533,27.17837656094909,26.147684939034313,24.304664770006834,21.988762578824726,19.39570561390793,16.612693247440475,13.572383156669494,10.349115210212412,7.170977671388791,4.476597612947928,2.641965916180683,1.5898366186702295,1.0330460230800944,0.721397142627904,0.53464591720583,0.41588255127970825,0.3331215900420049,0.27066580344399344,0.21406327159236177,0.1643472367516212
0.8202851920857643,1.0683664484611393,1.2074520585772077,1.1665048092465156,0.9888482123124945,0.7819657251265602,0.6538609483267063,0.6436938233076279,0.7133865662035344,0.8156540566316698,0.8208112286883361,0.7219488364773071,0.5400407122309289,0.32891786314540733,0.16265538621966047,0.06451475483009438,0.020411009077404296,0.005129896816833593,0.0010207351925937387,0.00016054305560872463,1.990648632594317e-05,1.927206006986378e-06,1.4357650908302054e-07,8.1883726739864e-09,3.7352527017142307e-10,1.459164216339411e-11,1.7696163067028005e-13,0.0,0.0,0.0,0.0,0.0,0.0,0.0,0.0,0.0,0.0,0.0,0.0,0.0,0.0,0.0,0.0,0.0,0.0,0.0,0.0,0.0,0.0,0.0,0.0,0.0,0.0,0.0,0.0,0.0,0.0,0.0,0.0,0.0,0.0,0.0,0.0,0.0,0.0,0.0,0.0,0.0,7.812400932986862e-11,5.742477783256359e-09,8.778181276084395e-08,1.1054174350973985e-06,1.11676682969798e-05,8.895643629361194e-05,0.0005565524651473503,0.0027405439449987375,0.010685802429036084,0.03313562332473091,0.08216339375489781,0.16502468410527052,0.27433265501393317,0.3869485550510099,0.49887080220527225,0.7007894239635454,1.104662116705029,1.7996008702813915,2.6785827995800466,3.4231844254399886,3.782965300392047,3.5679320520646867,2.898932053683109,2.0467352318370224,1.2760622396704087,0.6973315442747917,0.32560489266604115,0.12441389689931388,0.037869973232221646,0.009225016959713037,0.0018267111283586965,0.0002964778759075339,3.945241273285078e-05,4.301117174667208e-06,3.8452669255989956e-07,2.8219439539014072e-08,1.6979244687846398e-09,8.29501127785771e-11,2.829939340018403e-12,0.0,0.0,0.0,0.0,0.0,0.0,0.0,0.0,0.0,0.0,0.0,0.0,0.0,0.0,0.0,0.0,0.0,0.0,0.0,0.0,0.0,0.0,1.4513939941511286e-09,2.5525985560082598e-08,3.2747531451664056e-07,3.4098173174049753e-06,2.868821008808621e-05,0.00019436514342141992,0.001056182427906497,0.004573668739051726,0.015657986262772306,0.0421537194866907,0.08941021097375113,0.15129621637016094,0.20963616401887442,0.24700897548356987,0.2582666046880075
0.0,0.0,0.0,0.0,0.0,0.0,0.0,0.0,0.0,0.0,1.4396400061216575e-09,2.7462791020916425e-08,3.638835374927312e-07,3.792070549387549e-06,3.141469991518642e-05,0.0002098545926252257,0.0011422120591747292,0.00508810859475368,0.018577193625017956,0.0557404802778337,0.1373886903223836,0.27287098337313037,0.4167603251352904,0.4722205353468779,0.3954860613952726,0.25789688845060954,0.13423696601802712,0.05587678288752891,0.018453688249806494,0.004851304744058322,0.0010316576820307971,0.0001805354110430588,2.6268816905936268e-05,3.186248676027058e-06,3.2028199865603755e-07,2.6192768249106425e-08,1.6863310389949048e-09,8.28341109021776e-11,2.9454823297710895e-12,6.245698298034556e-10,1.5131773153785535e-08,2.0512427110148078e-07,2.2534732325496367e-06,2.037923304194003e-05,0.00015031437796209977,0.0008878156637963406,0.004108798427773699,0.014730544749423107,0.04136583081971958,0.09378406248774565,0.17717050737326176,0.28566720184813404,0.4016333554726116,0.4954917068914063,0.5765699169543204,0.659401302231144,0.746500507463834,0.7740072749917799,0.7270428699946496,0.5833174644474316,0.39698598758995896,0.22778729798294967,0.10837164847174208,0.04171832320363777,0.012747848188466566,0.003065536139418038,0.0005807775403774279,8.721509436933763e-05,1.046442457833133e-05,1.0115802855882175e-06,7.907592991337549e-08,4.964620383152976e-09,2.5354535533546295e-10,1.0450502361264569e-11,1.2871943811900687e-13,0.0,0.0,0.0,0.0,0.0,0.0,0.0,0.0,0.0,0.0,0.0,0.0,0.0,0.0,0.0,0.0,0.0,0.0,0.0,0.0,0.0,0.0,0.0,0.0,0.0,0.0,0.0,0.0,0.0,0.0,0.0,0.0,0.0,0.0,0.0,7.015967756008031e-10,1.594355542375037e-08,2.1537411924858094e-07,2.32520478254694e-06,2.0517779433681033e-05,0.00014884957691493398,0.0008893735025287145,0.004378459630964166,0.01776088913705145,0.05943937865401682,0.1641477134552789,0.3713842225038464,0.6798965526866799,1.0091466958125632,1.307279139236824,1.5904594773595202,1.9186607641686189,2.3296015847749407,2.790424005501564,3.163667052640125,3.3746684409112393,3.361295145282459,3.0494495464136357,2.571224213656579,2.103423704730397,1.6852767489214062,1.4213951565977336,1.2477464482707088,1.091095261231591,0.8910452015742917,0.6715538580931247,0.47952185247857504,0.33832606955545186,0.2393272684135485
0.0,0.0,0.0,0.0,0.0,0.0,0.0,0.0,0.0,0.0,0.0,0.0,0.0,0.0,0.0,0.0,0.0,0.0,0.0,0.0,0.0,0.0,0.0,0.0,0.0,0.0,0.0,0.0,0.0,0.0,0.0,0.0,0.0,0.0,0.0,0.0,0.0,0.0,0.0,0.0,0.0,0.0,0.0,0.0,0.0,0.0,0.0,0.0,0.0,0.0,0.0,0.0,0.0,0.0,0.0,0.0,0.0,0.0,0.0,0.0,0.0,0.0,0.0,0.0,0.0,0.0,0.0,0.0,0.0,0.0,0.0,0.0,0.0,0.0,0.0,0.0,0.0,0.0,0.0,0.0,0.0,0.0,0.0,0.0,0.0,0.0,0.0,0.0,0.0,0.0,0.0,0.0,0.0,0.0,0.0,0.0,0.0,0.0,0.0,0.0,0.0,0.0,0.0,0.0,0.0,0.0,0.0,0.0,0.0,0.0,0.0,0.0,0.0,0.0,0.0,0.0,0.0,0.0,1.5312015415011325e-09,3.383318970975958e-08,4.926596610293922e-07,5.4120084583201564e-06,4.6141195632482996e-05,0.00031323764621997815,0.001715254836519968,0.007587776291666497,0.02704063823730476,0.07800694068317503,0.18725655561069215,0.3955193954844154,0.7848500130616484,1.5167940070528791,2.816356016214514,4.849496390456253,7.514209885656992,10.240245304002665,12.237273046264983,13.005765065223125,12.776305779046133,12.042527371235876,11.11711264169916,10.146887532319473,9.221657922068935,8.377176194143575
0.7875918850048477,1.2779847057893117,1.9964108825566003,2.9499553756092367,4.145664752843149,5.720127532169676,7.79637240029625,10.250333587898053,12.574765008156806,14.116552789784983,14.51145997253712,13.588890257896285,11.545547859898315,8.670013671946924,5.6515018941795505,3.132764848960627,1.452587109288011,0.5556263088094856,0.17425322576158256,0.04495069049721863,0.009624607711448725,0.0017209879234446447,0.0002545922482043438,3.0139661068857845e-05,2.726076377372877e-06,1.8388905413828165e-07,9.471033718667531e-09,3.8637904446450095e-10,1.1477869692461496e-11,0.0,0.0,0.0,4.045396862766658e-10,1.0962166000581446e-08,1.6012059817081593e-07,1.8912262431695343e-06,1.7951848231757513e-05,0.00013681770319230326,0.0008322572443033922,0.0039924899723924575,0.014964157188342295,0.0437706212299076,0.09987090850954344,0.1767685701399321,0.24190198460728285,0.2614440661978743,0.22426887136808638,0.15501132312937352,0.08620228686665797,0.0380996375718207,0.013186046192907357,0.00354388673732345,0.0008402668209458557,0.0012667854087012734,0.005392896750637069,0.02159933276988426,0.07063341143632629,0.19226575295658727,0.4431790138048918,0.8773337261251606,1.5125068759811766,2.3194863743798564,3.246324826589318,4.170845600549401,5.072227353652257,5.858060973332087,6.497838128910593,7.003058000616818,7.18822621267923,6.9041676181795175,6.237691878115073,5.118940525264877,3.9368047133929043,2.91481962495122,2.085325926291983,1.462404839354071,0.9681297027740688,0.6071602331050953,0.3519509221090077,0.18405020407130612,0.08633841289794918,0.0424400812110292,0.04828833400075656,0.12345037110457986,0.3090371915329977,0.6270191985286594,1.0084000376618492,1.294536494718602,1.3367970803773639,1.1278172663323143,0.791201232110261,0.4796785806977362,0.25445270001882336,0.1169797613823277,0.04523159595097129,0.014199746879862526,0.003533202294966457,0.0006899729356148156,0.00010568139736723599,1.2794142466621433e-05,1.238289390611631e-06,9.655467465243946e-08,6.085471023628799e-09,3.1044515132578534e-10,1.2926989612593697e-11,2.564198806663677e-13,0.0,0.0,1.824404781944317e-09,3.259013087444219e-08,4.4377925317227476e-07,4.875698979368275e-06,4.295667639976451e-05,0.0002954513673238469,0.0015445044885070314,0.006151914851509561,0.01924244110876359,0.048843392702744494,0.10235862345647186,0.17701378366412163,0.24908992126150145,0.2838551224118391,0.29692224614048607,0.3050940911043692,0.36397951111205035,0.49140804795803555,0.6837288327052082,0.9320287062386797,1.187583728081749,1.4070827910320283,1.4963325628412822,1.4328925045497785,1.2748639247767124,1.1100757006088737,1.0344250522437608,1.0492720971324911,1.0807037272927782,1.0477226537340028,0.961048124652319,0.8554416435150541,0.7415805407725174,0.6322780516726433,0.5311178745145215,0.44012293392518126
3.6886945235429502,3.9315007932306743,4.338039820862729,5.0669852282023085,6.302636436173613,8.059281725343883,10.240259240628346,12.508523341388452,14.573531579344998,16.151830819911567,17.03352401024561,17.088438568195787,16.456954941608636,15.096370792836206,13.220999350408142,11.008680004060418,8.613166780858734,6.208378693107351,4.026369265208837,2.293632802175925,1.1220244354776099,0.4592562620103002,0.1535367631508073,0.04140455340321028,0.009012890254557558,0.0015840457313058176,0.00022390993078845014,3.5729278663157744e-05,9.517856784310055e-05,0.00063784352568821,0.003497291701139458,0.015455687145206683,0.05505058626605528,0.15458897973847788,0.3304623738162459,0.5326253832623007,0.6586602147498216,0.6477905707867905,0.5502722109978131,0.4149371903540588,0.3178787490690186,0.2833110521685321,0.30359883005192273,0.3546008339201423,0.40127499915834236,0.4062015174117087,0.38277136531980405,0.36748556794464243,0.4643468055444925,0.6934309288230659,0.9772749410422998,1.2065347936527122,1.317225043939273,1.28012399339092,1.1320241960817188,0.9356998591207575,0.7422857253087195,0.6140494632571418,0.6335026629173093,0.87955879124161,1.3906995374044717,2.144036410350165,3.0633073112152855,4.052561246538589,4.984703113766602,5.663551443211016,5.907316242805859,5.575177941669998,4.911297218396546,4.258060962258641,4.03489436914773,4.349044261097655,4.8811239887762445,5.044031431608561,4.664785422556696,3.7466756174202414,2.5889247250176877,1.5333472802846504,0.7667445529673171,0.3232717996591097,0.11456144773842485,0.03394716254931416,0.008466851810548912,0.0024755625173250146,0.004505986844029871,0.01678532261462785,0.05314254205057709,0.13989571604128806,0.31946696333809116,0.6670975848545152,1.3322441579726412,2.570183623451845,4.615236065824634,7.422070592148488,10.57429184014232,13.382080508446476,15.020563558299521,15.127025195320725,13.494278834551547,10.682244234272515,7.451491761060705,4.650793963369724,2.6071457730565992,1.321251536514592,0.6086900841592677,0.2550940177157595,0.09628240223721982,0.03221797277786301,0.009413168799248438,0.0023522920804196867,0.00048624446353905836,7.997106379845453e-05,1.015277643192465e-05,9.822019780166726e-07,7.259867063359665e-08,4.1818346872745245e-09,1.9560388172306304e-10,7.735565578841549e-12,9.791349148452067e-14,0.0,0.0,0.0,0.0,0.0,0.0,0.0,0.0,0.0,0.0,7.835172327752031e-10,1.523722970421653e-08,2.0799437449007345e-07,2.343350077350947e-06,2.11988459282881e-05,0.0001504026594011566,0.00082623330301858,0.003507264428764516,0.011518193587074265,0.02922174690230187,0.057456210895279865,0.08952184237274034,0.11539714927596668,0.1292753981070286,0.13143800125081373
0.0,0.0,0.0,0.0,0.0,0.0,0.0,0.0,0.0,0.0,0.0,0.0,0.0,0.0,0.0,0.0,0.0,7.56153706665966e-09,1.280393568359729e-07,1.7323701416350106e-06,1.9005709547724563e-05,0.00016900886688689664,0.0011827703341318592,0.006205075835847866,0.023899883944052597,0.06954913703656082,0.15860151260676716,0.28654470734014403,0.4070741630970435,0.45062645832874215,0.38680036714875077,0.25735001353081877,0.13372730040346628,0.05498035534423754,0.017985432265455206,0.004641010515042414,0.0009330486235637058,0.00014592722298917504,1.9457979630345885e-05,1.996312417824467e-05,0.00015661815726907376,0.0010361697696202757,0.005304574245452108,0.02109657080277092,0.06560240846262447,0.1607069215754412,0.3122239501060574,0.4813842115920308,0.5818938443816372,0.5374073683687685,0.37001439950740267,0.18995735719303766,0.07446350659242974,0.022778977387971584,0.005494536930161914,0.00119230390706928,0.0011433696858159643,0.004885980122861275,0.01908383577486176,0.059684759628037744,0.14721526630748794,0.28221577673026543,0.4169278217496279,0.4735832413253241,0.41274020120623833,0.27482332421364813,0.13976649780396927,0.05485797710346443,0.016900577593826134,0.004151124459885339,0.0009209556730369857,0.0008336098278657448,0.00360113012303706,0.014820980482844578,0.049513626584213585,0.13037810720380733,0.2645698704198831,0.4126027582189266,0.5035933671359307,0.5074693224030817,0.48577328718351537,0.5427048246983146,0.7465148262709607,1.1298591795794048,1.706900356389541,2.40635330536761,3.051864403243247,3.5314829112420667,3.9025591613933748,4.2783859679453276,4.626957894705627,4.746278614274061,4.489144800288662,3.9383490749429697,3.3180728213987214,2.821799677618871,2.536821998839394,2.4401080264189243,2.418331746393713,2.3005847285985985,1.9443717390822357,1.3747873599260338,0.7842388221821238,0.3536863144337197,0.12498862377211198,0.03547514699761369,0.01103521587227833,0.01348145614007135,0.03692702389576988,0.09208167009789832,0.19125846772876146,0.33181937554270674,0.4911159857064152,0.6511176473392405,0.8221279951405303,1.0078936790419304,1.1688820230385542,1.271257828527889,1.3255072655790197,1.3348089622316583,1.2715963991150763,1.1300451850925086,0.9468766976367122,0.7530469018057672,0.5481534495372722,0.3496006577956331,0.21391263149256967,0.18062154555734627,0.2305298737144502,0.2997215405822591,0.3227551677862036,0.2761263511031139,0.18729600407658403,0.10124632793525372,0.0438653984638707,0.015255182728420798,0.004222513972706695,0.000912679945171672,0.00015139520543062205,1.9322843219343632e-05,1.95199022276276e-06,1.6296577676987715e-07,1.1758535596589897e-08,7.622424611494197e-10
0.3128468556505061,0.25033279083774274,0.23329109724682656,0.3238290192734232,0.5775094541236309,1.0572877669219358,1.8604662350612315,3.124711760238648,5.005961425981627,7.63691578052691,10.972839217635883,14.492794377276345,17.099829883054575,17.61476261796243,15.693195451475386,12.167576088235736,8.306103125175143,5.0108044294591645,2.650759476751314,1.2109979369750306,0.46874187202279655,0.15050939227658394,0.03915478344290735,0.008100578358232548,0.0013410855067004436,0.00018109952879234893,2.0574399384521172e-05,1.0168658278040755e-05,6.972765923082239e-05,0.00043047855531495047,0.0020861039951388044,0.008060523263538986,0.024813021030281383,0.060638476555878694,0.1180730171944772,0.18502798381444938,0.23466303996083618,0.23868697342949372,0.19044741944497384,0.11654223787973812,0.05391818926563462,0.018714077134709038,0.004872668655713829,0.0009646241905670499,0.00014843632555006092,1.806536141170931e-05,1.7508465744047098e-06,1.3515304821149373e-07,8.25390058913024e-09,3.8967965683307334e-10,1.3722218894236553e-11,0.0,0.0,0.0,0.0,0.0,0.0,0.0,0.0,0.0,0.0,0.0,0.0,0.0,0.0,0.0,0.0,0.0,0.0,0.0,0.0,0.0,0.0,0.0,0.0,0.0,0.0,0.0,0.0,0.0,0.0,0.0,0.0,0.0,0.0,0.0,0.0,0.0,0.0,0.0,0.0,0.0,0.0,0.0,0.0,0.0,0.0,0.0,0.0,0.0,0.0,0.0,0.0,0.0,0.0,0.0,0.0,0.0,0.0,0.0,0.0,0.0,0.0,0.0,0.0,0.0,0.0,0.0,0.0,0.0,0.0,0.0,0.0,0.0,0.0,0.0,0.0,0.0,0.0,0.0,0.0,0.0,0.0,0.0,0.0,0.0,0.0,0.0,0.0,0.0,0.0,0.0,0.0,0.0
0.0,0.0,1.9769087728911605e-09,3.5343691555462435e-08,5.01594912740713e-07,5.561499225049084e-06,4.7378515016519184e-05,0.00030966036038055955,0.0015655994793111548,0.00618756224325709,0.019320624755896822,0.048114165221355185,0.09614634399427775,0.15488560072056337,0.2015188264149228,0.2202493571526974,0.2279578970750087,0.2570973186295693,0.346555286914396,0.512790713090878,0.7358358181318341,0.9797611335040258,1.1927673726096235,1.373756137647241,1.4960537535886822,1.5265494292600512,1.4207901694052272,1.197133986599828,0.9191362895419314,0.6455862181102076,0.41326703023421174,0.23632283361983947,0.11725995562809435,0.049129736278073995,0.017196626696636692,0.005655710983009745,0.0044937798141865505,0.011868522108063714,0.03395886578996714,0.08196643924028316,0.1645376172415226,0.27925746147338654,0.4131527877659146,0.5548249077128486,0.7159984387327821,0.8621807170831796,0.9634467466158056,1.0002554528751948,1.0067479869060239,1.0776424531451734,1.3587766947860547,1.9382936622429099,2.830940729660102,3.878036324231489,4.8085506239069,5.319519149658616,5.245556973778882,4.673529600778245,3.86917031530068,3.0640467490313084,2.3677941023243334,1.7796982408925281,1.3057959801465313,0.935860453550078,0.6991747589337607,0.6158827084857146,0.6565181706847254,0.7629676557786303,0.8722047439516769,0.9598006008863342,1.0270391151395342,1.0787051411640143,1.13999677272898,1.2254518215529153,1.39062347455694,1.7326593041197278,2.294658434491926,2.9771488821473095,3.597629426551144,4.065388784098504,4.447085657663928,4.85814770919689,5.492910911341848,6.383961978726659,7.604404846725124,9.009631109130575,10.158963775093529,10.480718097230888,9.587209024778199,7.686756116694428,5.242786019375066,2.9802457357460272,1.3919729801384857,0.532258625021355,0.16764388308304626,0.04399672959585797,0.00978265771985513,0.002116103109748786,0.001873520572159362,0.00697495205087653,0.023065840976736814,0.059160254045165464,0.12215960778731356,0.2107215730970439,0.30896623337314366,0.3850837513879836,0.40928337539248194,0.38108629368467983,0.3014672124702073,0.20902050969034675,0.12616808350379655,0.06523188733621309,0.028204188753938143,0.009901723562765523,0.0027371050921008856,0.0005905000450547268,0.0001603218649016646,0.00041068584972896405,0.0018927659884613933,0.007028384132549472,0.020750871699556247,0.04933332729929292,0.09511519324994745,0.14875771008902278,0.18589336691779074,0.19329538415683856,0.19512320238953668,0.23917824587936126,0.3838847253417913,0.6282761230489733,0.8801128345416706,0.9981813667685229,0.9736301064630387,0.84332414085882,0.7919507305162549,0.9468592622595169,1.3511432141927866,1.9708432449742666,2.6672548895420585,3.23849673731308,3.6053350928354604,3.843727053193722,4.02563956282171,4.1957002069477065
1.3998212025277694,1.1312205674056677,0.8635830579760189,0.6186518092057763,0.41890636188744307,0.2890080437823427,0.25917191389360184,0.322794937139793,0.41175833302716436,0.47462379991428055,0.4943385655539362,0.5156231170291369,0.6018779237464278,0.8192518577573885,1.1564628621160788,1.5541243223613392,1.9109684428122828,2.2697503244694723,2.6725068433517167,3.1194889246879036,3.4976203650467212,3.6381650556702376,3.5022970018813906,3.190517993937264,2.695558397012506,2.0688593266230164,1.3700711288889198,0.7572709253139972,0.34625475371613906,0.13221505047555257,0.045264557813106523,0.027844566528910052,0.056836671602255175,0.13723229256728203,0.26673240808898335,0.4243650310847585,0.5736495722982115,0.6669377516414718,0.6720691638324572,0.6079635210485653,0.49793272803068334,0.38660201244187326,0.2893569115402393,0.19980491985286236,0.11791774958657704,0.058028129459371955,0.023227973679066077,0.007443769376979885,0.0018902298377504307,0.0003768129250434235,5.834449190255718e-05,6.993831137213131e-06,6.572178542000908e-07,4.929817363794915e-08,2.9649444486618113e-09,1.4083283049847389e-10,5.1672355666439955e-12,1.1085623182119552e-15,0.0,0.0,0.0,0.0,0.0,0.0,0.0,0.0,0.0,0.0,1.0126532415072477e-09,1.8778212250131217e-08,2.560156969360017e-07,2.804688447006487e-06,2.446825024617265e-05,0.00016870100484297942,0.0009197017947270407,0.003994313244482389,0.013910816494450987,0.03881165312162813,0.08618176056303946,0.15167999974863586,0.21102345245752394,0.2349851902100888,0.2097950304832858,0.14557276940605746,0.07949051500855508,0.03403792947317553,0.011420082100889548,0.003003943322195034,0.0006211074906385717,0.00010140975954522103,1.3102040520843226e-05,1.338306866585049e-06,1.0824000032986835e-07,6.9735616068764535e-09,3.6093999664151844e-10,1.5179942883151296e-11,4.3302704209244035e-13,0.0,0.0,0.0,0.0,0.0,0.0,0.0,0.0,0.0,0.0,0.0,0.0,0.0,0.0,0.0,0.0,6.6350427859005445e-12,3.5050211927669536e-09,5.976565736533066e-08,7.864405065727013e-07,7.968079221517691e-06,6.319157356078921e-05,0.00039579644395269195,0.001967933374061905,0.007817609381232105,0.025131403255240253,0.06647041084343948,0.14660506216392935,0.27185549622002164,0.42591128763941705,0.5840679522045656,0.7421134226207634,0.9478693866204868,1.2164375179531641,1.5175985785183932,1.7855029745342534,1.8892357772969164,1.8066080761690326,1.593402034667565,1.3585147513714928,1.2006005252610332,1.242503934221118,1.4792765316176129,1.7791945525954134,1.9925431685637345,2.107785657235884,2.154874622771447
0.03021501904731318,0.07327614116558936,0.15794634436479296,0.29234934609549945,0.46465589909847616,0.656120459872772,0.9125251014729026,1.3536685523152154,2.1413715713420194,3.388969020970727,5.121772823650594,7.211815004096477,9.505520118606942,11.872016367442592,14.20633047187908,16.239892594414687,17.40522581629397,17.438632917601357,15.645867791954448,12.364939325175502,8.431689428932046,4.944769644129001,2.5085460521558836,1.1078641184146534,0.4280606814317395,0.14528923266934385,0.04341426809797362,0.011371403585748443,0.002569078743583539,0.0004915320517930175,8.558413618685732e-05,7.479733712134588e-05,0.00043239621147902986,0.0022607961702186857,0.009388101893860938,0.031090662874950954,0.08153326847614159,0.16724849959003427,0.26967771015797715,0.34119975340545095,0.3702638552595401,0.3505491070111006,0.30040457893819433,0.2384834798718572,0.1761953227278275,0.10934377886334275,0.05519946227913282,0.021859164978473917,0.0066878873822998714,0.0015779106703914351,0.0002885772583408197,4.137459174682314e-05,4.735182032843032e-06,4.413970009645082e-07,4.2651329158729784e-08,1.3795246963055133e-07,1.680285341190126e-06,1.620081267101553e-05,0.00012116712572671031,0.0007188544625340947,0.003453313641625537,0.01357752070171564,0.04384322054318372,0.11586631165364536,0.2487466586178698,0.4337870163848826,0.6203759384384999,0.7496176140411742,0.7833787426424396,0.7211352605010031,0.5943967578482955,0.4332413544726065,0.277471992123323,0.15234468043197272,0.06966180423475576,0.02587665466303645,0.007711969004041768,0.0018458860678459686,0.0003568766601515671,5.574240630542949e-05,6.987339230377153e-06,6.977271853537467e-07,5.519299140003214e-08,3.4274426496771546e-09,1.6406726173412812e-10,5.9771626032808926e-12,2.843536163494354e-15,0.0,0.0,0.0,0.0,0.0,0.0,0.0,0.0,0.0,0.0,0.0,0.0,0.0,0.0,0.0,0.0,0.0,0.0,0.0,0.0,0.0,0.0,0.0,0.0,0.0,0.0,0.0,0.0,0.0,0.0,0.0,0.0,0.0,0.0,0.0,0.0,0.0,0.0,0.0,0.0,0.0,0.0,0.0,0.0,0.0,0.0,0.0,0.0,0.0,0.0,0.0,0.0,0.0,0.0,0.0,0.0,0.0
5.7546671612447865e-06,4.061318191554724e-05,0.0002604569675857073,0.0013671899097897214,0.005704317028805806,0.018607033518781714,0.04733034695965347,0.09461871656925779,0.15213451394647937,0.20816943410207597,0.2686556246726159,0.37146446052164067,0.5601818142889907,0.8684317854598914,1.2956553683506677,1.767040125824256,2.1423122680601274,2.289604181496471,2.141339929221378,1.692563956604967,1.0809494114862144,0.5627587708270998,0.24475626160399994,0.09297068095874227,0.037462233894703614,0.03347400598431712,0.062421536320820335,0.11064278568300304,0.15609606254059455,0.17580908411546153,0.1600786900842361,0.11898265246832859,0.07137699060251204,0.03556205246253317,0.01879556710322777,0.022139504758366044,0.047049564349212744,0.09104362003740692,0.14127182166302296,0.17855963847805884,0.209472642088176,0.2396006615828532,0.2722872804872303,0.28661952491511905,0.26781640094156717,0.21183995530797914,0.13587435399712128,0.070978569076841,0.02959568557371599,0.009590766492355404,0.0023725112375138965,0.0004524419371017212,7.511257688458881e-05,7.870222247527704e-05,0.0005289171946972407,0.0032981589551818505,0.016428621222150313,0.06519206521635809,0.20847116609710245,0.5510759457502512,1.2446165738329225,2.4892127454109128,4.53656034262759,7.620013821722179,11.72984759858298,16.380708537672316,20.6950874605146,23.900795579459622,26.034527617969967,27.121134781092543,27.631138680002323,27.4256203163912,26.67845046655942,25.2590090415364,23.282561644089768,20.852235450850806,17.930159148133516,14.563902052976905,11.078114188625614,7.841041789491085,5.136972277437582,3.113292809002929,1.7464286432427194,0.8892850625066538,0.3952924677268468,0.1473393582335954,0.04487949115860507,0.01110343090585102,0.0022353733764592758,0.0003666989734287825,4.9001417013229125e-05,5.325874863871823e-06,4.695957693233604e-07,3.350707540256801e-08,1.932953711328693e-09,9.061862666860871e-11,2.8243618903841948e-12,0.0,0.0,0.0,0.0,0.0,0.0,0.0,0.0,0.0,0.0,0.0,0.0,0.0,0.0,0.0,0.0,0.0,0.0,0.0,0.0,0.0,0.0,0.0,0.0,0.0,0.0,0.0,0.0,0.0,0.0,0.0,0.0,0.0,0.0,0.0,0.0,0.0,0.0,0.0,0.0,0.0,0.0,0.0,0.0,0.0,0.0,0.0
0.0872397723280401,0.0690677304713462,0.04526033008416016,0.023307219786227858,0.00917219227176137,0.0027955330119537308,0.0009726632912826292,0.0019233189904923399,0.007616066888256811,0.02538399562204527,0.06850261775565902,0.15227533641822036,0.2828675848509648,0.43877783977808493,0.5566892144143677,0.576750356929168,0.49486436809293793,0.3454968348322132,0.20019156721829545,0.09551002430084969,0.03680413706451866,0.011328576901471377,0.0027988745484708354,0.0005621985775535002,9.206128676197546e-05,1.2067851656697547e-05,1.2311694810962313e-06,9.636483441179381e-08,5.832665274478721e-09,2.842840457408979e-10,1.1458009824591283e-11,1.1534897285335551e-13,0.0,0.0,0.0,0.0,0.0,0.0,0.0,0.0,0.0,0.0,0.0,0.0,0.0,0.0,0.0,0.0,0.0,0.0,0.0,0.0,0.0,0.0,0.0,0.0,0.0,0.0,0.0,0.0,0.0,0.0,0.0,0.0,0.0,0.0,0.0,0.0,0.0,0.0,0.0,0.0,0.0,0.0,0.0,0.0,0.0,0.0,0.0,0.0,0.0,0.0,0.0,0.0,0.0,0.0,0.0,0.0,0.0,0.0,0.0,0.0,0.0,0.0,0.0,0.0,0.0,0.0,0.0,0.0,0.0,1.453125766010405e-09,2.639329077213509e-08,3.18996343851273e-07,3.2178754844452977e-06,2.7066140164058597e-05,0.00019006597707758524,0.0011159295327906825,0.005457114795443054,0.021814213453096316,0.06869190480960044,0.16425350613038397,0.29648030849181994,0.41369929954604157,0.45923386806451527,0.4065155999293567,0.2885089821009415,0.16707233636858038,0.09265745502792477,0.08845844244268064,0.11961762246939978,0.16997877803718806,0.2017766372206539,0.19429814381017116,0.1542572502907184,0.10071895466457388,0.07076009397126357,0.09805321377932871,0.17770146599028222,0.3255113416787358,0.5118181542835987,0.7163115837874057,0.9545579590307,1.2924494265662836,1.8631755118361966,2.821166344426263,4.210811934143541,5.974753480155398,7.797582509452845,9.141939663785397,9.722059962488947,9.520854956694501,8.819407291359779,7.943078661811667
0.6037367372352485,0.4286859361715041,0.25881739824504,0.12450155570307195,0.04617833442322881,0.014805202476713178,0.008550849941734068,0.018381941135197002,0.043922835434373184,0.08488787846929105,0.13322258605084483,0.17528566431639794,0.21431556634912402,0.2672359357713041,0.3466083295941854,0.44805155293650767,0.5779687645280898,0.683088547677186,0.7079290968814158,0.614464615013919,0.42392099261721244,0.23270710695268826,0.10476379862493086,0.03915222706378576,0.012108864359216768,0.003063961007083456,0.0006904334393349669,0.0005673385839684091,0.0023382045919588795,0.008961688170204188,0.027384913352820634,0.06704799904147396,0.13052272536426016,0.199805473671406,0.2365700312545796,0.22154135827690596,0.1674954171671678,0.09899696000831684,0.04586374762854513,0.016692285991181506,0.004827674949567748,0.0011224374041159154,0.00021102137582232499,3.2091904502349804e-05,3.9380219465357424e-06,3.880274038687412e-07,3.0431459743702366e-08,1.878016210694505e-09,9.03194153833663e-11,3.2685471082744e-12,0.0,0.0,0.0,0.0,0.0,0.0,0.0,0.0,0.0,0.0,0.0,0.0,0.0,0.0,0.0,0.0,0.0,0.0,0.0,0.0,0.0,0.0,0.0,0.0,0.0,0.0,0.0,0.0,0.0,0.0,0.0,0.0,0.0,0.0,0.0,0.0,0.0,0.0,0.0,0.0,0.0,0.0,0.0,0.0,0.0,0.0,0.0,0.0,0.0,0.0,0.0,0.0,0.0,0.0,0.0,0.0,0.0,0.0,0.0,1.180871000921988e-10,5.4203010505650445e-09,8.438057117815571e-08,1.036134768361341e-06,1.0047777593353292e-05,7.784246912391246e-05,0.00048127546603363825,0.0023497917947599644,0.008978306353578379,0.026682309065339905,0.06192258601879934,0.11382518208077039,0.16876037462164425,0.20152013354545883,0.19381991156907025,0.15212630861751655,0.09210442008605034,0.043276111190190744,0.015897178189351945,0.004628070129509656,0.0010789510130198366,0.0002322813350548222,0.00025985607159419323,0.0012904348655600154,0.005911299447581045,0.02281928485972359,0.07522818571404538,0.21268996874200918,0.5112545576311822,1.0282878338231165,1.7196186810028729,2.459651367078932,3.1292304667994015,3.685337439672316,4.116526483978941
0.8753591359675154,0.748215513398578,0.5692766324097522,0.382863484404114,0.26438366360816556,0.27358622095790713,0.41306934408015045,0.6240629528604922,0.8245024316644656,0.9550932305830809,1.1296829762068983,1.5189008982359484,2.4023737969862036,3.8607485184983967,5.723285170781153,7.519827721694678,8.757761902854961,9.29417626633681,9.314715865432046,8.900451622478435,8.255040088453093,7.220408657456616,5.8397205548383155,4.136325452734976,2.4483061346367316,1.2215230498283127,0.5781632578146026,0.335145302333969,0.29447550668669153,0.3138797948524056,0.34021420305949907,0.3496172355278534,0.35142281963980887,0.3512856049441818,0.33996524460763194,0.33892987536656344,0.3646780231737067,0.4037627540433159,0.4039042825711397,0.3588303253492851,0.2572102924403101,0.14685331112418923,0.06349389662564074,0.020224117751390144,0.004726882398065382,0.000816170500812331,0.00010702319597576179,1.1222197656565667e-05,9.902284994493082e-07,7.530227575546057e-08,4.8789216965199156e-09,2.6117263023943634e-10,1.131180642734188e-11,1.2915037351357777e-13,0.0,0.0,0.0,0.0,0.0,0.0,0.0,0.0,0.0,0.0,0.0,0.0,0.0,0.0,0.0,0.0,0.0,0.0,0.0,0.0,0.0,0.0,0.0,0.0,0.0,0.0,0.0,0.0,0.0,0.0,0.0,0.0,0.0,0.0,1.0795793545464811e-10,6.707384227821076e-09,9.974319736221362e-08,1.1932253121127183e-06,1.1395597200712761e-05,8.795650741261972e-05,0.0005548169690492961,0.0028578218480726,0.01179895877153319,0.03821730554158182,0.09705119281208535,0.19767394847772934,0.33241870990554334,0.4675393159990717,0.5679376909976102,0.5916567436973036,0.5208013759501139,0.3963299625471684,0.2800580135782765,0.2293591641088422,0.31711632835696446,0.5419037023266509,0.8855369540282652,1.2432658524567164,1.4930330802349208,1.5541803308909783,1.430653565335594,1.1460866991998746,0.8044203473574307,0.481092414192969,0.24253660887411688,0.10202779735387278,0.035331912935099116,0.009901356291582123,0.0025647643813240324,0.0013782994023896693,0.004643988929080371,0.015924927653785094,0.043676493470854505,0.09473852243926005,0.16314220612738523,0.22502705854355468,0.24830936740812526,0.22644772631893542,0.15452467134798514,0.08101198478927922,0.03815200559052197,0.0341361761490033,0.07026586833532648,0.1466459886170594,0.24698395716089805,0.33668382381967144,0.38658881933618866,0.3935478786289349,0.3654192285414783,0.3200165623679467
0.21588415547027526,0.24683145556151792,0.25098340904103145,0.24803414567171958,0.2840175365908741,0.41951877893900985,0.7286944444268939,1.2994385820893464,2.2096674123690887,3.4965422674603848,5.077045736867871,6.641099889089808,7.788604464577524,8.164477265388568,7.6581986887951725,6.277379205057892,4.547528267025522,2.8489593906013018,1.5443049306119503,0.7177788488345951,0.28387169693747183,0.09488050391368738,0.026399744467940245,0.005912553055877655,0.0010251817659794255,0.00013687407728423122,1.4664396595744717e-05,1.4879332522377216e-06,2.5533961231678332e-06,2.3262931444240797e-05,0.00017137810432457074,0.000979272070459386,0.0044019351868081645,0.01589754431402384,0.046769505716203086,0.11234342313076812,0.21935490498326954,0.3464501458914562,0.44013872402320164,0.4615666751735612,0.40014707671579963,0.30906927120004085,0.25252579042263446,0.2362956872815718,0.22529560272664226,0.1889964156007668,0.131277153832673,0.07384934642905557,0.0327711850201542,0.011240252414787296,0.0029744442861133185,0.0006142496193133845,9.992338932082467e-05,1.2838435995380217e-05,1.3027318474179896e-06,1.0456549188591143e-07,6.680925892902254e-09,3.4355948541873256e-10,1.4422778962818434e-11,3.308852967103804e-13,0.0,0.0,0.0,0.0,0.0,0.0,0.0,0.0,0.0,0.0,0.0,0.0,0.0,0.0,0.0,0.0,0.0,0.0,0.0,0.0,0.0,0.0,0.0,0.0,0.0,0.0,0.0,0.0,0.0,0.0,0.0,0.0,0.0,0.0,0.0,0.0,0.0,0.0,0.0,0.0,0.0,0.0,0.0,0.0,0.0,0.0,0.0,0.0,0.0,0.0,0.0,0.0,0.0,0.0,0.0,0.0,0.0,0.0,0.0,0.0,0.0,0.0,0.0,0.0,0.0,0.0,0.0,0.0,0.0,0.0,0.0,0.0,0.0,0.0,0.0,0.0,0.0,0.0,0.0,0.0,0.0,0.0,0.0,0.0
0.11038556460257547,0.18343153211324553,0.2741155554284966,0.36352827302931207,0.4334529315013365,0.507159194248018,0.6385446037827921,0.8607847453345154,1.137093068356955,1.4045094750352063,1.6377311495483255,1.8176000459480148,1.988487965091514,2.085726631242259,2.0522957604802166,1.8445710726494187,1.4383495990810802,0.9329431250049953,0.4878090472165693,0.20498416578275283,0.06959043323378945,0.020378938034095184,0.009965384657513067,0.019417904267831555,0.047672598684863746,0.09604705925464604,0.15612279533894183,0.20510425637184632,0.2336084843563349,0.2441241586330394,0.24578432744388617,0.23474289988837657,0.2114749056195519,0.1688990057082282,0.13726640273923982,0.14570644243791503,0.19754569820104134,0.2610435663748985,0.2893194107857168,0.2616926583416669,0.17913278113509176,0.09434772069756682,0.0384700884217826,0.012356982843211762,0.0031694871449884834,0.0006527492691763934,0.00010732743431400045,1.3753825596038234e-05,1.3265442145951283e-06,9.515241561096066e-08,5.232426949750886e-09,2.3116018859130943e-10,8.486880102082795e-12,9.242193060515801e-14,0.0,0.0,0.0,0.0,0.0,0.0,2.8901746614907394e-09,5.5021626704308744e-08,7.913140205473602e-07,8.83204666559542e-06,7.60954880485948e-05,0.0005043254736119389,0.0025313130460498092,0.009430217755138711,0.02625745027853072,0.05752039008761615,0.10680252519422288,0.17824394213866582,0.27172071349813454,0.36267686740227,0.43391400622216647,0.4383596748581702,0.3851230278374692,0.29575978968110084,0.18956688966635138,0.09851231417121716,0.04003396189498981,0.013146187256185812,0.006080739714156692,0.011254582353271078,0.029599743819895552,0.06386733508979135,0.10729954890882153,0.1403801803317169,0.14925852652912786,0.12849811637121752,0.08993269906609296,0.05076745134671018,0.02264274155354611,0.008426171631516826,0.005677147688226017,0.015142363035257173,0.04529782223989824,0.10579920789462707,0.1985163484718442,0.32105120505746343,0.46785876045629593,0.634803430625804,0.7953608285989715,0.9254201091915647,1.0133948822657626,1.1282624790162106,1.312069630215813,1.612810790223744,2.027146678327723,2.597932430688577,3.3761859731942097,4.5586757796948385,6.042826980362356,7.463659834343236,8.388128927927236,8.377103812912827,7.538153100769269,6.071055305211129,4.575518801969327,3.3569785024800227,2.4325989571869107,1.701756399253561,1.0957513516193171,0.6642597462004477,0.4436423306719426,0.3619018747450485,0.3158344893226911,0.245218200207432,0.16392442357389475,0.14066344797558838,0.260944354812898,0.6707097685123535,1.5924354885491225,3.123173743458836,5.1479772765304235,7.339209521843535,9.26790419562171,10.458947050693995,10.674432950636964,10.049450628087518,9.044820357995494,7.99899745698489,7.057424905589451,6.248572293772163
3.685001457800039,3.786102932463861,4.352231384022926,5.556724706928438,7.595993922664502,10.554067747968874,14.253799098678726,18.345734938899408,22.32949816800828,25.794659084917466,28.132005273486843,28.798709517227184,27.487838351258496,24.54981917949655,20.55559537391557,16.394393517132148,12.52373130991272,9.0645944194289,6.050126715509528,3.6361394143543047,1.9475579905582394,0.935960691152547,0.41492061413032827,0.18684526598555587,0.12122201206867046,0.15303420254115735,0.2545925140608383,0.4083283478152106,0.5893427798081257,0.7581459640136158,0.8632076314182177,0.8385629339447819,0.6815480174685812,0.4689939186349207,0.30456430992660805,0.2410286417792313,0.29510879510568083,0.41670410756800574,0.522744921558911,0.5222497903971044,0.4339847686637259,0.2727576512924615,0.13391424354225193,0.05187810045015327,0.01606214539309963,0.0039966436924716965,0.0008027077915064129,0.0001609829250626654,0.00025407413529648123,0.001402401849472582,0.00668944907230039,0.025916498718659586,0.08211786325526567,0.21592787991479595,0.48072870907393933,0.9307847217769678,1.6202781375696065,2.6173511470870783,4.0067519326231915,5.872163213417994,8.246470246692063,10.936531875025688,13.218820768856267,14.3492663363823,13.5006908449856,11.208547503866315,8.079952797706834,5.043087583206824,2.7957907331972955,1.434855091590496,0.7335076832100551,0.38548549241070124,0.2191957594270048,0.16828585262569976,0.21999769168823513,0.3509152252315137,0.5083637638475887,0.6322427411864779,0.6642777298776437,0.5829261434757377,0.42723813744233163,0.2564845292051713,0.12688586982828173,0.05138357810836463,0.01687337308021895,0.004425094892756192,0.0009129973609093264,0.00014816232131524573,1.9088055512974654e-05,1.9734237663189406e-06,1.6522498164594728e-07,1.1294804243324524e-08,6.335313021611907e-10,2.9248894874328386e-11,8.170840470434373e-13,0.0,0.0,0.0,0.0,0.0,0.0,0.0,0.0,0.0,0.0,0.0,0.0,0.0,0.0,1.2003566633318574e-10,5.702329527803314e-09,9.845220109608682e-08,1.367880293577663e-06,1.5063053708343075e-05,0.00012763300708107267,0.0008274295500357838,0.0041689236176073825,0.016715407893044956,0.05414355008832101,0.1425030227703882,0.30433489241585515,0.5273075364443951,0.7380488966864245,0.8675321933937982,0.862775134819946,0.7560704000237622,0.6521327880118521,0.764654478899905,1.334415782581248,2.6897959783032652,5.03337008282614,8.250897633609704,11.85249580928299,15.08988720607131,16.96570744521294,17.044039131775882,15.491403751544928,12.995659798817826,10.588823801357162,8.64942784683514,7.245616842004216,6.255659532774561,5.561398605338965,5.080615759222115
0.4115056118024177,0.7946498288954753,1.3997800472183743,2.230846160616864,3.266516415696409,4.490999428538877,5.850899025303173,7.219937560269137,8.567971070869742,10.262397364484611,12.681435855627427,16.21900104741734,20.750088579770225,25.316655632901863,28.31070419327521,28.882213609963646,27.14659732408925,23.24176454277272,18.028342790513495,12.496480267132677,7.577520794824716,3.9675604214304028,1.7749306966289964,0.6734275046257266,0.21415099729045226,0.05598260513725769,0.0118383014968761,0.0020144407251542974,0.00027531603629557804,3.280207127896562e-05,2.700831508271645e-05,0.00019149265421331755,0.0011919367012985659,0.005925814959765489,0.023956077807707588,0.07957539794973224,0.21642786953759716,0.47550543942929907,0.8384312781332073,1.1941718504896972,1.4420220187883714,1.5598086951728831,1.4905029474370937,1.3197847061788828,1.082311619875662,0.840661753720351,0.6559421267470238,0.4895197258871264,0.3384260036039541,0.20388495334426976,0.10223348699799892,0.04146745118840441,0.013398868947541444,0.0034163072789096444,0.000681311208323998,0.00010556390818201834,1.2695213526961925e-05,1.192945924625166e-06,9.012530203682366e-08,5.6264573431954076e-09,2.954182004504399e-10,1.3113281286672575e-11,2.5626696197977937e-13,0.0,0.0,0.0,0.0,0.0,0.0,0.0,0.0,0.0,0.0,0.0,0.0,0.0,0.0,0.0,0.0,0.0,0.0,0.0,0.0,0.0,0.0,0.0,0.0,0.0,0.0,0.0,0.0,0.0,0.0,0.0,0.0,0.0,0.0,0.0,0.0,0.0,0.0,0.0,0.0,0.0,0.0,0.0,0.0,0.0,0.0,0.0,0.0,0.0,0.0,0.0,0.0,0.0,0.0,0.0,0.0,0.0,0.0,0.0,0.0,0.0,2.4882815415046563e-09,4.2900084881492114e-08,5.482638051111008e-07,5.5830548415275626e-06,4.544294367467397e-05,0.0002969441169172246,0.0015604475823273855,0.006577710784803869,0.02208437719814257,0.058422598409795766,0.12056978082584062,0.194139521634396,0.24393289572404678,0.25294635468680815,0.20912509561671364,0.13853638878049193,0.07375435472289495,0.03201407370265564,0.0117340894148481,0.003789421760812523
0.0,0.0,0.0,0.0,0.0,0.0,0.0,0.0,0.0,0.0,0.0,0.0,1.2931987835549263e-09,2.5381853214780918e-08,3.319256444656053e-07,3.5363114871001157e-06,3.0788996895852784e-05,0.00021790682182140736,0.0012361962058143336,0.005553886805691996,0.019703833168346483,0.055486953515871164,0.12516696585536444,0.23006483562090255,0.35471295358143845,0.47307886344964345,0.5543430530263955,0.5505368989913476,0.4748633243920057,0.33938936496804506,0.2116371316501823,0.15039417875005998,0.20220348118142545,0.4046635092265405,0.7354192971507082,1.1347574490552572,1.4805911556631692,1.6644871737940763,1.7045433539926895,1.5930631148114507,1.518361541512823,1.6272611255502163,1.900921623836232,2.352141756642886,2.8793308690983803,3.3490373087682928,3.711884293755065,4.0735852513339585,4.625260001958707,5.391570455683624,6.174064107948405,6.868664651454833,7.639690559485453,8.771156140352414,10.304701152425118,12.010269688140692,13.448537348688747,14.353361188993206,14.806657265240824,15.01197817804616,15.207747163125372,15.206218843237968,14.49264351474016,12.78026022179015,10.300699911441033,7.740605765042946,5.750134552844144,4.375912083151357,3.3810341325120863,2.5243838999665495,1.7559151947654825,1.1355610113900136,0.7403580683510973,0.5501970355449871,0.4686842518079582,0.3877563226527197,0.28119854609702866,0.1624482960685768,0.07436396089175396,0.027147730984974895,0.007983315363857194,0.001906056838092561,0.0003711512331750707,5.8836705342592544e-05,7.499870037437482e-06,7.514402411603632e-07,5.7894866593735394e-08,3.4153999218746043e-09,1.5655674821708922e-10,5.531009240460505e-12,0.0,0.0,1.0460533692280436e-10,7.675564772929286e-09,1.1654373690026401e-07,1.4810952964513434e-06,1.5324999191430338e-05,0.0001265871553192499,0.0008164809874731056,0.003970267440605798,0.014362283186856645,0.03980350609577074,0.08825399684626406,0.16073002147574156,0.24215531879696373,0.2971465884355988,0.2970578427739046,0.24721442285404158,0.16187287690439656,0.0846800398088847,0.035348383387872724,0.011759385358977033,0.003086900017522694,0.0006313587147412045,0.00010037006141160677,1.248003295584798e-05,1.6492995252528695e-06,1.7718177619759851e-06,1.7919145856040725e-05,0.0001404260506593024,0.0008678269923070191,0.004194057453373682,0.015976938669832963,0.04852824159386471,0.1188994215370068,0.23884982738585628,0.4048329497507963,0.6038421652882401,0.831626188170151,1.1059316788044153,1.457896182970338,1.9798634302943787,2.691781613009539,3.5151297987904853,4.366443152105999,5.114453649921016,5.835571434688607,6.575138317027818,7.443774866857672,8.258100939107566,8.975669926278327,9.521613117067842,9.86639830707065,10.033106969692113
4.066253945316796,5.91412066117115,8.320244331788395,10.863340942052664,13.167712075508193,15.318841525274769,17.76143005383242,20.858465209005075,24.47993743601153,28.169291889945985,31.226168852940692,33.36167271851582,33.870680892000166,32.95877245849563,30.419446586829178,26.651026085571143,22.01416932457449,16.897489905171977,11.991179826319255,7.903178696676843,4.896634411592566,2.8737762473825317,1.5768464547683807,0.7829243303811944,0.33817617939416633,0.122047243255461,0.035873318241529534,0.009402665261464964,0.005834025410505753,0.01514213775538862,0.04309697051734441,0.10073365260229789,0.189174372387364,0.28560758801099745,0.34247654958574036,0.33989212378020617,0.2797568180121276,0.18636865877864214,0.1003523088464981,0.04379187448724022,0.021117826969099012,0.029978747592244944,0.07792887003989019,0.18530658386941212,0.3615445466929123,0.5624045953574287,0.6879590369581118,0.6582397786064201,0.5119888587199024,0.38419107685974896,0.3339993975385205,0.3113766225363823,0.26910031205237467,0.20029299193484953,0.12253668455493673,0.06043219455010262,0.023536128364265278,0.007178231648116479,0.0017229849915309189,0.00032946262404812354,5.078106011072086e-05,6.3414909236005205e-06,6.373137465306867e-07,5.061655752015319e-08,3.1186144689767305e-09,1.482476200881704e-10,5.37414177840363e-12,0.0,0.0,0.0,0.0,0.0,0.0,0.0,0.0,0.0,0.0,0.0,0.0,0.0,0.0,0.0,0.0,0.0,0.0,0.0,0.0,0.0,0.0,0.0,0.0,0.0,0.0,0.0,0.0,0.0,0.0,0.0,0.0,0.0,0.0,0.0,0.0,0.0,0.0,0.0,0.0,0.0,0.0,0.0,0.0,0.0,0.0,0.0,0.0,0.0,0.0,0.0,0.0,0.0,0.0,0.0,0.0,0.0,0.0,0.0,0.0,0.0,0.0,0.0,0.0,0.0,0.0,0.0,0.0,0.0,0.0,0.0,0.0,0.0,0.0,0.0,0.0,0.0
0.6979911012856698,0.43329021452648564,0.21781974357592315,0.08511973527218221,0.02558240994791536,0.005966173945361166,0.0010941931384052387,0.00015765222956225995,2.9702777493682274e-05,5.887299410085513e-05,0.00040984234806639813,0.0022940030251943667,0.010141268799377174,0.03537338921678833,0.09875956993912695,0.22423618883283714,0.4153278478170226,0.6199246127834025,0.7216062858173035,0.6912196549899573,0.5007821156965547,0.2879118130021771,0.13073396133414725,0.04703768470146776,0.013782374432627602,0.004295127534520998,0.006683464616915779,0.024873064683207394,0.08573627342766064,0.24834928358708244,0.601962838682861,1.2188776739866574,2.058037431133379,2.8825988366953665,3.3423640940581945,3.3221885577924084,2.8028285175643615,2.0171047518414644,1.256125444927997,0.6969629575406151,0.40776509983487796,0.3352043275174291,0.3964474628000463,0.4818059030893122,0.5409001159110481,0.5468331770570781,0.5321303339471819,0.5509728699759542,0.7109296675458757,1.1158536976970348,1.7925035768209256,2.6644852956244622,3.588937381504974,4.496350599289937,5.328711024934535,6.129418952732876,6.937879520572905,7.819813697392778,8.732712090880627,9.745406903165646,10.637443735414607,11.43116222772857,12.156420419956232,12.439782279349823,12.042498547874906,10.77263081679064,8.740579564037974,6.35300708607359,4.126499961430771,2.4092372637418467,1.2721923359182017,0.6049572938953649,0.2547287762987693,0.09289212738886019,0.028741798345124716,0.007423121454527211,0.0015787222909438411,0.00027371188307232034,3.9059777036262116e-05,1.5194226794447269e-05,8.490006397984542e-05,0.0005635321767130106,0.0030516009278972593,0.013531166362837771,0.048967390400710624,0.14309692137363308,0.3360180394746852,0.6445437191635686,1.050214580496644,1.5197590070463625,2.0081981829664883,2.432493364379581,2.674411756581734,2.6658065733647445,2.406556073044334,2.019615815624239,1.5894197992437504,1.1534375189497668,0.7251540203482926,0.3595578517507387,0.13379618033071577,0.038642667825151945,0.009140469382910688,0.0018125154040850773,0.0003003857811191625,4.123663641737556e-05,4.670994573819339e-06,4.366612377049804e-07,3.3573450590612275e-08,2.096636358511225e-09,1.041134641405655e-10,3.734514937105352e-12,0.0,0.0,0.0,1.7212488891066e-10,8.33314672362652e-09,1.2273081919041382e-07,1.5200459832610902e-06,1.5550385439373654e-05,0.00012782293929428153,0.0008233512696506909,0.004097119861929165,0.015690555089219082,0.04674804915595756,0.11022521484273223,0.20838674123356624,0.31788433263358695,0.3815260174017779,0.3934598442548243,0.3876241013852764,0.4601639420741236,0.7193778439217366,1.2283593845998266,1.9357351631536337,2.5543740083679825,2.9352628236473577,2.9828624668470014,3.007631064089304,3.0908128186932915,3.2905673867835747,3.5556019619222456,3.841800216864773,4.117737877742529
0.44744006042528806,0.27144379466870855,0.14100423576503543,0.06060905930028339,0.020940905064275508,0.0057054989170933455,0.0012184607717628903,0.00020497948256145655,2.743778126361723e-05,3.03907187288123e-06,1.5021472318360136e-06,1.2987773206377157e-05,0.00010613943347030993,0.0006855527045850611,0.003502050541515455,0.014202219748993704,0.0458109315036591,0.11717409126571618,0.23727654824731242,0.38441360658420565,0.5109745276162055,0.5361192553269573,0.4852646791855628,0.31658112744382505,0.14553899191005104,0.047920307752451895,0.01268799051239372,0.005252492345759028,0.012726217604231453,0.04704190438827695,0.15191122450500277,0.41443084421355436,0.9451764462799773,1.7852638176388815,2.7962281191015794,3.643929705112228,4.108971296221258,3.938312340275876,3.2562043354769177,2.402040974742792,1.5507783795823444,0.857504874478352,0.38644016236684015,0.13587346320240593,0.036376448557123964,0.007372484302797276,0.0011271722834930828,0.00012926936912740182,1.128028382930271e-05,7.775678904632754e-07,4.366212900922857e-08,2.034381249650145e-09,2.087657070612048e-09,4.5329902519183126e-08,7.422663474287427e-07,9.398498848266565e-06,8.981305233838097e-05,0.0006418276302040135,0.003425754233623386,0.013860793667238525,0.044214589949199065,0.11562383504655555,0.25089062402977286,0.4470104703610374,0.6425753446330242,0.7121316163592496,0.6443313453016962,0.45691894183234016,0.2561011017541066,0.11470067447126647,0.04128229441060587,0.012023660448392917,0.0028391556197927253,0.0005399173737747017,8.181019522747709e-05,9.808035102303646e-06,9.283605529571177e-07,6.913148058947876e-08,4.0237571376009875e-09,1.825333646201016e-10,6.133153137724553e-12,0.0,0.0,0.0,0.0,0.0,0.0,0.0,0.0,0.0,0.0,0.0,0.0,0.0,0.0,0.0,0.0,0.0,0.0,0.0,0.0,0.0,0.0,0.0,0.0,0.0,0.0,3.061006312280201e-09,6.028965044979283e-08,8.90812882728896e-07,1.0110582803617547e-05,8.805482905154356e-05,0.0005911042156312154,0.0030767788140578364,0.012528910167149762,0.04032659618701571,0.10334100722684975,0.21145963707924828,0.3462301665002712,0.45077368315221084,0.46475365518016265,0.3946339091755232,0.2561444431621853,0.12962281202467368,0.05104506724770526,0.015745864944915935,0.0038694323947985163,0.0010701758772941052,0.002012514742219257,0.00840211072144075,0.029071290218250445,0.07977098154621595,0.1750389849927453,0.3112275176200592,0.46060526015097686,0.6350165369517865,0.9379672446842581,1.5943905138488377,2.770111356215901,4.305268106031028,5.811497701026045,7.025543837620688,7.944657508174337,8.663055929033911
0.0,0.0,0.0,0.0,0.0,0.0,0.0,0.0,0.0,0.0,0.0,0.0,0.0,0.0,0.0,0.0,0.0,2.8777871172845946e-09,5.351297260527247e-08,7.396355797185317e-07,8.346804145041579e-06,7.663060921261421e-05,0.0005530175866534493,0.0029480938830884255,0.011217509073755672,0.03142940315751089,0.06884858483399302,0.12246642764819578,0.17840666137099526,0.21167121823807636,0.21584250813248762,0.19822492535566233,0.1883608658228661,0.19587173749526332,0.20870914558777912,0.2037725923266712,0.1622414010010559,0.10916631912620939,0.062035200174368255,0.0293017652202099,0.011155994605781934,0.0033057524674582014,0.0007774276840511968,0.0004857319490049207,0.002461168620532506,0.013381486747658962,0.05654643236224904,0.18686500931945035,0.49104035782540023,1.0493522702458673,1.8505595082836388,2.692932219118072,3.2166135155236066,3.179869947562498,2.624260950750974,1.839701054308817,1.082083380548227,0.5302891906888826,0.2141415730735402,0.07096135081506977,0.019205580171513095,0.004180875942039718,0.0007181864110919436,9.667291096341856e-05,1.0271617853796448e-05,8.706894557900844e-07,5.92269662657506e-08,3.2375337122266915e-09,1.4160356917785626e-10,4.313707145783093e-12,0.0,0.0,0.0,0.0,0.0,0.0,0.0,0.0,0.0,0.0,0.0,0.0,0.0,0.0,0.0,0.0,0.0,0.0,0.0,0.0,0.0,0.0,0.0,0.0,0.0,0.0,0.0,0.0,0.0,0.0,0.0,0.0,0.0,0.0,0.0,0.0,0.0,0.0,0.0,0.0,0.0,0.0,0.0,0.0,0.0,0.0,0.0,0.0,0.0,0.0,0.0,0.0,0.0,0.0,0.0,0.0,0.0,0.0,0.0,0.0,0.0,0.0,0.0,0.0,0.0,0.0,0.0,0.0,0.0,0.0,0.0,0.0,0.0,0.0
0.043306554258656434,0.0771978508927374,0.13115179135013988,0.20835262696665074,0.3018613886321088,0.38705464045187904,0.4183570045762536,0.3785805474142285,0.27962518616568405,0.16532056527666372,0.0774709437568511,0.029117256052535623,0.012192841487795487,0.017956638514454504,0.050295464355174846,0.12404410034799208,0.2467613695546511,0.39362095648614,0.5039568968484525,0.5625986210062957,0.6034820345593043,0.6810710054815794,0.8430389599057018,1.0300717421334051,1.2163359911653127,1.3528352884931378,1.6503960257204209,2.4087750292499965,3.786392746527433,5.7370893109738645,7.864469819049688,9.854986254392518,11.464321431159586,12.6119895858175,13.110134651834707,12.937891874584164,11.829068368229976,10.33984664974255,9.107473614039579,8.425301227781773,7.998778717436334,7.431310600208731,6.373835120439972,4.87146453860706,3.2157438637016935,1.7944416400852197,0.8345591775679957,0.32214536726915177,0.10300866394832706,0.026779451344846692,0.005408398104824046,0.0008156631090706559,9.306760414039461e-05,8.422776647956033e-06,6.257536180195968e-07,3.853504571205217e-08,6.3541619395525464e-09,8.095454968182292e-08,1.1494340100480633e-06,1.2821397794279077e-05,0.00011111127689929307,0.0007413919994657329,0.003794417347864204,0.014967539337577305,0.04598139252497721,0.11135363141924448,0.21521330808263625,0.33506507920185613,0.41236834230143316,0.4077520086894832,0.3253113834565607,0.20365420171580187,0.10248543560113756,0.04134199996290776,0.013219898083011867,0.0033081310393621426,0.0006439452496204835,9.770338147084089e-05,1.1603015144704376e-05,1.0814773377244916e-06,7.944158069013303e-08,4.631206014755766e-09,2.1523810451911124e-10,7.73920821418128e-12,0.0,0.0,0.0,0.0,0.0,0.0,0.0,0.0,0.0,0.0,0.0,0.0,0.0,0.0,0.0,0.0,0.0,0.0,0.0,0.0,0.0,0.0,0.0,0.0,0.0,0.0,0.0,0.0,0.0,0.0,0.0,0.0,0.0,0.0,0.0,0.0,0.0,0.0,1.6957193279670156e-09,3.740096640396669e-08,5.296589399378222e-07,5.944641989943906e-06,5.301474726547163e-05,0.00037591044501838767,0.0021115702482332726,0.009347438401254623,0.03252819123629688,0.0891018914520825,0.1920665722036833,0.3230508189139806,0.408289498931248,0.4106307365883406,0.302207534414389,0.17445826875294534,0.08058512517935072,0.030320625298048538,0.009475935831399298,0.002525279595009194,0.0005914581456803567,0.00012527173902886262
0.11104582313992374,0.06780390250298919,0.032455497571992224,0.011591477560394105,0.0030281796299189206,0.0005812545668559516,9.516932030739271e-05,0.00010769940132341527,0.0006534763652544541,0.0033656484128925155,0.013291443604232329,0.039890202483145946,0.09209312635600454,0.16761527551604308,0.24541746231257108,0.2847046821522454,0.27053529970199314,0.22479823056055087,0.1994849555954259,0.22887582537863438,0.2897522221445413,0.3303940895646,0.3309022410068534,0.3072118578743451,0.27889405823758123,0.255219919600578,0.2136480830130938,0.16423811578346706,0.1041728898278347,0.05580513942623789,0.025235747841305514,0.009561279414895539,0.0029759042755610654,0.0007498644463002295,0.00015307528670672704,2.534344885100831e-05,3.34953644321066e-06,3.4367258165213516e-07,2.6885767830980553e-08,1.6102854258679238e-09,7.463439664179387e-11,2.5119294971095816e-12,0.0,0.0,0.0,0.0,0.0,0.0,0.0,0.0,0.0,0.0,0.0,0.0,0.0,0.0,0.0,0.0,0.0,0.0,0.0,0.0,0.0,0.0,0.0,0.0,0.0,0.0,0.0,0.0,0.0,0.0,0.0,0.0,0.0,0.0,0.0,0.0,0.0,0.0,0.0,0.0,0.0,0.0,0.0,0.0,0.0,0.0,0.0,0.0,0.0,4.62267887240593e-09,8.166232651018666e-08,1.0792112843459264e-06,1.1717655988024177e-05,0.00010565723125824635,0.0007763018605302653,0.0044578241980498985,0.019328241994053585,0.06321559736857972,0.15956728285607136,0.31773742421699624,0.5031156300287469,0.6119328514310901,0.6025041550060273,0.4925790681601739,0.3455461270710681,0.2246372361305172,0.144898446128741,0.09697906986904388,0.06498847730048952,0.041045716367162415,0.03296326423327313,0.05353143009389667,0.10656859866997492,0.17803050359334696,0.2287057888760972,0.23455636263261878,0.18954027914283852,0.12118117654431461,0.06266597543899143,0.025957760182048043,0.008468028949912148,0.002320202360845956,0.0015880235896237867,0.00554563139336826,0.020177739026824012,0.059182919264372386,0.1413991699802083,0.2880277639414493,0.5276819447159359,0.9028392426404749,1.4511613576511393,2.155858673294308,2.925108522107541,3.6522962501941696,4.325316873950981,4.903471339099106,5.397821156199429,5.696619412321705,5.7128020960513135,5.431779818069222,4.930050014161229,4.31709440426091
0.0,0.0,4.402123124625104e-09,7.209995325204183e-08,9.473361516530099e-07,9.82902323257018e-06,8.03354440986062e-05,0.0005199974886194243,0.0026657471326054453,0.010724798110138472,0.033498833882763715,0.0811012728315865,0.15368161032766242,0.231266873039051,0.2758436562754842,0.26429215589435456,0.21815982272576945,0.18855785612604772,0.2502081680371471,0.4495891870780441,0.793476925328216,1.2132740817611316,1.7803405129683763,2.5066782050356418,3.5003590759521788,4.777782685229541,6.293965526820656,7.999563940728862,9.862993791659871,11.921359136609064,13.967136707408201,15.634772441509918,16.721874934233462,16.930921228624793,16.470714238224453,15.567778980073989,14.35956253946756,12.723884492553402,10.606449364520696,7.967397919233291,5.282653943511902,3.0483112982145255,1.5214985461765744,0.6546604727177837,0.24196380238889154,0.07645458855610661,0.020454806351953698,0.004525133993148421,0.0007937624231920637,0.0001060924511036758,1.0806558021949532e-05,8.727509712613403e-07,5.784445342561289e-08,3.1554543697818776e-09,1.3787524420456532e-10,4.310823228429795e-12,0.0,0.0,0.0,0.0,0.0,0.0,0.0,0.0,0.0,0.0,0.0,0.0,0.0,0.0,0.0,0.0,0.0,0.0,0.0,0.0,0.0,0.0,0.0,0.0,0.0,0.0,0.0,0.0,0.0,0.0,0.0,0.0,0.0,0.0,0.0,0.0,0.0,0.0,0.0,2.342131520734275e-09,4.6746121284825274e-08,6.576960243312869e-07,6.906533058274323e-06,5.5613369886768266e-05,0.0003518334329379709,0.0017725962996899913,0.007164846338406773,0.023256231718881783,0.06032129910497293,0.12467642481440884,0.2069227745132995,0.2794426710101726,0.3158644373971497,0.3431216617586792,0.38652754432909264,0.48966185175619853,0.627404106610653,0.688358167218815,0.6570037437063264,0.47940715607415474,0.27644716712518574,0.12766032603362915,0.047774316109833084,0.01444362985193953,0.0034668356374586364,0.000649977237322081,9.502829296993852e-05,1.0896752789249545e-05,9.78447490669266e-07,6.828893447427103e-08,3.6980979330318646e-09,1.5646922738568193e-10,5.020107600553661e-12,0.0,0.0,0.0,0.0,0.0,0.0,0.0,0.0,0.0,0.0,0.0,0.0,0.0,0.0,0.0
0.3577419542917943,0.24075591116766032,0.12042616043131549,0.04584499099679311,0.022743370315243115,0.03725529728354637,0.08941479925133225,0.20128199094116764,0.42584590525339505,0.8450098815065494,1.522735110421465,2.416929057306567,3.3431817838791433,4.067540889643704,4.4832896708115335,4.597926018603095,4.534568360514955,4.428458627115051,4.315099689609008,4.1616619247113,3.874404475580202,3.4337308958904815,3.1934582465657684,3.4314448714467902,4.4278971375967195,6.037743174290606,8.054952024962063,9.964951921325362,11.180921071012692,11.50826608963085,11.019922837997312,9.660611650677033,7.62323524798649,5.221991055306566,3.0730880019008504,1.5483324495469912,0.6552911086125998,0.22755619883337425,0.06386591448402683,0.015929927708272146,0.010169989057999955,0.026437799556725355,0.0700680531463028,0.15010097827408322,0.25789462718218625,0.3575816204697798,0.4100122712205391,0.41335283364368264,0.3681269466646888,0.3177742433698254,0.2706074629125697,0.21069773610730475,0.1338635231592931,0.0682357358463077,0.02759815685474572,0.008836785408621588,0.0022296678001896557,0.00044003745993662823,6.755819917929772e-05,8.072746293434067e-06,7.547404298270513e-07,5.550970151903163e-08,3.219687156782725e-09,1.4699883712877636e-10,5.211596072521541e-12,0.0,0.0,0.0,0.0,0.0,0.0,0.0,0.0,0.0,0.0,0.0,0.0,0.0,0.0,0.0,0.0,0.0,0.0,0.0,0.0,0.0,0.0,0.0,0.0,0.0,0.0,2.67731915738452e-09,4.781794218702535e-08,6.569257735378679e-07,7.3756569600144285e-06,6.683881326621616e-05,0.0004704739596849534,0.002492214393572496,0.010022252592561785,0.03162322054448198,0.0799552098218192,0.16151234099196962,0.2575909837057661,0.3194274162358608,0.3199105142525834,0.27502975902986965,0.2338494396732091,0.2391569173583449,0.29476757197393055,0.33704379488898767,0.33587669834251077,0.2881704190742367,0.2576593511262292,0.3016771186647688,0.41864154676882676,0.5316093081075359,0.565812990601899,0.5177817502476378,0.42875529131023743,0.3792543930814656,0.3726559784187184,0.3561182821307819,0.2954050207120089,0.18834659300539464,0.097947294471739,0.05769161344393485,0.07435718414657834,0.14403921260342242,0.25407186082845684,0.39149315411532487,0.5517580537561908,0.7567934868744708,1.0275335686584213,1.4012215597571023,1.9425784208144559,2.743680107076929,3.8226389585040126,4.960375789639468,5.8806940153409055,6.503645822249592,6.902750755125907,7.1436766418126,7.246539576129499,7.231362049880452
1.4507348714662558,1.1138279602029855,0.8390973678946028,0.6438381165460819,0.5027508961512972,0.4158565668216518,0.41446831859268973,0.501371595865883,0.6328292431579825,0.7462603783239675,0.7670081736485449,0.7208240988402478,0.631626321789638,0.6320315169219597,0.8107626457681298,1.120886346870749,1.574729890296427,2.1056344577092387,2.6899780630970143,3.159427426141389,3.457761377315695,3.4965722794070118,3.4959035221738133,3.679519259639278,4.101013725121544,5.113368950369925,6.81616953801887,9.21811879473691,11.633980824808456,13.05157523101145,12.911483648751213,10.874295473028404,8.076366069962887,5.421911036830106,3.43317414602288,2.066949467150448,1.1395884417002338,0.5450929501621268,0.22333175265208416,0.07926595891945347,0.029474956051043617,0.030074668393061152,0.07241041045596656,0.16012997459489442,0.28049220077438153,0.3926887888621209,0.44760976177234796,0.4154867545692008,0.3081970114812602,0.17734602266763855,0.07716763339914914,0.025425242377976682,0.00649620642172029,0.0013175016746787768,0.00021377767879255858,2.7591514511571308e-05,2.8111512580563886e-06,2.261641687032858e-07,1.4492302120634479e-08,7.487592805605166e-10,3.161769553923019e-11,8.024374043053116e-13,0.0,0.0,0.0,0.0,0.0,0.0,6.930001229270055e-09,1.3593002205888864e-07,1.8829196270684533e-06,2.09848703870964e-05,0.0001887356652787283,0.0013635864080526468,0.007875590131222193,0.03619144567138643,0.13111863743625266,0.37013408784543855,0.8098791859206261,1.3822361724280183,1.83122504443612,1.9676163181884307,1.6735187802431062,1.1276401882959615,0.612566551210535,0.2724336978253046,0.09980298677571132,0.029914553569533788,0.007203920065561921,0.0013655638577389538,0.00020148280605505978,2.3139612937802333e-05,2.0737224449177422e-06,1.450510575214731e-07,7.945810250795131e-09,3.4449159849543194e-10,1.1213673305015783e-11,1.9687413739532178e-14,0.0,0.0,0.0,0.0,0.0,4.859929079583267e-09,8.514385192474278e-08,1.143756272243104e-06,1.1924977168897803e-05,9.760902472911655e-05,0.0006367576875385629,0.0033311002942852507,0.01386803778165025,0.04552180749288892,0.11841512119975912,0.24949781555376369,0.43886869615598045,0.6658680988660128,0.882373790723666,1.0854877188466023,1.245575543175414,1.3533206265029456,1.3931623393704902,1.4564868627225631,1.4488036932789856,1.3546900137809486,1.1712246151691343,0.9951182432379267,0.9543139704378211,1.1322355794678,1.4124882331539368,1.5394557885469236,1.36077172161692,0.9471490175408133,0.5212261096789391,0.22813271795838005,0.08084622147131024,0.03116121699267146,0.04062896497878473,0.1329505425480251,0.3637271688330601,0.7708544197811337,1.3178583999743854,1.924408404856836,2.5227925370721773,3.072980520328653
0.3832480018671009,0.3672585482609046,0.28069891315876666,0.1650760083315198,0.07463397114696595,0.026194436041689688,0.007179970153157754,0.0015547218856069658,0.0003749588431893548,0.0007683473733559894,0.0038001667663180396,0.01604428652774358,0.05532316330839444,0.15395346938955984,0.3421399646140641,0.604061847480379,0.841796522077164,0.9103226321863479,0.8001745715912525,0.559075977339064,0.3543553162220477,0.34564393479295774,0.662606804379991,1.3798420683640868,2.56179731208569,4.142435020696322,6.066032071265937,8.360515367595674,11.082215053168433,14.114911361171089,17.08706150560461,19.494074489265316,21.239069732356494,22.109631560503473,22.49005647013101,22.608097803531955,22.423689190270327,21.54422555271246,19.927337722518878,17.39840491389919,14.081065762903659,10.101056672781262,6.214515009092407,3.2026897593953745,1.3708709271011918,0.48637794447158217,0.1430142291107771,0.0350588094781386,0.007257518413101266,0.0012834056782453607,0.00019398855909177128,2.4641071411899587e-05,2.5444573822560353e-06,2.070192499473545e-07,1.3143207304047225e-08,6.549644590370554e-10,2.5759495318919488e-11,4.886198015210598e-13,0.0,0.0,0.0,0.0,0.0,0.0,0.0,0.0,0.0,0.0,0.0,0.0,0.0,0.0,0.0,0.0,0.0,0.0,0.0,0.0,0.0,0.0,0.0,0.0,0.0,0.0,0.0,0.0,0.0,0.0,0.0,0.0,0.0,0.0,0.0,0.0,0.0,0.0,0.0,0.0,0.0,0.0,0.0,5.3686038304624136e-09,8.838157705724915e-08,1.0914248840547703e-06,1.0270642879134875e-05,7.415625875093666e-05,0.0004154941126953374,0.001839871257257951,0.0066066802179156675,0.01977082973286358,0.050277935119160705,0.10896466461981155,0.19747135300784247,0.29010642323836106,0.3065080059164133,0.26918683324850473,0.16877958490559994,0.08076820098617606,0.029642172121093664,0.008477581102245486,0.0019302599898594044,0.0003567477015989207,5.409398261549031e-05,6.72051554160699e-06,6.754544018392701e-07,5.3892562458625e-08,3.355666166734679e-09,1.6122759094885882e-10,5.715987089822329e-12,0.0,0.0,0.0,0.0,0.0,0.0,0.0,0.0,0.0,0.0,0.0,0.0,0.0,0.0,0.0
2.9682299660611036,2.2612534646252684,1.7233613077363539,1.5030595851739454,1.5795552128765942,1.7158076832038205,1.7048028121919867,1.5867181529661327,1.5236466210144137,1.587065305070478,1.679477601138794,1.7137758915056758,1.6920940404293492,1.7921284424865942,2.252483889305494,3.176728479963326,4.4495184551881914,5.824349315321499,7.268016056497899,8.655162109765325,9.68099874595022,9.99571539310989,9.594637446200881,9.31269976726099,9.78161416816602,10.968143555913514,12.056745367423712,12.26675595239746,11.356377617820325,9.498128186612329,7.322483764483569,5.419698380543481,4.122521863318664,3.3821527956484685,2.815514553757786,2.1487964127285153,1.3879444864834567,0.7240635019122698,0.3016184159985154,0.09980819813306775,0.026153364383505514,0.005409438780785695,0.0008818122931669327,0.00011341305359052315,1.1531875533569039e-05,9.282955501862287e-07,5.919487580388088e-08,2.9912000639218763e-09,1.1929332952931943e-10,3.0100315588581047e-12,0.0,0.0,0.0,0.0,0.0,0.0,0.0,0.0,0.0,0.0,0.0,0.0,0.0,0.0,0.0,0.0,0.0,0.0,0.0,0.0,0.0,0.0,0.0,0.0,0.0,0.0,0.0,0.0,0.0,0.0,0.0,0.0,0.0,0.0,0.0,0.0,0.0,0.0,1.1695691627937156e-09,3.139302525879771e-08,5.030907812186299e-07,6.234625299684089e-06,5.96530289656442e-05,0.000440009206947394,0.002535023664634676,0.01163551441611518,0.043130835874329025,0.12914776117133525,0.31003265941795105,0.5964189044165372,0.9304020635599217,1.2453313180148728,1.503161363558883,1.7525700743783514,2.0795665759346105,2.4577824582801187,2.8758354620347206,3.2273076410904986,3.4271344749672252,3.588127238082173,3.8002352905397623,4.126159382398973,4.283584428121956,4.0855810262730605,3.613681575099094,3.0658125249284605,2.5809316056207856,2.1826114207538434,1.7887523750579215,1.3541000252068685,0.9115322090130338,0.5466899967272756,0.33704952689152856,0.3164538773640251,0.4443674467329926,0.6015805495215353,0.676938346687976,0.6408642219235876,0.5718100482656132,0.5640399029941766,0.6067758086905155,0.6168712764003338,0.531585836938116,0.36678671566674004,0.20041565554125498,0.0908448980093801,0.05280817134832729,0.07415067157887689,0.13899969496631884,0.22945595184754689,0.32272301028184763,0.39740260800740884,0.44110844281209677,0.45209433155811196
0.14922112675822255,0.14554338335935516,0.12694965386038218,0.08552152883963725,0.03786510990862404,0.01081581802346144,0.002163217807423475,0.0003172142320278644,3.434827182402133e-05,2.7669987300551975e-06,1.7021483057449908e-07,8.324497138883397e-09,3.368025476617729e-10,1.072392495646694e-11,8.213556741577217e-14,0.0,0.0,0.0,0.0,0.0,0.0,0.0,0.0,0.0,0.0,0.0,0.0,0.0,0.0,0.0,0.0,0.0,0.0,0.0,0.0,0.0,0.0,0.0,0.0,0.0,0.0,0.0,0.0,0.0,0.0,0.0,0.0,0.0,4.616039573918625e-09,9.141282487670546e-08,1.2826999575126188e-06,1.4074863033838477e-05,0.00012169115565900368,0.0008311186899365388,0.004502235614359927,0.019478376566711163,0.06810995155268408,0.1950171894749191,0.45696387146520795,0.8626134581402124,1.3072326979735835,1.5872339028697253,1.5760999941625529,1.293683792062314,0.8367102057119685,0.42913556495619415,0.1736598969887286,0.05596284546180471,0.014631504913655904,0.003146766017201006,0.0005556717851177015,7.928745932855347e-05,8.979209800452849e-06,8.010452206425278e-07,5.64559440478916e-08,3.1523698004428165e-09,1.3858752907185147e-10,4.325531303227424e-12,0.0,0.0,0.0,0.0,0.0,0.0,0.0,0.0,0.0,0.0,0.0,0.0,0.0,0.0,0.0,0.0,0.0,0.0,0.0,0.0,0.0,0.0,0.0,0.0,0.0,5.252494384924171e-10,1.659012181441286e-08,2.582543465521828e-07,3.2830602879214054e-06,3.405045897315739e-05,0.0002856614097958941,0.00190068589095185,0.009795288489153467,0.03835662445710643,0.11309927697177133,0.2523147161280047,0.4335356340945535,0.5810731144854857,0.6248381389216092,0.5301850293161186,0.35050096228701133,0.1840318233578888,0.07835699676822706,0.03514475536430855,0.050115209258380346,0.15206481118667542,0.41462158022930035,0.9167570773952362,1.6528799642958512,2.4895323784719325,3.2279659707553643,3.86711712590552,4.396662273205626,4.9441989153113886,5.332872355032672,5.321110270074986,5.010000684088898,4.768360211272295,4.891611856972346,5.288847185762584,5.73413633689561,6.052572692613952,6.253445296142734,6.363030453024935,6.399872758038269,6.380060409081241
9.19705258665246e-05,0.0006445793011199993,0.0036804715371507395,0.01565222660843403,0.04922045381237257,0.11729538461842245,0.2183844890253445,0.3256010983567148,0.3951589391849381,0.4054956306252632,0.4148189038882592,0.5232544275755653,0.7967551647720192,1.208868086580504,1.6684502826646466,2.168612090292075,2.817584583306031,3.640515294906268,4.335361974935796,4.824744748300707,4.611675589614321,3.9045331142568314,2.889462321967928,1.9108192986138313,1.1937671402260486,0.7376386525785047,0.4603252038462235,0.28410927048745493,0.16546600286808671,0.08751848146181089,0.04034707034273253,0.015509514075489207,0.004747634578876247,0.0011441104457746254,0.00022351497387468092,3.6468926020157944e-05,4.989078477599498e-06,5.586359585695022e-07,5.631239347022894e-08,1.377364566121301e-07,1.8321946558858791e-06,1.925150539289653e-05,0.00015562808250310192,0.0009740980389854772,0.004799784536347335,0.018859210989999417,0.058593095231838775,0.14055379328333784,0.2577130232440421,0.3686290570540628,0.4258515685414926,0.41355599164824675,0.34386656842932095,0.2425995827190703,0.14040621580534704,0.06438663528436515,0.025089524379853213,0.019486838398404198,0.04780754538654264,0.12859685722441733,0.2893804927602178,0.5279830678488433,0.7650241349263189,0.9076437327365,0.8506427667623396,0.6609840827451016,0.409800790404439,0.2063382332153152,0.08543013305111866,0.02923228531603113,0.008275884270834668,0.001930130310530703,0.0003665134618165661,5.578785764336217e-05,6.721513317780079e-06,6.367638567927823e-07,4.719966153268326e-08,2.7191193606520587e-09,1.210525000600712e-10,3.93669663046575e-12,0.0,0.0,0.0,0.0,0.0,0.0,0.0,0.0,0.0,0.0,0.0,0.0,0.0,0.0,0.0,0.0,0.0,0.0,0.0,0.0,0.0,0.0,0.0,0.0,0.0,0.0,0.0,0.0,0.0,0.0,0.0,0.0,0.0,0.0,0.0,0.0,0.0,0.0,3.3613817167041613e-09,6.680900938742746e-08,9.206255062094706e-07,1.0125557251541532e-05,8.868267802935386e-05,0.000618409213726602,0.0034356987898831585,0.015186004104307508,0.0531811175432475,0.14714467827199915,0.32242019794054266,0.5622015161480726,0.7710441113035831,0.8383257655815711,0.7166625388593298,0.49632133275057344,0.37325868400821904,0.41352673167426296,0.543322471229664,0.6493771677502184,0.6168528722200566,0.48283319757152526,0.3089829960994363,0.16950396790621838,0.0820904307428665,0.03636657805955313
0.0,0.0,0.0,0.0,0.0,9.52771298539835e-09,1.6633245888026444e-07,2.2455463702848286e-06,2.3789987881789144e-05,0.00020019026787238686,0.0013374183815355939,0.007016089811325668,0.02875631763678452,0.09360603314397126,0.24897287885145755,0.5520045420627023,1.0262969457623512,1.5811997918516858,2.1063331158795227,2.433364883138093,2.542215688525762,2.463736433119618,2.3068277224722773,2.2306523617096,2.4270806109377863,3.022729221924399,4.01580931178336,5.292723705434536,6.688848800016445,8.232572670955294,9.988006163621503,11.61872067349979,12.749128477856573,12.918153626742823,12.149507003218813,10.36253072107187,8.102546678736775,5.89486963094748,4.118395062350076,2.805314158933588,1.8560161229548768,1.2065284150611066,0.7953147863840573,0.5540906240658928,0.415340115103619,0.3544465632533196,0.40250487962377046,0.5706629087947396,0.7976184629715886,0.9854283694555002,1.1031750026230813,1.2199544245515686,1.4009130479205463,1.623682948811765,1.7599101148965728,1.7678988416169081,1.5993954819622567,1.3026972264281484,0.957222555747277,0.609091772484964,0.3260788684376363,0.14175777581136126,0.04874998673092015,0.013121288704172817,0.002773757573524131,0.00046545949166373635,6.265338628241973e-05,6.803911155322984e-06,5.969159810820584e-07,4.236019697315645e-08,2.440977027873722e-09,1.1425442108175286e-10,3.878652098370537e-12,0.0,0.0,0.0,0.0,0.0,0.0,0.0,0.0,0.0,4.733815768098504e-10,1.4489175588994535e-08,2.1442345231364252e-07,2.5707000382371495e-06,2.5198325722245276e-05,0.00019951638778599915,0.0012597637756137383,0.00629354642362941,0.024853905616862747,0.07840534568920465,0.20244513649753165,0.4433032015404335,0.859195961245128,1.532213205103718,2.5305070850693245,3.7586914589281792,4.930600418653478,5.706986699910977,6.066191909788264,5.840297108888308,5.011313070814371,3.8113315071559724,2.5328571260875377,1.4768172767673269,0.7445910804710231,0.3153846726954657,0.10842363661891899,0.029776824906864726,0.006544221267396866,0.0011964631812562921,0.0004701456963829461,0.0016032067455352182,0.0062079890342554515,0.018599643756765618,0.04412400805824931,0.08411642184852011,0.1304555062044628,0.16707420100739254,0.1759734764853052,0.16657244433323448,0.14232567088314924,0.1403506914364601,0.18481621770655776,0.26171130665517217,0.3104067098942498,0.30946250324771535,0.24479103335570968,0.17471723044524917,0.1515250660389573,0.2006030957515765,0.3027773552901081,0.39085775317245575,0.4241782788627288,0.3934923286673431,0.3591596681414412,0.3603105562546481,0.3661891205784574,0.3377788362359968,0.24799934785263733,0.14912930535371283,0.07621412733735868,0.03481434221025084
0.0,0.0,0.0,0.0,0.0,0.0,0.0,0.0,0.0,4.704010068520021e-09,8.68033221051055e-08,1.2714182801180258e-06,1.4903529416972824e-05,0.00013668589443224157,0.0009708690120531585,0.005343965260979111,0.022829603994915213,0.07554482748558762,0.19374182521739697,0.3895578211961393,0.6304487861453092,0.8560235309574679,1.0465699641415898,1.260643961836372,1.5697033950275618,2.0389808918328334,2.7699673205820923,3.7386719493185296,4.845148532175799,5.879905764058947,6.846693574008136,7.725724228746073,8.655019611504086,9.466473205658332,10.052713009557714,10.26468826938467,10.058711769916384,9.442482920780815,8.401464411597926,6.873442635489983,4.976811284686612,3.1203532213239527,1.6814413941920123,0.7815377724356534,0.3138326851391077,0.10765707231151209,0.030841026795667494,0.007202472264286061,0.0013481541419205958,0.00020072633128858912,2.376569932515752e-05,2.2458109517225494e-06,1.6971397530934122e-07,1.0239005267782038e-08,4.914002706464679e-10,1.8403125784454317e-11,3.1088043339272073e-13,0.0,0.0,0.0,0.0,0.0,0.0,0.0,0.0,0.0,0.0,0.0,0.0,0.0,0.0,0.0,0.0,0.0,0.0,0.0,0.0,0.0,0.0,0.0,0.0,0.0,0.0,0.0,0.0,0.0,0.0,0.0,0.0,0.0,7.0658865743139e-11,7.491272938935059e-09,1.2378360197134628e-07,1.704136544175409e-06,1.9151212022805085e-05,0.00016996606364504926,0.0011326660802121094,0.005493691941726778,0.019740933860742698,0.054698092697117846,0.11987006866853517,0.20937388242785637,0.2928850911527372,0.32591004539804114,0.29933709675729153,0.22890310986978626,0.1438716929379743,0.0722246130076596,0.027651022023916005,0.00791294282980791,0.0017276178210421655,0.00029730984256656664,4.108940393961441e-05,4.577062810646063e-06,4.098719613998644e-07,2.939713444977162e-08,1.6807141423565411e-09,7.60627862097225e-11,2.420544965155853e-12,0.0,0.0,0.0,0.0,0.0,0.0,0.0,0.0,0.0,0.0,0.0,0.0,0.0,0.0,0.0,0.0,0.0,0.0,0.0,0.0,0.0,0.0,0.0,0.0,0.0
0.8835183758951078,0.7461748373110022,0.6218473261512041,0.5004531798433228,0.3658671859598563,0.22905999682755188,0.1164061614379306,0.04762961830326034,0.0158442882729404,0.004368723024765541,0.0011938100665074187,0.0016265396750252713,0.007970979261514305,0.034575079414045494,0.12013517166426485,0.33583466418462743,0.7560665889522832,1.3655411732185003,1.9502568152594415,2.244347366765847,2.126901119627802,1.7348405989608195,1.221669157350065,0.8474239526397981,0.6824234109170583,0.8262091598910967,1.1672161782858854,1.6637772950143663,2.3203844474530535,3.1183121903962543,4.00408835621124,4.725195320162469,5.179943521963633,5.086708836741697,4.635216143529445,4.0514495996974835,3.3569122249744634,2.587331196901467,1.8298930072211,1.213389771112977,0.8123892396613477,0.569226609721892,0.38307744031250107,0.2248706054094195,0.10754849913285919,0.04136002632285436,0.013010241104611813,0.003385803686187303,0.000720310099320937,0.00012164995948679625,1.591269884006876e-05,1.6116570202904045e-06,1.2846708487892032e-07,8.14747683357371e-09,4.108561254375022e-10,1.6261857721860002e-11,2.827556283585715e-13,0.0,0.0,0.0,0.0,0.0,0.0,2.7687280659090373e-09,4.963374066292393e-08,6.413371841688504e-07,6.475413713060682e-06,5.243156019952653e-05,0.0003482224821148802,0.001910143470629208,0.008553285546869335,0.03046666696364768,0.08380475600664522,0.1746713566113822,0.2769285287674257,0.3313314470240872,0.32762997346362516,0.25492771790940005,0.1629448249544714,0.10122999826823637,0.09994739516244713,0.1657790418244941,0.2769030533461038,0.37868342843472236,0.41487131481259615,0.367349308360702,0.2489148904439433,0.13030019590476025,0.052494765795982404,0.016415175982652574,0.004018841453989628,0.0007768793781279328,0.00012011763532444376,1.518568693903533e-05,3.0524926598578107e-06,1.6622388131467925e-05,0.0001405348631917272,0.0009034983789610991,0.004357636724365631,0.015978811089368147,0.045232995934854386,0.10026672828438948,0.17703569890155457,0.25357524425102934,0.29652663867475737,0.28383866570174127,0.22696011187700485,0.14460311181978613,0.07207519409283208,0.029003475476273112,0.027374126416361343,0.056295190202602235,0.14783158598097554,0.314703383172077,0.539491683379299,0.7390655485996309,0.8633203762311495,0.8898097591217412,0.8923331475283288,0.9015872994302095,0.8899549179602559,0.8447820720440916,0.7191776388719994,0.5318430327023825,0.362026914473975,0.2018152386316209,0.0937732833641593,0.035701168629792515,0.011036604237603385,0.0029681311203607896,0.0020292656551611325,0.007029063892873507,0.025109219314555262,0.0705261002161912,0.15702729283703515,0.28673998769425996,0.4520961186422641,0.6591205727181554,0.9342843125380871,1.2461604922169505,1.527818359316485,1.7062855683689995,1.8023304868765508,1.8489071770864185
0.46992639646133316,0.586456707398149,0.6614995936843542,0.6571549606036656,0.5557113044653942,0.46118924619080476,0.4289392480698577,0.48316894981480885,0.5358767359187723,0.5238172008580245,0.4392631860945862,0.3034429620006192,0.17680739518046384,0.08644028431511992,0.03487965294673775,0.011378547826384745,0.002957657791281045,0.0006090770209533026,9.902710757741749e-05,1.2605288052157534e-05,1.3304738376387017e-06,1.2203211545984667e-06,1.086315287460362e-05,8.281802365173158e-05,0.0005096098149756891,0.0025773079955906265,0.010811176924985804,0.03757426303169721,0.106795551241321,0.2429159492717428,0.43690580917419014,0.6267592634205914,0.7101605733565935,0.7059814510043819,0.6063345260084557,0.5513882506552278,0.6335271736805602,0.8958542239623098,1.29690505659923,1.7246963845916845,2.0935360316921576,2.458899296766609,3.0358395200487025,3.9996818144245028,5.3795536477581924,7.017585888725276,9.143625210124508,11.578055000162813,14.171226753577791,16.389461488545347,17.90057448946367,18.59874360129539,18.308832095572203,17.182437748150427,15.095902104778874,12.166418983511791,8.95689428977297,6.0280674635807685,3.7487715608037053,2.18913631304908,1.2070415577669513,0.6133974298460331,0.2728636744305052,0.10123678388054565,0.03086218117447235,0.007846585782097487,0.0016985483634625635,0.0003166891643850925,5.082831850579056e-05,6.9291781872496835e-06,7.802473182212151e-07,6.965972969935667e-08,4.7320868845667174e-09,2.408002954255905e-10,8.942999597652608e-12,0.0,0.0,0.0,0.0,0.0,0.0,0.0,0.0,0.0,0.0,3.152443701671185e-09,5.4188515246869874e-08,7.178786409663377e-07,7.441524180759929e-06,6.008210816142719e-05,0.0003773644488597122,0.0018486591922204922,0.007146397955606163,0.022307949131607944,0.05784046373944121,0.12706853243980545,0.23641664897907513,0.3666629583075162,0.48458560647910415,0.584779824195944,0.67380807451505,0.7525372521140244,0.7843455500173261,0.756913067411508,0.671650435223376,0.5570755503039398,0.4484258703002231,0.40476311971117307,0.4522553217612794,0.5262102532039282,0.5157487740052568,0.43755475404900523,0.3379702593651579,0.3827445036676519,0.7110756374508953,1.4277843741746343,2.5751791692598665,4.225261466426719,6.336886048900332,8.687524611985749,11.01233768149312,12.961903157024521,14.38002495306054,14.957696000204594,14.39188070817349,12.845788678850363,10.885585937504793,9.080455508711877,7.712884053317321,6.6658014584915115,5.799490431319879,4.88353636033668,3.8919834306792325,2.7501423612291207,1.6545130400863939,0.8237597062882681,0.336570952583843,0.11290371559682252,0.031237103884611258,0.007205644383601198,0.0014062676958226006,0.00023677438396592658,3.5210743887506935e-05,4.749918408689037e-06
0.1940123847790666,0.24916425157989366,0.25490688613833284,0.2157104917793062,0.14264834166369586,0.07831975454320622,0.054422890605947245,0.07454860379294197,0.12143132896600552,0.17180183081079348,0.19976522956174803,0.19954773916105922,0.1669084813327829,0.11450801867511845,0.06359260224372526,0.02799260357403011,0.009685991892051686,0.002637352869091947,0.0005650622140372322,9.447787934486984e-05,1.227137089509718e-05,2.4803785680286265e-06,1.1153878737549644e-05,7.156090612976366e-05,0.0003489988777527807,0.0013412559514349202,0.004271863601780287,0.011762635046011211,0.028819735679414725,0.06378333209242901,0.12787229667937774,0.23148975560182808,0.3705042219731082,0.5419684485687042,0.7057095242589738,0.8217596054733708,0.849590527221103,0.7840738076328758,0.6054873343036067,0.42895727191685606,0.3746731292641062,0.5249161598030723,0.8691022378539113,1.3227679894311286,1.7812790828190084,2.1795863627446526,2.5140044184685375,2.821370915541421,3.174320156209768,3.7481219749517716,4.503253610557707,5.210585994094706,5.593149922447865,5.2803048601976705,4.390543676500737,3.172161749610257,2.0025968335268556,1.0967324305044448,0.5196650452486369,0.21238474154627324,0.07396755636569628,0.02146892991851393,0.005082778442377131,0.0009728981161370228,0.00015197504454495558,1.9752656928546405e-05,2.1772207432963646e-06,2.0597776902044396e-07,1.674319890208471e-08,1.15284893579988e-09,6.443810062629113e-11,2.430816356619208e-12,0.0,0.0,0.0,0.0,0.0,0.0,0.0,0.0,0.0,0.0,0.0,0.0,0.0,0.0,0.0,0.0,0.0,0.0,0.0,0.0,0.0,0.0,0.0,0.0,0.0,0.0,0.0,0.0,0.0,0.0,0.0,0.0,0.0,0.0,0.0,3.244107493605355e-09,5.5341945306875245e-08,6.907808751410134e-07,6.815504372686649e-06,5.46538070605055e-05,0.00035922704773371314,0.0019208955542036469,0.008235403940810184,0.027940799608342212,0.07456312813722374,0.156813835602912,0.2618001849763816,0.3483615227774859,0.3788773928570901,0.3329485502420148,0.23353194233313,0.12989504834948087,0.05639127825426631,0.018956173378038985,0.004964323475698901,0.0010351291023938379,0.00017700086930165962,2.5480294554467636e-05,3.135244938755086e-06,3.288296730712989e-07,2.8528979766636706e-08,1.921706040248365e-09,9.28337032492006e-11,2.984901607126599e-12,0.0,0.0,0.0,0.0,0.0,0.0,0.0,0.0
0.0,0.0,0.0,0.0,0.0,0.0,0.0,0.0,0.0,1.4715663347642161e-09,2.6488678378276288e-08,3.286104743361927e-07,3.296867015330328e-06,2.6989235791500618e-05,0.00018101151767919426,0.0009920432050449174,0.004420484344146523,0.01595261357068981,0.046488353976788584,0.109472911994672,0.21134357247076377,0.3468573987766947,0.5150782880796638,0.7478709610311078,1.1190425121851229,1.6614936135828586,2.324884103493004,2.9434605235014506,3.3498591479611917,3.524481355899661,3.58641887754697,3.637771663596682,3.668882993392295,3.6455342421847545,3.495930952065983,3.2885146734302335,3.0978977138651307,2.910679004499371,2.634006773548001,2.1864568587073663,1.5927776037027932,0.9938147575984153,0.5500744696571527,0.3336672664872986,0.31021514018236823,0.39291919985139906,0.47979599529799144,0.5143053133450549,0.5463043092433448,0.6803964144916484,1.0111280060268373,1.5117257953084882,2.124425671587774,2.8558271634046,3.7138466494660873,4.603754994572454,5.423716698157185,6.0580127977195,6.511829343918103,6.8443810234508335,7.024748876077134,6.894508368336376,6.255186534768755,5.095317335708373,3.678330478992274,2.353532511676044,1.3515895048314075,0.7098147341095786,0.34725019727103235,0.1616156805702941,0.07458915396087966,0.036596244622917655,0.02010835103916587,0.012152588568737195,0.00762310772053204,0.0036141844964739643,0.00023939784831708877,1.866956590196363e-06,3.7890540284297557e-06,3.250086775093797e-05,0.00020850246712475685,0.0010296788803625247,0.004162524456105364,0.014269882150388803,0.04188476446266008,0.10402896478687076,0.21290512067700512,0.348090114049573,0.43381526171173324,0.416317382230621,0.31380622208487885,0.179923701878279,0.08197710354444172,0.03076665861767725,0.012575564190840625,0.014498674849782761,0.04248943702828215,0.1187022296173574,0.2556587131481535,0.43109450288484363,0.6016504811141352,0.7395839242572038,0.8455418688326527,0.9369242408951508,1.0243034273896379,1.140271669668068,1.378244959907846,1.9482562705956565,3.1215172143978434,5.708620074029287,7.989999883861786,9.37085241971761,10.310307944852148,11.02941969513504,11.423442345835902,11.587303045432764,11.533157780166995,11.378818914195696,11.11136580416259,10.665606444927539,9.881436772855613,8.760338370742883,7.49661796458981,6.333153588694069,5.408168165662083,4.721683346839506,4.146949711111813,3.5574436061346706,2.9858188288876524,2.4793702292345183,2.1509301013972686,1.955757721778803,1.818651531249634,1.5699954142274601,1.1714456215205276,0.7126394304600981,0.40689682992940174,0.2941793894523955,0.300389711010736,0.33756952842671323,0.3714831301181094,0.4011106272912825,0.43522587444486616,0.4693143569891978
0.0,0.0,0.0,0.0,0.0,0.0,0.0,0.0,0.0,0.0,0.0,0.0,0.0,0.0,0.0,0.0,0.0,7.51786875448452e-11,5.419946351147955e-09,8.390761463857389e-08,1.0538185639809727e-06,1.0114343352825516e-05,7.415581130093194e-05,0.0004246561222271614,0.001949597704311202,0.007294557763336069,0.02225937842669474,0.05479321612583455,0.10769448341991228,0.17040871443348546,0.22334084700534726,0.2861806828014671,0.43227730045733775,0.8180797893730017,1.6549071616110305,3.1065282846070135,5.261167382030525,8.055485500103167,11.311178069393792,14.755373999254841,18.061434867921204,20.88963397196313,23.00356122440726,24.332861101351593,24.809083619357775,24.150813760426498,22.38815677311033,19.379236731370113,15.50507612600328,11.330427760273198,7.501565364129616,4.428752982062003,2.2837203873146397,1.0079278083612757,0.3739671769602229,0.1149705060387508,0.029031372175050987,0.006001599886856587,0.0010168885686133043,0.0001415289307381012,1.609831449302512e-05,1.4704963242576894e-06,1.0904594392940617e-07,6.727333875243547e-09,3.519917260212483e-10,1.508965706402386e-11,3.722019258550686e-13,0.0,0.0,0.0,0.0,0.0,0.0,0.0,0.0,0.0,0.0,0.0,0.0,0.0,0.0,0.0,0.0,0.0,0.0,0.0,0.0,0.0,0.0,0.0,0.0,0.0,0.0,0.0,0.0,0.0,0.0,0.0,0.0,0.0,0.0,0.0,0.0,0.0,0.0,0.0,0.0,0.0,0.0,0.0,0.0,0.0,0.0,0.0,0.0,0.0,0.0,0.0,0.0,0.0,0.0,0.0,0.0,0.0,0.0,0.0,0.0,0.0,0.0,0.0,0.0,0.0,0.0,0.0,0.0,0.0,0.0,0.0,0.0,0.0,0.0,0.0,0.0,0.0
2.470050350505852e-07,2.458895590396189e-06,2.186877647010891e-05,0.00016444137477602576,0.001021155970205382,0.005149461420319293,0.02083688597854914,0.06715491140536473,0.17236994189241628,0.35460778342135707,0.5853356074501745,0.7458085913899687,0.7432184187012423,0.6614984375611777,0.6342967936730365,0.7009498454083801,0.7420936907271115,0.7665425014895783,0.7876671374199448,0.9087294719481476,1.233160518301487,1.7409351651306202,2.3670110099207897,3.033667211442733,3.7224679567723835,4.409616445252488,5.125006364189756,5.912155837155603,6.967156281717522,8.055084839634121,8.743594446691082,8.797495595569943,8.444182742203747,7.896116274325763,7.891696669892295,8.776621769807518,10.555212388612635,12.588611260678562,14.066793339649346,15.059828000375493,16.0790163650093,18.163231480981867,21.39457058076098,24.94947094852312,28.239799355060835,30.839306073134825,32.791140973237596,34.0961241060761,34.459221162881434,33.20875110706742,30.767694382409804,27.263794548331784,23.159825685006915,18.698149214596956,14.155420373112614,10.065484605688619,6.767136462283593,4.472989648723856,3.121359148435578,2.279993315396829,1.6685735540694264,1.1695295617874761,0.7871165551013987,0.5062664756605744,0.29047989573835153,0.13888114005989313,0.05350685740692502,0.01683735765403667,0.004424461849379782,0.0009730489258783574,0.0001746830475921203,2.4571976900949947e-05,2.6345498926512007e-06,2.1584168665698e-07,1.3638422611391377e-08,6.609799832778605e-10,2.452165658377339e-11,1.4316473725728318e-13,0.0,0.0,0.0,0.0,0.0,0.0,0.0,7.20267513310099e-09,1.201296627352171e-07,1.5496756868108446e-06,1.601072171822379e-05,0.0001310995200472008,0.0008383103007963046,0.004199050734126947,0.016908346823868766,0.0561479794849985,0.15293731344782963,0.3259521802748573,0.5174647255834105,0.5870366696880388,0.541090885382144,0.3898994222547739,0.22267465554822882,0.09966647306803529,0.034918793704616334,0.009766442746720037,0.0022374618770036915,0.0004257800856150574,6.701609451365497e-05,8.571132609612285e-06,1.0490761323602834e-06,2.7989840797177187e-06,3.186729717207176e-05,0.00028927953428940827,0.002044332790602807,0.011260122283632145,0.04850024806203624,0.16449962367852453,0.4456140927710438,0.9855150953541288,1.8219681224539503,2.8542266163662418,3.735145147388342,4.305813716645688,4.369913894385699,4.393047564369084,4.663389914897993,5.297085582687761,6.32691190474059,7.484911053165011,8.51000255924952,9.068285115489248,8.986049000018646,8.286541801302608,6.956003930281576,5.325784207786703,3.7287331665155485,2.6683614692123996,2.3744598871711555,2.816809973240337,3.6935239795381425,4.616910627663413,5.207579693105221,5.342985053934593,5.094991681166692,4.647471456250355
1.6402235578289972,1.2713255876514928,1.0761060121087878,0.9949370312110999,0.87421091957925,0.6657058892433488,0.46240697532814107,0.3637332352707369,0.3584338547946474,0.3582502890692985,0.31309085274777854,0.22580341814193322,0.1326010779709012,0.06411118409833992,0.028650340536624786,0.025997519085665603,0.06346243711376243,0.1542521123450578,0.2885039200482819,0.41339942783907313,0.44420943535706714,0.4056769561304124,0.31086265033961674,0.2286968273286938,0.19311605002436408,0.20315508590947137,0.2378692674735112,0.2829169742787913,0.3498239924378651,0.4565074980220216,0.5777435020261832,0.6406854080216962,0.6508527239292453,0.6357472907373923,0.6585309237922868,0.7068911386776678,0.6721704812356869,0.5848373667446357,0.4463421347084967,0.41366647565012077,0.5172784744359608,0.6981950340552906,0.8426068591391555,0.8844783088514071,0.7717737406407189,0.6347542558674475,0.6019730645246196,0.9849476605952939,2.0249023189167827,3.2069574321672314,3.9333079215921236,4.203952325720193,4.075090312207841,3.6854435657596007,3.0828890902995263,2.4977952090910884,2.0177315341570736,1.7437620183769842,1.5805815275852655,1.429250143260763,1.2423876977751611,1.099623854296276,1.0740254505291909,1.1382930420330066,1.1673049320130702,1.0804477953474543,0.8817673614222835,0.6218436332587933,0.3778049237370897,0.19450926931681328,0.08338754479143404,0.02917847171170352,0.008120195097557386,0.0017455422460199831,0.00028436272422928177,3.510646872433803e-05,3.3328209964793415e-06,2.483704781821075e-07,1.48059900139683e-08,7.152930707451531e-10,2.7695795506296465e-11,3.4075861142953e-13,0.0,0.0,0.0,0.0,0.0,0.0,0.0,0.0,0.0,0.0,0.0,0.0,0.0,0.0,0.0,0.0,0.0,0.0,0.0,0.0,0.0,0.0,0.0,0.0,0.0,0.0,0.0,2.972900841747751e-09,6.22524428628601e-08,8.45136913832769e-07,8.900998211393246e-06,7.343071145425255e-05,0.000481180746779432,0.0025299445705938748,0.010732145860151338,0.036882905224152863,0.10288719364149222,0.23096300577667903,0.40731743941835086,0.5449266148724744,0.5752144797417127,0.4994141790631187,0.41623874584256526,0.4275127434368577,0.5992638816504108,0.8867331458376452,1.181648120254255,1.4165818162723913,1.5417277674131378,1.5525134589882863,1.4660516632979443,1.2924104231753653,1.1059346286820084,1.0027019662899137,1.0110310535092604,1.0447397392357884,1.0164353235832284,0.9321775109044739,0.9768607041267267,1.3153703002976609,1.9343466630295418,2.6369016948767947
0.0,0.0,0.0,0.0,0.0,0.0,0.0,0.0,0.0,0.0,0.0,0.0,0.0,0.0,3.1260094331693584e-09,6.461725691675443e-08,9.541351689532811e-07,1.0292363171806134e-05,8.341880041801341e-05,0.0005149447897431763,0.0023814902931657903,0.00806203995212488,0.020265885625134615,0.04018136999261752,0.06745317043597146,0.10144851952635933,0.14313891370676077,0.19396975908890163,0.2659994792575668,0.3793334709308853,0.5808913296818732,0.9474902332021724,1.5565971534909704,2.572117946630152,4.307115854014557,7.1226326543263685,11.106681710138849,15.860898844435246,20.780951613363165,25.254626549717134,28.539723117359387,30.586449451430102,31.487467715564314,31.211419117009804,29.869716552010118,27.678227587611637,25.249917488142085,23.160388073464638,21.89769537152947,20.16560356716141,17.423109446099765,13.950894752482984,10.500485506704958,7.469746064689793,5.039380450464824,3.208367037620667,1.8965273727386676,1.0184383347147037,0.48507231227611947,0.20052829826307453,0.07053593936750353,0.020496925925566022,0.004702847672746693,0.000817940152017455,0.00010718429730760288,1.0849563868017864e-05,8.746940954907728e-07,5.7771056457243466e-08,3.2127610596556403e-09,1.530442510106089e-10,6.311260715675656e-12,0.0,0.0,0.0,0.0,0.0,0.0,0.0,0.0,0.0,0.0,0.0,0.0,0.0,0.0,0.0,0.0,0.0,0.0,0.0,0.0,0.0,0.0,0.0,0.0,0.0,0.0,0.0,0.0,0.0,0.0,0.0,0.0,0.0,0.0,0.0,0.0,0.0,0.0,0.0,0.0,0.0,0.0,0.0,0.0,0.0,0.0,0.0,0.0,0.0,0.0,0.0,0.0,0.0,0.0,0.0,0.0,0.0,0.0,0.0,0.0,0.0,0.0,0.0,0.0,0.0,0.0,0.0,0.0,0.0,0.0,0.0,0.0,0.0
0.31279299271834715,0.2061253104792312,0.11722461991377928,0.05499638453706647,0.02034811544707534,0.005733971123719129,0.0012089925380672276,0.000190703172757491,2.2885067431144685e-05,2.153110864117916e-06,1.6411271604348576e-07,1.038026351635386e-08,5.495384333526795e-10,2.4237701248029815e-11,4.893258855019881e-13,0.0,0.0,0.0,0.0,0.0,0.0,0.0,0.0,0.0,0.0,0.0,0.0,0.0,0.0,6.283049975907004e-09,1.2570547539851347e-07,1.793191911979502e-06,2.0820804346672638e-05,0.00019827818986213513,0.0015306053376052044,0.009358205237527938,0.04449571950875997,0.163907113685009,0.47215290894383755,1.0812481054464322,2.000508563518355,3.0221694691874275,3.79517845516407,4.142818194074258,4.14833763638203,3.972175185715684,3.864421749711785,3.9045108355025557,4.202311658882676,4.420588781041394,4.30805796723265,3.68301411111811,2.695835828136829,1.6464851855180036,0.8102831806572101,0.31351372102642383,0.09451483433888984,0.02258179577860183,0.006863068582862899,0.011989921937468334,0.047890222883710476,0.160807294570388,0.43954427536116253,0.9872322185155096,1.8703672694751572,3.0955227046359846,4.6347788928990115,6.480005265012478,8.693766639054255,11.446126058755095,14.940458670658732,19.041589696922337,22.86365509848859,25.10486697480349,25.024561747156156,22.820290044646296,19.22222416145553,15.186264298858607,11.462724353537473,8.371487113156956,5.866521837235935,3.7972896617400123,2.1517702737328035,1.0173049744534322,0.39014576767990544,0.12063868632991936,0.030284128160369135,0.006224201442127752,0.0010484913230156402,0.0001466563760647227,5.0131260568088256e-05,0.0002984433867466748,0.0019892644243525606,0.010723055391120135,0.04646940101639478,0.1583061606569754,0.4201425060478304,0.9015058961243871,1.6687130860283919,2.8084434410215233,4.374119955431992,6.225286688829395,7.963996230380703,9.038763156435689,9.478293252171422,9.09171445767045,8.104474898978294,6.725818391084235,5.082158570860384,3.4695515997340993,2.054588788714121,1.0240769492093735,0.41845164332690016,0.13793601958290289,0.036675576873153926,0.007905845818702574,0.0013856133357362827,0.0001977578499822253,2.300933353975188e-05,2.169513150164623e-06,1.6229835245764737e-07,9.358788113277753e-09,4.117628897254469e-10,1.3756700498959755e-11,0.0,0.0,0.0,0.0,0.0,0.0,0.0,0.0,0.0,0.0,0.0,0.0,0.0,0.0,0.0,0.0,0.0,0.0,0.0,0.0
0.058053449932577036,0.14506214635089196,0.32214354344098367,0.6069803776448045,0.937677771153617,1.1621678526225807,1.1534143967257133,0.9007842060387932,0.5411097040046349,0.24729792209420307,0.089679398454676,0.027236561780684395,0.007169481284658186,0.0016385942384085275,0.00031855882799010663,9.008999714228286e-05,0.0003470055313673337,0.0022111748701660926,0.011207858365705536,0.04235904845412194,0.11205864185421688,0.20896226078704036,0.30436157223314325,0.3815069998305794,0.42905617168013427,0.43537375737810574,0.4097263670695927,0.34698853353482434,0.2660617532056387,0.195210935720751,0.15549130920705173,0.12460287084044362,0.08145198199381012,0.041131697623919126,0.016747042965008247,0.0057752099849038615,0.0016948280637412122,0.0004069241681658656,7.522239701023563e-05,1.0233975156242075e-05,1.1000687722085254e-06,1.250566169464489e-06,1.3345926133460776e-05,0.00011775612647933226,0.0008385884975915679,0.005023345937150107,0.025816454527537357,0.1078211710393656,0.3252829638738494,0.689452714719307,1.148749429136812,1.649010896371249,2.1754336802261496,2.6681511799541924,3.048499555262045,3.242405111705076,3.0647047104731904,2.5823577759084695,1.9341926682526702,1.4632574662515219,1.5150337144606552,2.6318295047873113,5.213240011167794,9.07895871219337,13.208517149659055,16.330566673343053,17.700528579204576,17.286810261791196,15.578094369676537,13.381068047605828,11.295226318270323,9.517067045609634,7.850087535922177,6.013988915979401,4.046427269161791,2.285132981200665,1.0513033650712111,0.3883321706350336,0.11465698105837759,0.02708407386373331,0.005134245050502831,0.0007815822790888042,9.52368381291406e-05,9.246034966393195e-06,7.125940048887642e-07,4.3583644353704065e-08,2.1257012041180283e-09,8.231991653767695e-11,1.6732857126792746e-12,0.0,0.0,0.0,0.0,0.0,0.0,0.0,0.0,0.0,0.0,0.0,0.0,0.0,0.0,0.0,0.0,0.0,2.3843286005635562e-09,6.019867046315865e-08,9.719111481553289e-07,1.1890855789636643e-05,0.00011218114092224215,0.0008279959620025687,0.004843248438265464,0.022531555898092786,0.08316678345733727,0.24348342887993155,0.5684232898787294,1.0686234643834818,1.6270864253880468,2.0768463486188824,2.272764423095301,2.4218054194623475,2.8662043727764344,4.033576355523304,6.073346879809982,8.751342105753022,11.552077394110684,13.779918558445933,15.101417941399037,15.377824677475243,14.76844083296515,13.535117538292573,11.591761835297662,9.03523607897962,6.2533372056035486,3.8384361482944334,2.1170321796915412,1.0423705732889272,0.4497119230174574,0.169467798317593,0.05678497414375875,0.017418358824904546,0.005038523174011359,0.001406143675765343
0.0,0.0,0.0,0.0,0.0,0.0,0.0,0.0,0.0,0.0,0.0,0.0,0.0,0.0,0.0,0.0,0.0,0.0,0.0,0.0,0.0,0.0,0.0,0.0,0.0,0.0,0.0,0.0,0.0,6.211244848289178e-11,4.2259111836968615e-09,6.094546959992395e-08,8.02023759740821e-07,9.127102075860145e-06,8.67495760563002e-05,0.0006502138336639688,0.003677345385883231,0.01572763936103236,0.05240933768994432,0.13932571469777694,0.2974292874024814,0.5070353275094348,0.6751672459189064,0.7208761307971686,0.6128439873493239,0.4100482597286682,0.2228618321543259,0.0983473617110161,0.0345907408482594,0.009455836363265444,0.0020104042152121913,0.0003422018535238849,4.7690016479228625e-05,5.443383993210464e-06,5.007288276534802e-07,3.651723472960824e-08,2.115904528147033e-09,9.929231108830018e-11,3.696509543272024e-12,0.0,0.0,0.0,0.0,0.0,0.0,0.0,0.0,0.0,0.0,0.0,0.0,0.0,0.0,0.0,0.0,0.0,0.0,0.0,0.0,0.0,0.0,0.0,0.0,0.0,0.0,0.0,0.0,0.0,0.0,0.0,0.0,0.0,0.0,0.0,0.0,0.0,0.0,0.0,0.0,1.7560419083792818e-08,2.8149655355064184e-07,3.283399189652601e-06,2.911751549106336e-05,0.00020305641582849383,0.0011578593892376389,0.005565810857624469,0.022966115535223514,0.08191224588174745,0.25226022872765697,0.666144681970029,1.4914814238219658,2.8051784795285784,4.455105473941849,6.197768463609522,8.04135670765305,10.161092601726137,12.542493909370261,14.930852669322874,16.898896797611446,18.04527412541387,17.97047887429288,16.32237262206013,13.397520525080472,9.770558926477422,6.319889429682025,3.571284697128262,1.7275848254626052,0.7008144555711816,0.23577249360298694,0.06612868210867542,0.015710088320864953,0.0032215685751274216,0.0005763038754320045,8.951450544358013e-05,1.1818397890566884e-05,1.2811038033727091e-06,1.0961130627557558e-07,7.191604688083226e-09,3.5800540789667963e-10,1.2979108741333339e-11,0.0,0.0,0.0,0.0
0.0,0.0,0.0,0.0,0.0,0.0,0.0,0.0,0.0,0.0,0.0,0.0,0.0,0.0,0.0,0.0,0.0,0.0,0.0,0.0,0.0,0.0,0.0,0.0,0.0,0.0,0.0,0.0,0.0,0.0,0.0,0.0,0.0,0.0,0.0,0.0,0.0,0.0,0.0,0.0,0.0,0.0,0.0,0.0,0.0,0.0,0.0,0.0,0.0,0.0,0.0,0.0,0.0,0.0,0.0,0.0,0.0,0.0,0.0,0.0,0.0,0.0,0.0,0.0,0.0,0.0,0.0,0.0,0.0,0.0,0.0,0.0,0.0,0.0,0.0,0.0,4.3125932644723764e-10,1.6942072476789013e-08,2.562516114280847e-07,3.1578222806194564e-06,3.14674681754158e-05,0.00024680841955817905,0.0015466286224500394,0.00786148479951598,0.03266124143136781,0.11100067212965029,0.3092133928961528,0.7120629964310113,1.3740703192455368,2.2578058421172242,3.24523608364449,4.289776008902818,5.437582973190618,6.7823969626082174,8.264878917324761,9.55180115988853,10.27743001811791,10.29291166863171,9.661990404719049,8.540824829698757,7.198455677729807,6.0838976416353425,5.63092770381599,5.905024196259241,6.409847483412964,6.661193290345832,6.393394031398586,5.659447368397884,4.542397348803442,3.2546952164565908,2.014089515737614,1.0334464496336457,0.4242879240250061,0.13691458092136924,0.03496089433790394,0.007207903981283405,0.001221881452318382,0.00017203267967855885,2.0129663457815884e-05,1.9406544344478145e-06,1.513730289298513e-07,9.328957322907723e-09,4.446553424832453e-10,1.4941779454998527e-11,0.0,0.0,0.0,0.0,0.0,0.0,0.0,0.0,0.0,0.0,0.0,0.0,0.0,0.0,0.0,0.0,0.0,0.0,0.0,0.0
0.0,0.0,0.0,0.0,0.0,0.0,0.0,0.0,0.0,0.0,0.0,0.0,0.0,0.0,0.0,0.0,0.0,0.0,0.0,0.0,0.0,0.0,0.0,0.0,0.0,0.0,0.0,0.0,0.0,0.0,0.0,0.0,0.0,0.0,2.4799156616722068e-09,4.52153380828277e-08,6.737010521579472e-07,8.06292334579954e-06,7.407996737376713e-05,0.0005140840335993258,0.002736684716443927,0.01143371448335643,0.038084746907398076,0.10203744204028645,0.2225927807111091,0.40706508116883394,0.657727266823547,1.000877698994612,1.4896264224128297,2.1342637442717605,2.769477157039807,3.132310890206971,3.108042781905776,2.707682520838604,2.138404156380409,1.6021754344182957,1.2455491876842057,1.0373939338013896,0.8926877931160637,0.7340572391963569,0.5487579693851983,0.356933386302112,0.19212065707582607,0.08178284604613184,0.027015394835165206,0.006985635421465979,0.0014391452760353152,0.00024180160249761352,3.3977149030137735e-05,4.076051851223857e-06,4.232030148978894e-07,3.8061121204230524e-08,2.8938820431352188e-09,1.7525178964914005e-10,7.568468872413744e-12,0.0,0.0,0.0,0.0,0.0,0.0,0.0,0.0,0.0,0.0,8.644738877901647e-09,1.3905532681385855e-07,1.6320559358870253e-06,1.5470798993049273e-05,0.00011989721050301611,0.0007651331469180145,0.004021061418463994,0.017281375245452524,0.060040143146065816,0.16679032227798607,0.3689624442220014,0.6540811646413486,0.9432593539842988,1.1038003613999519,1.0403839589518626,0.8030219671368265,0.5312400193217517,0.44572102572819816,0.636498956784016,0.9884501628199246,1.3787105055313351,1.6719971167409997,1.752475021689828,1.6230099055981224,1.2704617687232027,0.825569811725401,0.4340747429075795,0.1810160225656582,0.059289100539757014,0.015358631408427503,0.0032193216555825572,0.0005582148794397449,8.094086245139372e-05,9.799268236431548e-06,9.780431808598697e-07,7.855754584369707e-08,4.918888548754611e-09,2.3408479818621275e-10,7.86193693982665e-12,0.0,0.0,0.0,0.0,0.0,0.0,0.0,0.0,0.0,0.0,0.0,0.0,0.0,0.0,0.0,0.0,0.0,0.0,0.0,0.0
0.0,0.0,0.0,0.0,0.0,0.0,0.0,0.0,0.0,0.0,0.0,0.0,0.0,0.0,0.0,0.0,0.0,0.0,3.6030454472021018e-09,5.735256528699045e-08,7.068170082862728e-07,6.78520649379532e-06,5.132519163710072e-05,0.00030545104404302377,0.0014386853256237735,0.0055263177636863245,0.018083061586576608,0.052053323947795965,0.13245522636999174,0.292995267894853,0.555357073104691,0.9100217046494707,1.3258237018954038,1.7775886638259843,2.21252270487989,2.6031788465097834,2.920613319578573,3.0905955879608538,3.042858156971133,2.6573910981017566,2.160294132799134,1.628185515726091,1.1490489058852562,0.7374579209036921,0.4176785774073455,0.20300218426039512,0.0823375271894177,0.027103631129477883,0.007104583092936484,0.0014874794031051145,0.0002541612209852784,3.631818396945521e-05,4.3736053684868186e-06,4.3825587011693026e-07,3.553365165122275e-08,2.258817234407131e-09,1.1080327083461775e-10,4.036548008390399e-12,0.0,0.0,0.0,0.0,0.0,0.0,0.0,0.0,0.0,0.0,0.0,0.0,0.0,0.0,0.0,0.0,0.0,0.0,0.0,0.0,0.0,0.0,0.0,0.0,6.996738370737221e-09,1.0886146692014218e-07,1.2905544441234465e-06,1.2164163673199125e-05,9.229495001618233e-05,0.0005682161934766395,0.0028546833144543074,0.011745265654676186,0.039535895588594154,0.10789255394887755,0.23421613112957793,0.39519774264779406,0.5082651007999371,0.5104964479128619,0.39698554762784133,0.246230689186314,0.1241898953835878,0.05224013293970492,0.018702266707623996,0.005709855317610226,0.0014537663499850871,0.0002972750798975067,4.72779843494441e-05,5.848640044957694e-06,5.852216970854944e-07,4.945612025462004e-08,3.588763356920755e-09,2.192172500250534e-10,1.0616797490983362e-11,0.0,0.0,0.0,0.0,0.0,0.0,0.0,0.0,0.0,0.0,0.0,0.0,0.0,0.0,0.0,0.0,0.0,0.0,0.0,0.0,0.0,0.0,0.0,0.0,0.0,0.0,0.0,0.0,0.0,0.0,0.0,0.0,0.0
0.0,0.0,0.0,0.0,0.0,0.0,0.0,0.0,0.0,0.0,0.0,0.0,0.0,0.0,0.0,0.0,0.0,0.0,0.0,0.0,0.0,0.0,0.0,0.0,0.0,0.0,0.0,0.0,0.0,0.0,0.0,0.0,0.0,0.0,0.0,0.0,0.0,0.0,0.0,0.0,0.0,0.0,0.0,0.0,0.0,0.0,0.0,0.0,0.0,0.0,0.0,0.0,0.0,0.0,0.0,2.4061420598023173e-09,4.217678807321845e-08,5.15069417364056e-07,5.268474025905113e-06,4.5604093059262254e-05,0.0003311997159078376,0.0019491305621120373,0.00883779172760939,0.030236334088610647,0.08006588725051518,0.16951282869380258,0.2909831414606236,0.40755235273921253,0.4582426331563059,0.43544879377497003,0.34653619766806615,0.22861114941800426,0.1242264113730826,0.054274791258421565,0.018723809784488288,0.005099245498200429,0.0011063681209944726,0.0001981641177553257,5.856620924706034e-05,0.0002495962688192961,0.001484362574092296,0.0069703097640164075,0.025747989036843808,0.07530922257615308,0.1762628380377873,0.3354788276994791,0.5309124278551106,0.7019615676199034,0.8363884631925999,0.9071762236709859,0.9307275596549585,0.9828414886228446,1.1575611134645878,1.530568374321804,2.1510462974347204,2.9447929836791085,3.775649891826423,4.563029806691573,5.409905708282736,6.528411097627625,8.245026223583762,10.591088375558892,12.896482315407205,14.271701065736224,14.024874118728434,12.718955673568283,10.513940005758334,8.223822603683901,6.189850717411513,4.656914259789251,3.734413511920289,3.3430128033314737,3.16690167195952,2.8489592532157206,2.275621387541519,1.5802626081462068,0.9352930630332448,0.4660315619328959,0.19549271140248498,0.06869945176479386,0.02002152322288606,0.004767940795243215,0.0009149111377169316,0.00014044676194578507,1.719778217811607e-05,1.668726129303826e-06,1.2665179968884473e-07,7.417307395945644e-09,3.5845597951579985e-10,1.5515654713517302e-11,3.3351422915710994e-13,0.0,0.0,0.0,0.0,0.0,0.0,0.0,0.0,0.0,0.0,0.0,0.0,0.0
1.8244898771944572e-07,1.7841490220984516e-06,1.7300805579972094e-05,0.00013652124667607523,0.0008672926937637064,0.004480631094353892,0.019219933511894084,0.06949311319655774,0.21181722919060883,0.5382352894095643,1.136707789119478,2.044289860252831,3.2701425172761995,4.786180282814862,6.421970352164339,7.696406869807422,8.285899278292725,8.259409877715068,8.250539509909801,8.700717198405764,9.902577860710561,11.795924491084724,14.377676485355144,17.54193152930207,20.88451519524045,23.12182047923072,23.36435496348171,21.53583284323792,17.921662622261945,13.425633731332294,9.182847750896478,5.835616670919153,3.472808903394668,1.9237029829867005,0.9733701451261542,0.43791075387268064,0.17030331854166808,0.0556484920147126,0.014820457508268308,0.0031340687429049618,0.0005193696167284273,6.74800517749408e-05,6.887878645665993e-06,5.493696284684606e-07,3.4020353017534786e-08,1.6423034163168259e-09,6.065910469801202e-11,0.0,0.0,0.0,0.0,9.772370965150435e-09,1.5599316338380764e-07,1.8976562916682343e-06,1.8074908137057348e-05,0.00013473881810819916,0.0007993189969697258,0.003853269225266108,0.015337739827739888,0.050782193567228004,0.13948058216443512,0.31403544881921774,0.5703243803675455,0.8284679639651173,0.9688122695999276,0.9545141165146642,0.8520671315493871,0.7270611540287464,0.6012529493055241,0.48618823625650387,0.3648746823133516,0.24100241882311604,0.13448348379531452,0.060431533924820126,0.021133021020058464,0.005716499793343109,0.0012118086607573193,0.0002032056521904783,2.9752549206128057e-05,3.182556021294869e-05,0.0002248476586278301,0.0013546478393167921,0.006427264664098362,0.024150384811729368,0.0720800754430904,0.17108596066635529,0.323971768847208,0.4933324194828959,0.5954251510133285,0.6003953917631866,0.4901813238619426,0.3218703427521208,0.17736032919895606,0.10239680369481086,0.11435128919386595,0.22102506176264464,0.42022288353705267,0.6774829512471576,0.9216612751229897,1.0722471159010214,1.060998109296347,0.9278695320087863,0.6750082012349045,0.41043230482635323,0.21024082855826837,0.09250972155876035,0.03547358117841259,0.011872363152287384,0.0034252158637783905,0.0008291667749859922,0.0001617913249633632,2.437351110127633e-05,2.819067439981186e-06,2.6045712404830437e-07,1.9803741003333892e-08,1.2453790562810171e-09,6.382549678370706e-11,3.74203172043384e-09,6.29353272409297e-08,7.733965542485345e-07,7.540969640785996e-06,5.855587932625909e-05,0.0003654238560374981,0.001850711592413926,0.007656103937462063,0.025846815202217946,0.07042403577636203,0.15236096489418843,0.2593071755526137,0.3510835795578725,0.37994554555723464,0.3488923198510378,0.2707996421010665,0.17580932225431703,0.09363827839735203,0.04011795641329821,0.015722678732542527,0.01452529563122061,0.0370281850091219,0.09158257053589096,0.1813713897603301,0.29339442071182836,0.40613458187806734,0.5043284527118174
0.0,0.0,0.0,0.0,0.0,0.0,0.0,0.0,0.0,0.0,0.0,0.0,0.0,0.0,0.0,0.0,0.0,0.0,0.0,0.0,0.0,0.0,0.0,0.0,0.0,0.0,0.0,0.0,0.0,0.0,0.0,0.0,0.0,0.0,0.0,0.0,0.0,0.0,0.0,0.0,0.0,0.0,0.0,0.0,0.0,0.0,0.0,0.0,0.0,0.0,0.0,0.0,0.0,0.0,0.0,0.0,0.0,0.0,6.980583355149906e-09,1.0868673431381851e-07,1.2803923330771976e-06,1.207495438696702e-05,9.102256151889072e-05,0.0005521177641506655,0.0027259615551357844,0.01099078142725094,0.03627951626743376,0.09952269246439518,0.23335293327025913,0.483604574306885,0.9060306755395942,1.559206546854506,2.4977601006943146,3.768305389149596,5.384151000861469,7.29101787883273,9.343805704766119,11.320187775130245,12.968253275797258,13.732010979264036,13.39692825685772,11.885571018936028,9.368671307413944,6.682748699109228,4.372430665460308,2.6509899366528713,1.4822999007385569,0.7487835529742191,0.33136934799880075,0.12543434105481555,0.04003882110568251,0.010647127203875043,0.0023189845245015018,0.0004043742687373082,5.518947026062279e-05,5.818190434319596e-06,5.230818139116941e-07,4.411260308338858e-08,3.23997206723868e-09,1.9163823426390404e-10,7.978151199883255e-12,0.0,0.0,0.0,0.0,0.0,0.0,0.0,0.0,0.0,0.0,0.0,0.0,0.0,0.0,0.0,0.0,0.0,0.0,0.0,0.0,0.0,0.0,0.0,0.0,0.0,0.0,0.0,0.0,0.0,0.0,0.0,0.0,0.0,0.0,0.0,0.0,0.0,0.0,0.0,0.0,0.0,0.0,0.0
0.0,0.0,0.0,0.0,0.0,0.0,0.0,0.0,0.0,0.0,0.0,0.0,0.0,0.0,3.5062034966912234e-09,5.688764051363211e-08,6.077317881645815e-07,5.560879313788727e-06,4.4418637418103496e-05,0.0002956025097961575,0.0015691971064857716,0.006966598395232825,0.026632993261915837,0.08763126090991853,0.24262483668051957,0.5500561480590898,1.018564328236454,1.5931035553615196,2.223167040061721,2.838356963604695,3.419084474437039,3.9624229104374216,4.723974949848979,6.014817452719866,8.139130160126433,10.872906115405666,13.504799767887391,15.553008707757385,16.888341943921304,18.162517459842785,20.108119480050327,22.68923473367719,25.21985545367115,27.1587865702017,28.234125522400756,28.520334892424493,28.358845363118995,27.420973255101153,25.567551539304368,22.881870190766744,19.615863046953663,16.141667734039302,12.731549048220579,9.578832012254411,6.810936196938559,4.518939904079479,2.7460681576077457,1.4972431093468153,0.7233202145161352,0.30618902410849913,0.11201301991730932,0.03474688858615752,0.008918041646518157,0.0018424124452701544,0.00030106713297435583,3.9106148411398664e-05,4.108234504192257e-06,3.762516037514735e-07,3.366655671710079e-08,2.7484770237088624e-09,1.893274016937792e-10,9.231413997943608e-12,0.0,0.0,0.0,0.0,0.0,0.0,0.0,0.0,0.0,0.0,0.0,0.0,0.0,0.0,0.0,0.0,0.0,0.0,0.0,0.0,0.0,0.0,0.0,0.0,0.0,0.0,0.0,0.0,0.0,0.0,0.0,0.0,0.0,0.0,0.0,0.0,0.0,0.0,0.0,0.0,0.0,0.0,0.0,0.0,0.0,0.0,0.0,0.0,0.0,0.0,0.0,0.0,0.0,0.0,0.0,0.0,0.0,0.0,0.0,0.0,0.0,0.0,0.0,0.0,0.0,0.0,0.0,0.0,0.0,0.0,0.0,0.0
0.0,0.0,0.0,0.0,0.0,0.0,0.0,0.0,0.0,0.0,0.0,0.0,0.0,0.0,0.0,0.0,0.0,0.0,0.0,0.0,0.0,0.0,0.0,3.0914870967579495e-09,4.7276730851578676e-08,4.748022624305928e-07,3.966376159657418e-06,2.969573866838832e-05,0.00020563353043176477,0.0012554404855766794,0.0066732760976575215,0.031129941622054975,0.12440165029296757,0.3964292743947066,0.9552446138384955,1.8006829428743287,2.8711294265873173,4.063827275959867,5.028264038240247,5.354046822313192,4.961930224839708,4.492586207874778,4.434997407333854,5.372792523378659,7.225303943893081,9.454610325048524,11.296941106241075,12.201192776718305,12.475414376720497,12.986467140044827,14.04229024314883,15.661314562186618,17.23231632944059,18.364550764245166,18.604048070440008,18.63144545625456,18.174037536290594,17.60805273715552,17.155879022169962,17.065050885247246,17.58638651314798,18.61438428083698,19.80899192654227,20.28712635202767,19.811314147909773,17.880951035297656,15.03870197984611,12.025923714979616,9.280257074677994,6.920089378791206,4.900512762028575,3.186412422492427,1.831123678556319,0.9026183631304836,0.37473337292964903,0.12849830170819837,0.035382169252598926,0.00789538724679931,0.0014745804753386518,0.00023365393971075754,3.112886998882506e-05,3.4200703768414906e-06,3.0394020051587064e-07,2.133120609344873e-08,1.1411922546733367e-09,4.3453094956113376e-11,1.9552453420121712e-13,0.0,0.0,0.0,0.0,0.0,0.0,0.0,0.0,0.0,0.0,0.0,0.0,0.0,0.0,0.0,0.0,0.0,0.0,0.0,0.0,0.0,0.0,0.0,0.0,0.0,0.0,0.0,0.0,0.0,0.0,0.0,0.0,0.0,0.0,0.0,0.0,0.0,0.0,0.0,5.93136196624215e-09,8.561913848789153e-08,9.101085578212859e-07,7.601091647371908e-06,5.1872139051363455e-05,0.00029979144768590017,0.0015003666670872164,0.006505607656640969,0.0236587425578101,0.06812915906900718,0.1522046980771985,0.2678726066746231,0.39003427759595705,0.49760306223763323,0.5832709222917118,0.6485847001765499,0.6976955550030473,0.7345528406137112
0.0,0.0,0.0,0.0,0.0,0.0,0.0,0.0,0.0,0.0,0.0,0.0,0.0,0.0,0.0,0.0,0.0,0.0,0.0,0.0,0.0,0.0,0.0,0.0,0.0,0.0,0.0,0.0,0.0,0.0,0.0,0.0,0.0,0.0,0.0,0.0,0.0,0.0,0.0,0.0,0.0,0.0,0.0,0.0,0.0,0.0,0.0,0.0,0.0,0.0,0.0,0.0,0.0,0.0,0.0,0.0,0.0,0.0,0.0,0.0,0.0,0.0,0.0,0.0,0.0,0.0,0.0,0.0,0.0,0.0,0.0,0.0,0.0,0.0,0.0,0.0,0.0,0.0,9.285154892417462e-09,1.3152496486209109e-07,1.3956676107365187e-06,1.1645588202939004e-05,7.837135201014019e-05,0.00043920069163312214,0.002096542444101329,0.0085831791775128,0.029719905902586878,0.08466994899845896,0.19815001487700917,0.38128442651606703,0.604112445829928,0.7780681364013645,0.8608561494817627,0.8900955189614782,1.0094914964362505,1.422484452183004,2.1569377923628044,3.04674912662839,3.72591062857896,4.093461359092796,4.147957577918806,4.137590369669563,4.290013595991313,4.77615937345445,5.447197626074682,6.019844514215629,6.229824018841812,5.875504097695739,5.055588750096442,3.79147275789949,2.4097552585226323,1.2493742633334426,0.5139474598469693,0.1661505969303886,0.04238040851548037,0.008748359654590348,0.0015467810915353016,0.00023693707801741102,3.093444538187375e-05,3.3418917291801953e-06,2.91055205925122e-07,2.0120918568142743e-08,1.0902865457110322e-09,4.512041528131939e-11,2.47134124321148e-14,0.0,0.0,0.0,0.0,0.0,0.0,0.0,0.0,0.0,0.0,0.0,0.0,0.0,0.0,0.0,0.0,0.0,0.0,0.0
0.0,0.0,0.0,0.0,0.0,0.0,0.0,0.0,0.0,0.0,0.0,0.0,0.0,0.0,0.0,0.0,0.0,0.0,0.0,0.0,0.0,0.0,0.0,0.0,0.0,0.0,0.0,0.0,0.0,0.0,0.0,0.0,0.0,0.0,0.0,0.0,0.0,0.0,0.0,0.0,0.0,0.0,0.0,0.0,0.0,0.0,0.0,0.0,0.0,0.0,0.0,0.0,0.0,0.0,8.775617365300411e-10,1.877395868381716e-08,2.1128584250489822e-07,2.221389220236294e-06,1.930287573123062e-05,0.00013684613215367313,0.0007979341540001277,0.0038235361885829927,0.014979128403774866,0.04750345628913795,0.12011685679538904,0.23973862123929882,0.3813770797524996,0.4981877720017436,0.5442809368337295,0.5161252462460941,0.42965960932035474,0.3062724314399362,0.18342888294111362,0.08912622662395672,0.03406073658264757,0.010102831487716646,0.0023331119221680465,0.00043814064570954595,6.940825905416077e-05,9.269329098785359e-06,1.0170526575892836e-06,8.926793771329652e-08,6.209221837305219e-09,3.412321408845379e-10,1.4496537966364684e-11,0.0,0.0,8.24620792567632e-09,1.2167654004721892e-07,1.3552571532042252e-06,1.1782762106086555e-05,8.194924088821143e-05,0.00046838952237246927,0.002235857106688482,0.008886143270791463,0.028866774379630512,0.07551930761664385,0.16201821876042866,0.29218759900947616,0.4451331902312969,0.5495278695256667,0.5588856592610899,0.45694221884997976,0.294566531826696,0.15806506642912568,0.07559424502820598,0.044971736905282333,0.0649791261445588,0.15771762629715907,0.36526472091804696,0.6957789529894127,1.0228714988284753,1.1625146971930695,1.0934339385903347,0.94114222051694,0.9915407515400944,1.4050336613263816,2.0658435116756917,2.7447600297816717,3.1208042644220493,3.017221721235338,2.4810182957376083,1.7005684132324006,0.980337707173209,0.4726846707830408,0.1905108795858264,0.06417692373821479,0.018013730863537893,0.004200518899450641,0.0008091549422871984,0.00012804993972853873,1.663592128929866e-05,1.7754093177568445e-06,1.5451119664909834e-07,1.1224610444224878e-08,7.90830229540784e-10,4.850567152540225e-11,1.9022387887758428e-12,0.0,0.0,0.0,0.0,0.0,0.0
0.0,0.0,0.0,0.0,0.0,0.0,0.0,0.0,0.0,0.0,0.0,0.0,0.0,0.0,0.0,0.0,0.0,0.0,0.0,0.0,0.0,0.0,0.0,0.0,0.0,0.0,0.0,7.85274925532873e-11,9.822059473151548e-09,1.3952686440224566e-07,1.5926313960929699e-06,1.46961275504248e-05,0.00010894857515164876,0.0006501351908915497,0.0031857646018421796,0.013117350628029703,0.04592094903371336,0.1359481660488953,0.33237350719977155,0.655716766427379,1.0522837098315547,1.3625764507545657,1.57451385118301,1.6215241750150267,1.508980014170239,1.3109801007397337,0.9919923852512168,0.6333952436788536,0.33676415253762915,0.14846638824995997,0.05451552035029729,0.01677773349255307,0.004326143583338343,0.0009240795603529439,0.00015992130666774403,2.1813902953266068e-05,2.3013838929216588e-06,2.2038936622841904e-07,4.305735763945401e-07,4.7546415364117445e-06,4.380058740894354e-05,0.0003250971810774164,0.0019370524383612187,0.009292627829787889,0.036047870746012636,0.11319629570443249,0.29043067842998915,0.621740401812539,1.1397360380059092,1.829853050430056,2.6059292635124445,3.2164731101617585,3.6638374516938486,3.7469236869450406,3.6419329775439557,3.4253497269583604,3.0144032123987246,2.3643128701030682,1.5942707757708043,0.904945033238473,0.42899469618226566,0.1695749374013386,0.05574075199147567,0.015078702827322566,0.0032844244894832814,0.0005621261957619595,7.668536246163368e-05,9.288328308454519e-06,1.0056040686464042e-06,9.296907295081002e-08,6.986106362586998e-09,4.1129246123922733e-10,1.7869862945981442e-11,5.698583268616295e-10,1.6255500299217545e-08,2.04167089197554e-07,2.226975550595019e-06,1.8976162292619823e-05,0.00012839804531082058,0.0006987385918664527,0.003086858803685419,0.01115514485533806,0.033179179961387584,0.08177047792029225,0.1689959864555615,0.29739486582986896,0.45011885484437525,0.5891798357458761,0.6343449044565118,0.5937512458412806,0.4416805668082871,0.25680088001460166,0.11536972332672724,0.03990957043602876,0.010701268808520025,0.002290087615459914,0.0004157709706524033,6.497415464868212e-05,8.593417137425019e-06,9.29868977101319e-07,7.975463097276552e-08,5.350692488858198e-09,2.8215638606048573e-10,1.1728516624155504e-11,6.420831565483295e-15,0.0,7.533846683730824e-09,1.0416354632647608e-07,1.0732829285816845e-06,8.738884160754781e-06,5.863728556180078e-05,0.0003363089360113986,0.0016868336749593141,0.00742701438163888,0.02802647302514292,0.08691664678368519,0.22084142487397,0.4659576189373179,0.8362480157779937,1.3115154279699879,1.8437056885608278,2.374877331685026,2.854444792724087,3.2493815619188573
3.55822719519158e-05,0.00017214457961238836,0.0009408192017434931,0.004283259025909198,0.01624220163805964,0.05091722390701995,0.1307577146697027,0.27399963631518415,0.47640123403068174,0.7197835806584991,1.003638388406599,1.346097602289059,1.8259372433843992,2.4085423849873373,2.994963331698216,3.427363742844306,3.5877370996537232,3.4787669421653353,3.2592069007451974,3.0751637999582853,3.127403743759434,3.5904057022259117,4.501402870285274,5.61216054812538,6.438906736448357,6.91907097387938,6.999089498807621,6.555547799346523,5.870082153174225,5.162560331459966,4.518491089724885,3.8214777169160876,3.013259564306794,2.075916620506894,1.2149572690697634,0.6089898894169489,0.2641358814554307,0.09668779674141878,0.028825940636585064,0.006994091008521467,0.0013957666040310594,0.00023060913138324733,3.124422925664196e-05,3.4215324371018278e-06,2.9977338882012064e-07,2.078427202963766e-08,1.1225193444418903e-09,4.571189148143403e-11,5.263275637197388e-13,0.0,0.0,0.0,0.0,0.0,0.0,0.0,0.0,0.0,0.0,0.0,0.0,0.0,0.0,0.0,0.0,0.0,0.0,0.0,0.0,0.0,0.0,0.0,0.0,0.0,0.0,0.0,0.0,0.0,0.0,0.0,0.0,0.0,0.0,0.0,0.0,0.0,0.0,0.0,0.0,0.0,0.0,0.0,0.0,0.0,0.0,0.0,0.0,0.0,0.0,0.0,0.0,0.0,0.0,0.0,0.0,0.0,0.0,0.0,0.0,0.0,0.0,0.0,0.0,0.0,0.0,0.0,0.0,0.0,0.0,0.0,0.0,0.0,0.0,0.0,0.0,0.0,0.0,0.0,0.0,0.0,0.0,0.0,0.0,0.0,0.0,0.0,0.0,0.0,0.0,0.0,0.0,0.0,0.0,0.0
0.0,0.0,0.0,0.0,0.0,0.0,0.0,0.0,0.0,0.0,0.0,0.0,0.0,0.0,0.0,0.0,0.0,0.0,0.0,0.0,0.0,0.0,0.0,0.0,0.0,0.0,0.0,0.0,0.0,0.0,0.0,0.0,0.0,0.0,0.0,0.0,0.0,0.0,0.0,0.0,0.0,0.0,0.0,0.0,0.0,0.0,0.0,0.0,0.0,0.0,0.0,0.0,3.5356230252604225e-09,5.537374226461004e-08,5.852469949997706e-07,5.201602479428308e-06,4.028063270769353e-05,0.0002694475026905139,0.0014520650767111181,0.006370071598066679,0.023291345500356282,0.07164237818880903,0.18363462628012528,0.38289781279548374,0.6340654967200805,0.8260764420527658,0.8828593889482266,0.7952389304892107,0.6745379798217088,0.6272024067655869,0.6604401589773323,0.7581491429279715,0.8721712546072709,1.0178057244007015,1.1466373472443911,1.2217968922534042,1.186646751673556,0.9952005473213132,0.7102488203147626,0.41787341613421713,0.21877186694581302,0.14631236654379884,0.19168249971533555,0.3315225161168932,0.5213980359825926,0.7034006466667708,0.8441360496794224,0.962494061545194,1.1365612431280379,1.4166454961311747,1.7930349931665077,2.1935665538982834,2.5695986160074966,2.961862852905001,3.494184505890111,4.353998827106565,5.605642101857962,7.1346990799724015,8.575713041781404,9.49868749454603,9.777582369510586,9.537439606601193,9.028656979535963,8.558342649095547,8.062190234989064,7.524162899293256,6.929604696450452,6.270142825949047,5.4736665933741335,4.524036040078469,3.4873273865373067,2.510623647967993,1.7373638737504422,1.1286102909208824,0.6567904080668345,0.33067538281362624,0.14152199978782604,0.050946008646400885,0.015333699912998119,0.0038312145388583567,0.0007862142351935493,0.0001312866856415506,1.778551668338584e-05,1.951617182225395e-06,1.725755637227393e-07,1.3984975878312029e-08,1.057457517925755e-09,6.704704087856195e-11,2.8607993883464285e-12,0.0,0.0,0.0,0.0,0.0,0.0,0.0,0.0,0.0,0.0,0.0,0.0,0.0,0.0,0.0
0.0,0.0,0.0,0.0,0.0,0.0,0.0,0.0,0.0,0.0,0.0,0.0,0.0,0.0,0.0,0.0,4.834412028567161e-10,1.23229991062838e-08,1.4843555351218268e-07,1.5778788132696846e-06,1.3132708912864731e-05,8.919632494669316e-05,0.0005096346390639603,0.0024566845826358625,0.009776244343554414,0.03109681247568613,0.07710703263950655,0.1497927719939411,0.2376783094739457,0.32185364952588164,0.38230835056816664,0.3839020293278864,0.34604960609966556,0.2514194356952304,0.14714869602984113,0.06902184038446535,0.02623300234288789,0.008061666945257891,0.001970817053133342,0.0003918612241755992,6.467835879920238e-05,8.848438885532354e-06,9.796600944665184e-07,8.571263420943783e-08,5.879619208509474e-09,3.170802174378501e-10,1.3341992627668154e-11,0.0,0.0,0.0,0.0,0.0,0.0,0.0,0.0,0.0,0.0,0.0,0.0,0.0,0.0,0.0,0.0,0.0,0.0,0.0,0.0,0.0,0.0,0.0,0.0,0.0,0.0,0.0,0.0,0.0,0.0,0.0,0.0,0.0,0.0,0.0,0.0,0.0,0.0,9.011289551200142e-11,4.1455385597882146e-08,6.221400314710925e-07,7.103712941155052e-06,6.369228235408412e-05,0.0004537061593563877,0.002616123994705289,0.01244045768341254,0.049213337405660876,0.1612157949198202,0.433265597935301,0.9523661490136155,1.7347799598675937,2.6498505739977296,3.330596104782395,3.419623167066434,2.95457188779011,2.024136369301748,1.1517283031476702,0.5576005790980487,0.2329289148154227,0.08477761606440311,0.026896664250953335,0.0073909682328061835,0.001731129825404566,0.0003356067293568501,5.16010814705492e-05,6.022276843925516e-06,5.214090207258569e-07,3.365221085435608e-08,1.8616842147262206e-09,1.0450086740345403e-10,3.797169521699408e-12,0.0,0.0,0.0,0.0,0.0,0.0,0.0,0.0,0.0,0.0,0.0,0.0,0.0,0.0,0.0,0.0,0.0,0.0,0.0,0.0,0.0,0.0,0.0,0.0,0.0,0.0
0.0,0.0,0.0,0.0,0.0,0.0,0.0,0.0,0.0,0.0,0.0,0.0,0.0,0.0,0.0,0.0,0.0,0.0,0.0,0.0,0.0,2.8994014076081936e-10,9.470802337839734e-09,1.3455355144000811e-07,1.6097910461570475e-06,1.606235937615442e-05,0.0001299476015133745,0.0008138371885686273,0.0038248659624415776,0.013675923552078879,0.038647474226500576,0.08880021810479606,0.16953042767035514,0.27820495477987456,0.4159143998044957,0.612128997069722,0.9610723620844873,1.579692589451797,2.5738899011084473,4.015955131123792,6.023200362346528,8.659436933893693,11.786167861878342,14.839704196063753,17.509784596036564,19.627018317788025,21.316860755500066,22.323392543653977,22.488513589382656,21.725424146065528,20.1971276448464,18.063501711096997,15.635134860306518,13.062100920820535,10.439780242858529,7.784133653417139,5.2125119907632484,3.0140357917430665,1.4664678462320462,0.5960678184776452,0.20234416570614977,0.05681126853366312,0.012928608154364927,0.0023537025374175077,0.0003431545282709848,4.008576229172394e-05,3.727864488116946e-06,2.7488092768509635e-07,1.623495971107702e-08,7.871062851800905e-10,3.099999073386079e-11,7.584883561340868e-13,0.0,0.0,0.0,0.0,0.0,0.0,0.0,0.0,0.0,0.0,0.0,0.0,0.0,0.0,0.0,0.0,0.0,0.0,0.0,0.0,0.0,0.0,0.0,0.0,0.0,0.0,0.0,0.0,0.0,0.0,0.0,0.0,0.0,0.0,0.0,0.0,0.0,0.0,0.0,0.0,0.0,0.0,0.0,0.0,0.0,0.0,0.0,0.0,0.0,0.0,0.0,0.0,0.0,0.0,0.0,0.0,0.0,0.0,0.0,0.0,0.0,0.0,0.0,0.0,0.0,0.0,0.0,0.0,0.0,0.0,0.0,0.0
0.0,0.0,0.0,0.0,0.0,0.0,0.0,0.0,0.0,0.0,0.0,0.0,0.0,0.0,0.0,0.0,0.0,0.0,0.0,0.0,0.0,0.0,0.0,0.0,0.0,0.0,0.0,0.0,0.0,0.0,0.0,0.0,0.0,0.0,0.0,0.0,0.0,0.0,0.0,0.0,0.0,0.0,0.0,0.0,0.0,0.0,0.0,0.0,0.0,0.0,0.0,0.0,0.0,0.0,0.0,0.0,0.0,0.0,0.0,0.0,0.0,0.0,0.0,0.0,0.0,0.0,0.0,0.0,0.0,0.0,0.0,0.0,0.0,0.0,0.0,0.0,0.0,0.0,0.0,0.0,0.0,1.2008962338031016e-10,6.758288480536158e-09,1.0385715933562297e-07,1.3342220605165377e-06,1.409896727520219e-05,0.00012060138085159602,0.0008019587720793486,0.003945407836005823,0.014123165703517054,0.03842502949475991,0.08361338054731346,0.14793708227089178,0.2111066264130504,0.22777617671916076,0.20573417103392447,0.15420128070655567,0.12768962884661186,0.20338032582063598,0.4751212606144421,1.101348224941728,2.122846830505915,3.3179923668155906,4.270295746551192,4.7137966853052315,4.612601666323334,4.0984558375159414,3.2819732949567437,2.3457843972810406,1.4282818839404179,0.7097436948859802,0.2806117349942351,0.08778062709399358,0.021614166487758286,0.004159705670214848,0.0006277611643558283,7.551451792173333e-05,7.3152018980882504e-06,5.740247856480698e-07,3.67462029890982e-08,1.928384817411241e-09,8.328626433908213e-11,2.0995713730238547e-12,0.0,0.0,0.0,0.0,0.0,0.0,0.0,0.0,0.0,0.0,0.0,0.0,0.0,0.0,0.0,0.0,0.0,0.0,0.0,0.0,0.0
0.0012106844898926792,0.0039823564226133075,0.012785248521866976,0.03729280130457487,0.09623314019276166,0.21278988649106287,0.3923853086494825,0.5974183673440402,0.7422615738078217,0.7873420325290998,0.7305867542202099,0.5992013706018845,0.4473228672986292,0.30449435464231583,0.1733479936153181,0.07968775935443831,0.02922232997700994,0.008693900478771081,0.0021248019478346094,0.0004231444097959332,6.702777437178346e-05,8.23700077741997e-06,7.798989880153633e-07,5.809495610981596e-08,3.5275817466698222e-09,1.7839291532333647e-10,7.312608823037762e-12,0.0,0.0,0.0,0.0,0.0,0.0,0.0,0.0,0.0,0.0,0.0,0.0,0.0,0.0,0.0,0.0,0.0,0.0,0.0,0.0,0.0,0.0,0.0,0.0,0.0,0.0,0.0,0.0,0.0,0.0,0.0,0.0,0.0,0.0,0.0,0.0,0.0,0.0,0.0,0.0,0.0,0.0,0.0,0.0,0.0,0.0,0.0,0.0,0.0,0.0,0.0,0.0,0.0,0.0,2.973211387632091e-10,1.6599643624118554e-08,2.487405179890452e-07,3.0177936403026613e-06,3.0103033347647617e-05,0.000247597948128315,0.0016476856752490312,0.008728402949605455,0.03665703685414175,0.12431284798094382,0.3497379015612433,0.8327227969900425,1.7030697922340399,3.0497980806085003,4.907550078840607,7.282919516826559,10.105991115573872,12.948040322932329,14.493973486271827,13.948649644140628,11.052050926668798,7.13736238281711,3.8929345288218307,1.8478998163263693,0.7811610166579802,0.2964878955622308,0.10014969726335554,0.029362293901127972,0.007195157871480477,0.0014187591285370004,0.00021936068970929886,2.6075816974948525e-05,2.351367226010019e-06,1.618731973947475e-07,8.812696691471143e-09,3.975884224269732e-10,1.3522254291615968e-11,1.6410423081471756e-13,0.0,0.0,0.0,0.0,0.0,0.0,0.0,0.0,0.0,0.0,0.0,0.0,0.0,0.0,0.0,0.0,0.0,0.0,0.0,0.0,0.0,0.0,0.0,0.0,0.0
0.224252842796454,1.8529055600378865,2.0308855051276082,2.3644246117244356,3.6329987843891733,4.8696224502571015,4.919219326054365,4.632584111550073,4.420656929955369,4.184687061482359,3.906321467651857,3.7405733315075653,3.7320523118435127,3.9330309192220945,4.228886438861846,4.574334154787877,4.671785110922836,4.597027014142151,4.4135902917735335,4.188240039503612,4.023547881221378,3.922211734792737,3.823510987996442,3.7479539470601666,3.711733156228523,3.7731327029380837,3.912763261212033,4.023807520170933,3.948500007095667,3.7692793471976658,3.622546762700901,3.4454430153506683,3.139341968236264,2.6600945047137214,2.123972046313832,1.5404714200586835,1.0080514317396552,0.5748753159228599,0.28413376566646475,0.12291316103984186,0.04653775780269947,0.014823334107029254,0.0037526421779991567,0.0007318329537639646,0.00010994777197267103,1.2858443323672714e-05,1.1813031468000038e-06,8.591892028420202e-08,4.9850716088333916e-09,2.313970498865135e-10,8.487126988638272e-12,0.0,0.0,0.0,0.0,0.0,0.0,0.0,0.0,0.0,3.0260633525352726e-09,4.8765873487897526e-08,6.32558481984633e-07,6.5827787932140574e-06,5.3617271818837965e-05,0.00033474396983727226,0.0016063342770448591,0.006077223137412735,0.018774469376087764,0.04898690109701111,0.11071027372759831,0.2196969436044854,0.3862922661432853,0.5893143613835575,0.8456504624661481,1.0650860284244836,1.1885288196943586,1.2670098271538244,1.2536862959576376,1.180480523830799,1.0353284285530204,0.7757816281362683,0.5009597365173124,0.3308109911523961,0.32360014233582785,0.456695298001963,0.6464799913045722,0.7637098669203388,0.692973745303535,0.4787157721602761,0.25113974413263707,0.10349571184123584,0.034092237437979594,0.008997890826975599,0.0019011737601170356,0.0003235404807762188,4.494884595190541e-05,5.630102023578965e-06,5.765361209134314e-06,4.4972357932744224e-05,0.0002945176705075346,0.0014810601907241303,0.005728043366811846,0.01716893253219258,0.04060850469946289,0.07795493478403413,0.12507763005194572,0.1714003886150994,0.1995385920109416,0.2053445912261147,0.18035905300782992,0.15870803629709915,0.18551207859360233,0.2714890056109747,0.36592786864983484,0.3965790828781036,0.3375556263486291,0.22749465814195763,0.12197588477281937,0.05236388631157605,0.01801887187492778,0.004963464753999114,0.0010951422907739348,0.0001942143097122099,2.7713739441818513e-05,3.1627524190033584e-06,2.8527500749749063e-07,2.0134390834189832e-08,1.1121921841587176e-09,4.861473313678732e-11,1.5815812604924504e-12,0.0,0.0,0.0,0.0,0.0,0.0,0.0,0.0,0.0,0.0,0.0,0.0,0.0
0.0,0.0,0.0,0.0,0.0,0.0,0.0,0.0,0.0,0.0,0.0,0.0,0.0,0.0,0.0,0.0,0.0,0.0,0.0,0.0,0.0,0.0,0.0,1.366912647864668e-10,6.786423637068016e-09,1.0078838550641705e-07,1.2283635627283038e-06,1.1878223190356447e-05,8.856073143220478e-05,0.0004984627800602894,0.0020983557283347906,0.00666781058260544,0.016689032687633946,0.03479794131514707,0.06286622454340451,0.09973676903237937,0.1378715339671052,0.1571747721747519,0.14715770250836968,0.10767418001850393,0.05955440265928125,0.025219394914452187,0.008214146451020731,0.0020533037395181046,0.00039364426579958017,5.853917917545235e-05,6.890262179029885e-06,6.512596596451498e-07,4.9412877124374226e-08,2.9729152449407084e-09,1.3976639190055463e-10,5.005158944983551e-12,0.0,0.0,0.0,0.0,0.0,0.0,0.0,0.0,0.0,0.0,0.0,0.0,0.0,0.0,0.0,0.0,1.3849481078145124e-09,2.442073213825993e-08,3.3285567895789333e-07,3.8429316227895065e-06,3.637983080663231e-05,0.00027441174988145897,0.0016355959559556982,0.007712563253429756,0.028565284617512003,0.08169021915652043,0.17869984212394557,0.3021450613279688,0.3986100171333404,0.42548450115542763,0.35800754867815676,0.24091202809252849,0.14278683848879067,0.10731025196636867,0.15622805666929626,0.308548810442573,0.5831176824361474,0.982614117004151,1.4915545811213409,2.127208614308015,2.868470226065412,3.647366318928532,4.391322991947679,5.021278503089735,5.649260505146613,6.305150149992945,6.968488220076549,7.425097251269618,7.2449100798270205,6.5356942202884385,5.5426966503088835,4.765660752116285,4.169211355506408,3.720105291850857,3.306938953293657,2.9052085458867367,2.5958896375708163,2.3574057220692244,2.0534372360032247,1.5726617833159984,1.064941916146139,0.725915280153753,0.578815372933553,0.5015964885122438,0.39934335939128823,0.2626258239694513,0.13643315001236297,0.055425175412755996,0.01784138874158011,0.0046415153315390026,0.0009878765196675,0.00017232776261249605,2.4503448159101256e-05,2.8095283074573358e-06,2.5595586198581045e-07,1.8260481254123722e-08,1.014965437605626e-09,4.45017286137956e-11,1.459894846223731e-12,0.0,0.0,0.0,0.0,0.0,0.0,0.0,0.0,0.0,0.0,0.0,0.0,0.0
0.07035994579403923,0.13813857113487132,0.22339584605885227,0.2870645336630212,0.2782151582331053,0.21559410881296112,0.12775132899961766,0.05890948868959143,0.02117784206428987,0.005966650097068175,0.00133467046695849,0.00024182829546819912,3.6148737751381795e-05,4.467368000854034e-06,4.444413451889232e-07,3.383390569250265e-08,1.9009485789033256e-09,8.055742590605095e-11,2.60005797892105e-12,0.0,0.0,0.0,0.0,0.0,0.0,0.0,0.0,0.0,0.0,0.0,0.0,0.0,0.0,0.0,0.0,0.0,0.0,0.0,0.0,0.0,0.0,0.0,0.0,0.0,0.0,0.0,0.0,0.0,0.0,0.0,2.7535773127778047e-10,9.48268417350361e-09,1.387100478704013e-07,1.6317873808435137e-06,1.5271538971552108e-05,0.00011448486279096787,0.0006930514235842648,0.003378111510328307,0.013125564138901794,0.0406705025285764,0.10110965425792938,0.20085857569124208,0.3123306326194785,0.35937561382723765,0.3206097666348233,0.22050409380628722,0.11913917731560493,0.05755453577692974,0.05438820585938205,0.09801711981261312,0.23313632463360173,0.5020546877927663,0.9397113585621149,1.4742459946384892,1.980974768712562,2.426058725986259,2.828781135610129,3.260673556283499,3.5780351056905593,3.6760418706664146,3.462609823351102,2.958677454937347,2.3201786082576965,1.736892855507222,1.3397101668854094,1.1252555761141534,0.9966930489785001,0.8409922784945245,0.619342556633604,0.39793568145653735,0.2680982244533214,0.23354100728321642,0.2602453460591238,0.27237846412239114,0.24525332789590076,0.18010961028963685,0.11449615305542164,0.08800282539130702,0.14003688961816338,0.32302555541196337,0.6640531892806909,1.080419537897273,1.4068932642502538,1.5528869893876835,1.5122100906512597,1.3955725726938935,1.2921861080818962,1.2573697162015731,1.301690224089368,1.4311838744905026,1.6424074355231262,1.9441367288777174,2.238456946763655,2.3755252359268524,2.19831535593338,1.7426821488128788,1.2304894571583578,0.8096790612557546,0.5029982412497283,0.28325056460853165,0.13662011179072245,0.055196309136623246,0.018479035610823098,0.0050773738959082075,0.0011325659208974333,0.00020289015262891298,2.8916081382352096e-05,3.257191304798109e-06,2.8961070919004607e-07,2.0450742522817603e-08,1.1600818748280335e-09,5.3437513847922985e-11,1.8963724663136865e-12,0.0,0.0,0.0,0.0,0.0,0.0,0.0,0.0,0.0,0.0,0.0
0.0,0.0,0.0,0.0,0.0,0.0,0.0,0.0,0.0,0.0,0.0,0.0,0.0,0.0,0.0,0.0,0.0,0.0,0.0,0.0,0.0,0.0,0.0,0.0,0.0,0.0,0.0,0.0,0.0,0.0,0.0,0.0,0.0,0.0,0.0,0.0,0.0,0.0,0.0,0.0,0.0,0.0,0.0,0.0,0.0,0.0,0.0,0.0,0.0,0.0,0.0,0.0,0.0,0.0,5.5286694620068905e-09,9.113010381991213e-08,1.1217021321882807e-06,1.0804365756108957e-05,7.995476276733215e-05,0.00044600188406362446,0.001890074485859949,0.006349834813625345,0.017885389527296406,0.04407109636273929,0.09655137891476316,0.1864275811638794,0.3078994116259626,0.4088064760028002,0.4316011297238358,0.33327758478034913,0.19529472003205692,0.09081173648575776,0.034341365867627406,0.010525859956642493,0.002562050768273682,0.0005002468940505593,0.00018773566229746293,0.0007461243070049883,0.0036940531526071575,0.014749228797122217,0.04746652050251141,0.12340112605472019,0.25893030117941324,0.4392322231405638,0.6014343340560828,0.682448490294458,0.6581045303940963,0.5908382866159517,0.5667378268676994,0.6402218221750094,0.7996734210058826,1.0061591793124895,1.2572186725839802,1.6046901756422947,2.0256032327574376,2.441892603628506,2.8052883533342174,3.1331882793322716,3.4195220057064275,3.5542233797533496,3.35333358527943,2.7197518258574127,1.903664623114311,1.175312275676247,0.7037155944125849,0.4574350661696533,0.3656397554674727,0.34977958425628747,0.36503682320984676,0.35251178913830505,0.30144223524134245,0.2045340261589262,0.10586430062041717,0.04216791206942474,0.013050105632656548,0.0031652840732164355,0.000604885874318178,9.127451179721247e-05,1.0894238340144078e-05,1.0340041116279794e-06,8.007227101519791e-08,5.2325142227782126e-09,2.90795608407138e-10,1.3695691025425988e-11,3.0936910560940936e-13,0.0,0.0,0.0,0.0,0.0,0.0,0.0,0.0,0.0,0.0,0.0,0.0,0.0,0.0,0.0,0.0,0.0,0.0,0.0
0.0,0.0,0.0,0.0,0.0,0.0,0.0,0.0,0.0,0.0,0.0,0.0,0.0,0.0,0.0,0.0,0.0,0.0,0.0,0.0,0.0,0.0,0.0,0.0,0.0,0.0,0.0,0.0,0.0,0.0,0.0,0.0,0.0,0.0,0.0,0.0,0.0,0.0,0.0,0.0,0.0,0.0,0.0,0.0,0.0,0.0,0.0,0.0,0.0,0.0,0.0,0.0,0.0,0.0,0.0,0.0,0.0,0.0,0.0,0.0,0.0,0.0,0.0,0.0,0.0,0.0,0.0,0.0,0.0,0.0,0.0,0.0,0.0,0.0,0.0,0.0,0.0,0.0,0.0,8.242185677665113e-09,1.4215167378853957e-07,1.807296394503945e-06,1.8312968200081893e-05,0.00014819952523779717,0.0009655164913570315,0.005117102220254955,0.022136269360954718,0.07743345727618492,0.21561909596219336,0.4758592658236938,0.8481374251364389,1.2575022391873085,1.6411055837274389,1.9358133214055837,2.193360334624503,2.4861568305038415,2.8515383938937666,3.2628042560947086,3.578523134845254,3.5464692991867754,2.9832229775464714,2.056486049819864,1.1306803331319868,0.5005370622759655,0.18361420940355747,0.057272251719762274,0.015390528340418796,0.003563552293242662,0.0007045803808369415,0.00011675412419744658,1.57182149128014e-05,1.6548318750839316e-06,1.3238547480398017e-07,7.983203785131165e-09,3.6374519571810797e-10,1.157220632781415e-11,0.0,0.0,0.0,0.0,0.0,0.0,0.0,0.0,0.0,0.0,0.0,0.0,0.0,0.0,0.0,0.0,0.0,0.0,0.0,0.0,0.0,0.0,0.0,0.0,0.0,0.0,0.0,0.0
0.5245223313371847,0.6690625603248187,0.8179273338938661,1.007610920033123,1.269629202180121,1.6055748179873122,1.9530706509633746,2.2531132958851474,2.444708488937579,2.579617291303178,2.831121788502219,3.4211660811944555,4.432141824640628,5.7653734806277575,7.259112943748227,8.750807387173673,9.89303656490252,10.209795557373523,9.393784110700116,7.82992422014132,6.127435207131274,4.603155311589959,3.353532920482697,2.3057422399752983,1.4138330200651394,0.7275372806965755,0.30566424719648394,0.10572429606830915,0.030324658253169372,0.007150794970927647,0.001374625275072324,0.00021662342335650753,2.842785314829951e-05,3.144167637655213e-06,3.410092105569604e-07,3.0731221071843454e-07,3.4076434139376604e-06,3.154203284834955e-05,0.0002309290565335308,0.001327181687328927,0.005933075021369729,0.020489698828400724,0.05488105157806501,0.11555173755816746,0.192940753323117,0.2535881757460051,0.26597389670293914,0.2180732839267892,0.14426491450921103,0.07821213454157518,0.03496735314459646,0.012827151134252179,0.0038095953778419503,0.0009019901290615468,0.00016842198842427318,2.4731539113202273e-05,2.8631744477631116e-06,2.620858272934436e-07,1.8981887032083786e-08,1.0869705319948084e-09,4.926254674216318e-11,1.6661489243750526e-12,0.0,0.0,0.0,0.0,0.0,0.0,0.0,0.0,0.0,0.0,0.0,0.0,0.0,0.0,0.0,0.0,0.0,0.0,0.0,0.0,0.0,0.0,0.0,0.0,0.0,0.0,0.0,0.0,0.0,0.0,0.0,0.0,0.0,0.0,0.0,0.0,0.0,0.0,0.0,0.0,0.0,0.0,0.0,0.0,0.0,0.0,0.0,0.0,0.0,0.0,0.0,0.0,0.0,0.0,0.0,0.0,0.0,0.0,0.0,0.0,0.0,0.0,0.0,0.0,0.0,0.0,0.0,0.0,0.0,0.0,0.0,0.0,0.0,0.0,0.0,0.0,0.0,0.0,0.0,0.0,0.0,0.0
0.26898624161193607,0.28971763353774754,0.3116509590595618,0.3343257944624254,0.3485206930832063,0.3187785140546323,0.17682657945350816,0.043142769324639146,0.0062393970196350955,0.0007994919254367835,9.553410060983727e-05,1.0463729007899277e-05,1.0152674142622094e-06,8.34235903909074e-08,5.531101208833099e-09,2.8468817121535713e-10,1.2026389611447113e-11,1.627282236704928e-13,0.0,1.873800466902048e-09,3.005778284228554e-08,3.5997890356665293e-07,3.3655150810802604e-06,2.5019556019856637e-05,0.00015102294079776562,0.0007499842295665504,0.003074599834589057,0.010366261465285569,0.028560776967008122,0.06402137386734133,0.11710616181524622,0.17867463691438873,0.24105027759152245,0.31564025260490475,0.44758510981381233,0.6608848084101547,0.9271976539689499,1.148823925173197,1.2669860794513566,1.3005545879066744,1.3178210801367962,1.4573758671410177,1.7714673769956744,2.285435182570197,3.0329016467844196,4.187468772824103,5.837480416315597,7.904473983478536,10.137074796061407,12.446409975168613,14.948929034277533,17.530634535593332,19.325454186293992,19.57432037170113,18.063209400631383,15.373081224178271,12.461241174290485,9.903429825020188,7.647378850042861,5.699892919213433,4.147845261713429,2.8104136554820864,1.8162721192739464,1.1966382886522542,0.8516909073807133,0.6571095093153724,0.5326920175857639,0.4223882728585409,0.3165231538007483,0.20804781345353343,0.11930252419858373,0.06195845977426751,0.04054938197577342,0.06790192092777644,0.16436758556175682,0.31641247787511284,0.46709638866371855,0.5607764391421843,0.578093527072084,0.4982459033284559,0.35894702897201675,0.2107258415789262,0.0981788534389945,0.03588346884405112,0.01038823963704459,0.0024297831750479905,0.00046705421390539053,7.816230642518663e-05,4.058575757469616e-05,0.00019167329639738654,0.0009566209540856907,0.0038999557568451574,0.012883819227700011,0.034460963800921306,0.07496904916563726,0.13332094335291866,0.1934269731985801,0.2240623590019722,0.2049151252213528,0.14989583953459054,0.08529345900924011,0.038073803274831515,0.013459276196977794,0.0038416370559532643,0.0009071519175528871,0.00018121598833048728,3.1033751067833536e-05,4.543284514234033e-06,5.545501966490118e-07,5.3849146289866085e-08,3.946659870839713e-09,2.1203029077070366e-10,9.168116771993892e-12,1.245217165720334e-13,0.0,0.0,0.0,0.0,0.0,0.0,0.0,0.0,0.0,0.0,0.0,0.0,0.0,0.0,0.0,0.0,0.0,0.0,0.0,0.0,0.0,0.0,0.0,0.0,0.0,0.0,0.0,0.0,0.0,0.0
0.0,0.0,0.0,0.0,0.0,0.0,0.0,0.0,0.0,0.0,0.0,0.0,0.0,0.0,0.0,0.0,0.0,0.0,0.0,0.0,0.0,0.0,0.0,0.0,0.0,0.0,0.0,0.0,0.0,5.6796113943657284e-11,3.832155334917472e-09,5.243887875139849e-08,6.145026677999394e-07,6.042717813378417e-06,4.979556198273568e-05,0.0003380518612646912,0.0018544191159527432,0.00811424352327038,0.0281467711057585,0.07732866708278784,0.1694146175429961,0.30204718763336286,0.4489415269026085,0.6071096677264076,0.7665773008460851,0.9268566934453575,1.0693528565158243,1.135715045152773,1.074356084132282,0.8789959192415342,0.6038185740561516,0.34645137563026107,0.16605393972142224,0.06681124795652532,0.022462732271714185,0.006361101647820566,0.003162847859234314,0.030959826912268857,0.2174262356826779,0.47149424610867846,0.5584139595381548,0.7279284377330304,1.1000756703481964,1.7325515264777007,2.6369876227513784,3.7781582525372848,5.102519481307458,6.718856595604512,9.245282268385488,12.198529583770217,14.75598686902886,17.25955562095407,19.35285884701039,20.562549656538746,20.368358006809107,19.181512972500443,17.269216339716277,14.857058457903282,12.081559020875428,9.304619241072015,6.823775914707641,4.815711432742723,3.3073692270389925,2.2078426309547625,1.427517604297738,0.9292595617834913,0.6475196386244992,0.46699897715636574,0.3412454626295144,0.23943138829648603,0.14426498972533464,0.07139114731225406,0.028529069718644627,0.009159293291339186,0.002361746698469693,0.000488627681921996,8.156110756964259e-05,1.1113962573745924e-05,1.2440474343690973e-06,1.1496091604536471e-07,8.719398647083297e-09,5.355386131561881e-10,2.6388779536225763e-11,9.468334042351985e-13,0.0,0.0,0.0,0.0,0.0,0.0,0.0,0.0,0.0,0.0,0.0,0.0,0.0,0.0,0.0,0.0,0.0,0.0,0.0,0.0,0.0,0.0,0.0,0.0,0.0,0.0,0.0,0.0,0.0,0.0,0.0,0.0,0.0,0.0,0.0,0.0,0.0,0.0,0.0,0.0
0.0,0.0,0.0,0.0,0.0,0.0,0.0,0.0,0.0,0.0,0.0,0.0,0.0,0.0,0.0,0.0,0.0,0.0,0.0,0.0,0.0,0.0,0.0,0.0,0.0,0.0,0.0,0.0,0.0,0.0,0.0,0.0,0.0,0.0,0.0,0.0,0.0,0.0,0.0,0.0,0.0,0.0,0.0,0.0,0.0,0.0,0.0,0.0,0.0,3.258075944961678e-09,5.518521023016964e-08,7.167728689328008e-07,7.3279728693376575e-06,5.893756072566631e-05,0.00037087333412650513,0.0018539315187772732,0.007611891834694086,0.02660181044261833,0.08107094041506605,0.21588549440136984,0.48909611666773667,0.8999596336322275,1.3091942521712614,1.5473176269827693,1.5329084008864693,1.321300726746448,1.0070150615574935,0.707653988751436,0.48289946977089604,0.32523584192560057,0.2244940073259164,0.14428322161447893,0.08311814577394926,0.040311949372251216,0.015571964763950528,0.004617910280595386,0.0010413626911598723,0.00019500072727012834,0.0001368663504244432,0.0006544481133940932,0.0031514431577945503,0.012450371967230764,0.03961909369551368,0.10228595573005023,0.22322018408157235,0.43458660667352217,0.7806509570711004,1.344959136312252,2.1239864742980106,2.965512419241525,3.8853821317124124,4.896427550984635,6.008555516681116,7.252163514158942,8.574351770500165,9.848764952340296,10.71572762535341,10.664194458272354,9.467171124960194,7.347372175488995,4.921275920907394,2.8490303514146125,1.4580673764403096,0.6822973058324056,0.3009338138816779,0.12623529854047005,0.04915876803542175,0.016945762489077944,0.00490685672161065,0.0011419532517388013,0.00020696534563823403,2.8663240063839653e-05,3.0906693385630506e-06,2.7239298650149417e-07,2.0052312703245385e-08,1.2264487112303533e-09,6.089875500418249e-11,2.0051656292924356e-12,0.0,0.0,0.0,0.0,0.0,0.0,0.0,0.0,0.0,0.0,0.0,0.0,0.0,0.0,0.0,0.0,0.0,0.0,0.0,0.0,0.0,0.0,0.0,0.0,0.0,0.0
0.0,0.0,0.0,0.0,0.0,0.0,0.0,0.0,0.0,0.0,0.0,0.0,0.0,0.0,0.0,0.0,0.0,0.0,0.0,0.0,0.0,0.0,1.4126409828436852e-09,2.4453772336708976e-08,2.8083143446124975e-07,2.6335487255217705e-06,2.1252144780665808e-05,0.0001502738261895318,0.0009105836575418638,0.00437838268103566,0.016812484187512983,0.053918880782994276,0.14927031621454664,0.362192761383513,0.7689313475736281,1.405235934264819,2.149809522300818,2.7068198186680936,2.7594954242221337,2.3303057847884316,1.7858028365603622,1.4824626680722965,1.6058618985600963,1.976321340022153,2.5022082981146263,2.9236534273417747,3.1082030063174284,2.9457154112794424,2.531354720140038,2.0510056770980576,1.6596773134123617,1.3757098261994603,1.1566138740799254,0.9532279111958111,0.7597848006883363,0.5964963021452819,0.46882580258499795,0.337916567184565,0.21773012722026072,0.1212884522175278,0.05766632428793612,0.02325101762253073,0.007892423774158705,0.0022278281592135268,0.0005123729719351351,9.286859008160891e-05,1.2749942619931797e-05,1.3778802825264217e-06,1.3552323688076603e-07,1.197863898057003e-08,9.052317773993431e-10,5.7026815671136666e-11,2.7523016220000417e-12,0.0,0.0,0.0,0.0,0.0,0.0,0.0,0.0,0.0,0.0,0.0,0.0,0.0,0.0,0.0,0.0,0.0,0.0,0.0,0.0,0.0,0.0,0.0,0.0,0.0,0.0,0.0,0.0,0.0,0.0,0.0,0.0,0.0,0.0,0.0,0.0,0.0,0.0,0.0,0.0,0.0,0.0,0.0,0.0,0.0,0.0,0.0,0.0,0.0,0.0,0.0,0.0,0.0,0.0,0.0,0.0,0.0,0.0,0.0,0.0,0.0,0.0,0.0,0.0,0.0,0.0,0.0,0.0,0.0,0.0,0.0
9.702056352578563,9.39827022270836,8.99392773853093,8.445747071772491,7.700585219254555,6.903250625804838,6.177596215440582,5.575510332138405,4.980901611790527,4.313396886549683,3.6535330240824004,3.2087484192358744,3.0977000663241965,3.3099432049409745,3.659313998689521,4.0095174150479735,4.131821016194207,4.0367048085880475,3.7758512308678127,3.4772437554457984,3.223614348431571,3.027264068772961,2.8648328957287594,2.70402724633071,2.5527600143693467,2.431645142233513,2.4509880860868463,2.6947805709541055,3.2050083547161425,3.8417501209293468,4.399926954895433,4.69484580922654,4.638575661422959,4.293302634030307,3.6662157873203944,2.865721042580965,2.0002120583012517,1.2279108472006939,0.6478884303054954,0.28383531428296055,0.10089640763182137,0.029058073376064943,0.006844500656662587,0.0013265883750601683,0.00021103373269473988,2.734860924358848e-05,2.8528885611897906e-06,2.3406222866349306e-07,1.6003509589342057e-08,9.968208377689178e-10,5.230378191158665e-11,1.7278573948682591e-12,0.0,0.0,0.0,0.0,0.0,0.0,0.0,0.0,0.0,0.0,0.0,0.0,0.0,0.0,1.2332835556442543e-09,2.2079622833531896e-08,2.6194714168707966e-07,2.713232803824214e-06,2.5030051623263484e-05,0.00020478893010378784,0.001379440444804344,0.0072355179631437274,0.02938007694430161,0.0923527916705018,0.22715746364009376,0.4486531232410859,0.7356239580982858,1.0133677584322232,1.236934678866642,1.3050583479451348,1.2452888744650015,1.1568730669502139,1.2207051801700455,1.5759922946004268,2.225784044264666,2.9835063508380264,3.657907399486489,4.247526500522719,4.821132013151657,5.331210988846642,5.630197320912018,5.529395287279576,4.914869357047564,4.037512240655408,3.1820599194739905,2.472183004602304,1.8655911433294758,1.3381768548103565,0.8717326103233368,0.5279375048986978,0.32579563014053675,0.25720503567311603,0.25978776881887317,0.27437989862481377,0.2718427739668273,0.2460005736744162,0.22853339303021897,0.24872973985708952,0.31429500643469865,0.4081663484690611,0.4343845924804469,0.39843475279503343,0.2699056898334784,0.1418037870053353,0.058385393382636576,0.018976328942740688,0.004904392426228748,0.001020088011866284,0.00017698990434687149,2.6626147917533276e-05,3.467316382778174e-06,3.821030646249115e-07,3.435551609068081e-08,2.4223144352575887e-09,1.3067929383680626e-10,5.164443263868441e-12,0.0,0.0,0.0,0.0,0.0,0.0,0.0,0.0,0.0,0.0,0.0,0.0,0.0,0.0,0.0,0.0
1.8503786552754102,2.7055600366675017,3.410837001419684,3.8357772267547854,3.8654900692705736,3.588801475881424,3.1981492714600908,2.8389528097540224,2.6379033840531396,2.691974760733361,3.0416334991377747,3.6457219013402717,4.3297288430273255,4.924738450205145,5.2627591406399095,5.3322358308766695,5.228144757715558,5.209919573908082,5.389228567734073,5.933088144757312,6.879827656534711,8.386860051238584,10.900013575122568,14.74537084835658,19.445031969148225,23.760195482186703,26.749795135742673,27.971382927068664,27.844392826818616,26.401123446605634,23.571165750421738,19.76898591024078,15.349731133487353,11.023175033119855,7.338197431012192,4.53335730413968,2.6346755626496825,1.5358162040929857,0.9762964752441916,0.7288447819546395,0.6127464813735529,0.5445987077064329,0.49524245033365144,0.4493548877579563,0.38438588295809506,0.2973251526541535,0.19726384327262905,0.110396334237159,0.0595589569244667,0.05347234889313251,0.0916117834331574,0.16524559696628907,0.24833477649204738,0.2934820378597477,0.29650387915595605,0.2628027515790208,0.23987486744230824,0.26522938102841664,0.34142490241849044,0.4256615536227117,0.4555590015783259,0.420363556252114,0.3572744926763398,0.31697600484413696,0.3207710295469326,0.33838036308339536,0.35207576349662667,0.33134103198275977,0.2761109375893412,0.19227257140202988,0.11090427567629414,0.05192089559561001,0.019420077909026254,0.005774014318641558,0.0022034992434395457,0.003034136452948054,0.010455869193892891,0.031480635213490135,0.07779851056400428,0.15722907060688598,0.2591744749037152,0.343861653034374,0.3735354744272812,0.3210055987918677,0.2207784760025543,0.1226993188089987,0.055245552943675454,0.02014696813673955,0.005954880779252645,0.0014656370805757814,0.0005136585659183352,0.0011346746232672228,0.004160447258357801,0.013248112596532382,0.03553419964987093,0.07955229625612725,0.14489231049532794,0.20962120937415146,0.2305625347581332,0.2158870935777126,0.18332060361202449,0.18488201658607725,0.2759096872218151,0.5196075428139726,0.9921646949652789,1.7359388521556354,2.677975791293142,3.56817952298912,4.101328177038761,4.214925330056319,4.127177671125965,4.268106875143468,5.032998091907559,6.437167437087463,8.205684139196439,9.54977362898379,9.967292580773679,9.231985329423209,7.395701166586973,5.1550399744125155,3.1224011347998233,1.6452722689627686,0.7496804104996945,0.29146300914594414,0.09537227019399842,0.026028753484800014,0.005897377846377721,0.0011076256499792817,0.00017265375879946208,2.238379375122202e-05,2.409077105994778e-06,2.1225827094915428e-07,1.601555574402817e-08,1.0906393150271642e-09,6.372930129922998e-11,2.343225335092389e-12,0.0,0.0,0.0,0.0,0.0,0.0,0.0,0.0
26.114858236912283,29.314481646703086,32.27926727877535,34.45866398729151,35.521708074188886,35.58948800026392,34.65760551388166,33.05215548900206,30.451222012695393,26.89609938625664,22.408197452128395,17.52345626882488,12.998204234965197,9.528331645411011,7.470879499792609,6.541066365101628,6.329576124789443,6.440352773981161,6.542407742357644,6.559407509594321,6.600773167026048,7.006411765923332,8.221183299637945,10.688285801208789,14.441590279390264,18.90739881457305,23.38084594388682,27.23788604569329,29.572918191552127,29.85994249472403,27.728217888356237,24.061144759566996,19.753435652550856,15.40388909557726,11.350875584816283,7.800247703979123,4.913605226266536,2.780244649703383,1.378664218217231,0.5919209612029347,0.24791244105495674,0.17136424033911396,0.2342241897931801,0.362684775419752,0.5099824055212187,0.6647674991464826,0.793901136297182,0.9003965773799028,0.9941734091039104,1.076620789031963,1.1469398335825793,1.1887876248003724,1.2149225492467395,1.2503123427335214,1.269514470678945,1.1909861627810303,1.0321191848259639,0.7416379532516791,0.437442557390907,0.21001178718393895,0.08373804954309276,0.02847142489698103,0.00847364285832829,0.0022039385593884027,0.00048756345319760205,8.926250829281966e-05,1.326855294298318e-05,1.6082825614017592e-06,1.6324309622839797e-07,1.4064978150468834e-08,1.0117064210844507e-09,5.856604536257753e-11,3.127836936690232e-12,8.876008611747214e-14,0.0,0.0,0.0,0.0,0.0,0.0,0.0,0.0,0.0,0.0,0.0,0.0,0.0,0.0,0.0,0.0,0.0,0.0,0.0,0.0,0.0,0.0,0.0,0.0,0.0,0.0,0.0,0.0,0.0,0.0,0.0,0.0,0.0,0.0,0.0,0.0,0.0,0.0,0.0,0.0,0.0,0.0,0.0,0.0,0.0,0.0,0.0,0.0,0.0,0.0,0.0,0.0,0.0,0.0,0.0,0.0,0.0,0.0,0.0,0.0,0.0,0.0,0.0,0.0,0.0,0.0,0.0,0.0,0.0,0.0
0.0,0.0,0.0,0.0,0.0,2.8043772432893973e-09,5.0361926451618626e-08,7.023906934625362e-07,7.708398627292558e-06,6.615654848768151e-05,0.0004459611449204853,0.002385638727401271,0.010167136143264113,0.03415554631144847,0.0886291947653492,0.1756424195612784,0.27071360921233034,0.3292243453452023,0.3651467654599909,0.37239693326146234,0.3819217032771517,0.39174199586870045,0.3641243246586893,0.266497041109178,0.12402546108099367,0.04477058650588301,0.02796523507725834,0.050578586065234674,0.10923880758383878,0.21163210794247622,0.3738328569234729,0.6263510556979011,1.0267198206811101,1.7194534924056595,2.99101745400465,5.111696563615487,8.022935337422203,11.437440473852108,15.001398571008657,18.22363188725629,20.52607491812873,21.56624273541549,21.14029221344903,19.042603183489717,15.490370593947102,10.988185203954082,7.073267616376962,4.629643137580472,3.424222318449111,2.741813681169887,2.183566419014883,1.5772707411237203,0.9929686957407581,0.5285465094897782,0.2371629746808071,0.09006654041265033,0.029056571953638612,0.007933813876185709,0.0018015286388775988,0.0003289573504000513,4.669099404241325e-05,5.1267769058669545e-06,4.474926230050086e-07,3.191627844609469e-08,1.871613660017594e-09,8.863033560321574e-11,3.2892536975989387e-12,0.0,0.0,0.0,0.0,0.0,0.0,0.0,0.0,0.0,0.0,0.0,0.0,0.0,0.0,0.0,0.0,0.0,0.0,0.0,0.0,0.0,0.0,0.0,0.0,0.0,0.0,0.0,0.0,0.0,0.0,0.0,0.0,0.0,0.0,0.0,0.0,0.0,0.0,0.0,0.0,0.0,0.0,0.0,0.0,0.0,0.0,0.0,0.0,0.0,0.0,0.0,0.0,0.0,0.0,0.0,0.0,0.0,0.0,0.0,0.0,0.0,0.0,0.0,0.0,0.0,0.0,0.0,0.0,0.0,0.0,0.0,0.0,0.0,0.0,0.0,0.0,0.0
3.0984921359556896,3.214530084414538,3.2820418605658497,3.3009606630001476,3.311722283771922,3.392066719398763,3.6897108174336988,4.252087690917724,4.990481664651144,5.67724696954238,6.085018267025974,6.122365927422008,5.99768750179373,5.650585960935197,5.191951595336091,4.386428882347849,3.2997674523221723,2.145467373548933,1.2027754828167487,0.5885230607831905,0.25250474274846196,0.09408682681107769,0.029143941396072324,0.006919169582941278,0.001173416354557991,0.00014507434078965816,1.4089540617993414e-05,1.121440332274242e-06,7.35976286962917e-08,3.9610597455005385e-09,1.7353706900164062e-10,5.5041335711018455e-12,0.0,0.0,0.0,0.0,5.788551537303112e-09,9.394609794973101e-08,1.2213467586131842e-06,1.2574154099961223e-05,0.00010247224894467022,0.0006720253568588722,0.003624378183327212,0.016271431775468966,0.0597288548302786,0.16763211930848745,0.3317192629062476,0.46213641664015626,0.4724671304411633,0.4126507746873594,0.2893435104351326,0.16705719310340594,0.07793314167303243,0.028926909445156215,0.008465427002504878,0.001953581950793668,0.00035880010657163167,5.2993724839509424e-05,6.273828993910117e-06,5.80506382997703e-07,4.0738029645985836e-08,2.1697871246086126e-09,9.068360200504757e-11,3.0047794894783787e-12,0.0,0.0,0.0,0.0,0.0,0.0,0.0,0.0,0.0,0.0,0.0,0.0,0.0,0.0,0.0,0.0,0.0,0.0,0.0,0.0,0.0,0.0,0.0,0.0,0.0,0.0,0.0,0.0,0.0,0.0,0.0,0.0,0.0,0.0,0.0,0.0,0.0,0.0,0.0,0.0,0.0,0.0,0.0,0.0,0.0,0.0,0.0,0.0,0.0,0.0,0.0,0.0,0.0,0.0,0.0,0.0,0.0,0.0,0.0,0.0,0.0,0.0,0.0,0.0,0.0,0.0,0.0,0.0,0.0,0.0,0.0,0.0,0.0,0.0,0.0,0.0,0.0,0.0,0.0,0.0
0.0006605128241241869,0.003307569180739514,0.014081719319501262,0.04706676089514316,0.12262290859276266,0.2513617428336902,0.41061768650778147,0.5321576740770687,0.5584673566493513,0.47646272713462723,0.3445311989824079,0.2393938053497574,0.2584294775661114,0.4908416062685962,0.9722821349132702,1.5922606532160903,2.1468074015394163,2.5450994803733105,2.8092688091893723,3.0224473966620473,3.226513180943189,3.3148692409904683,3.139654889460708,2.5312579705572196,1.7030173562449482,1.1568702737413574,0.9717709324045712,1.0119753305266794,1.163356963426254,1.3365961296356639,1.529785214558761,1.7498663024233794,1.9810725054697689,2.1272989707269145,2.0818071955231483,1.8493008900698322,1.480673908275133,1.0344182432100244,0.6151749000829756,0.3227362989873731,0.19694863957963232,0.2063191803086212,0.28644648469258854,0.3780550696527086,0.4459779492592173,0.5358522729055422,0.6416105837963351,0.7358618375203891,0.7333309482698335,0.6804278342541067,0.5526162384996461,0.44116300757196075,0.37786628390482563,0.33203571967725465,0.2854426447401861,0.20636561337461373,0.1224223518072762,0.059157029211789065,0.023006394964802966,0.007197638174500422,0.0026742248669997274,0.004563122640961503,0.014211042455180298,0.03909401802872351,0.09029182846643989,0.17331406474040084,0.2747562785957066,0.3664181135294914,0.42961925143159824,0.45579777459765464,0.4543249930834464,0.4360220036632367,0.433125564123247,0.45088595854489466,0.43796570649264793,0.3718817912008191,0.26447822184495584,0.15196543983217564,0.06853878096499025,0.024018559294750337,0.0066666018821778346,0.0015127298866345765,0.00028599278296693456,4.4555849909371095e-05,5.4843413158992815e-06,5.083287312618872e-07,3.7102549989369975e-08,4.06903553693993e-08,4.834100294879841e-07,4.872628668580731e-06,3.9322483790970264e-05,0.00025255071799526474,0.0012916392159483699,0.005293230490283823,0.017539675929020778,0.0471950434163036,0.1020328690405521,0.17274159843834924,0.2194305956460016,0.223850886246299,0.17563485752332927,0.11264611741059623,0.06006003461640382,0.026665917738964574,0.009790780058953388,0.0029196629193166284,0.0006871494360115207,0.00012421061522591847,1.7101755491259563e-05,1.8034608428986698e-06,1.459736428188689e-07,9.172840379779162e-09,4.611507900705455e-10,1.9200629027094434e-11,3.6741084522347845e-13,0.0,0.0,0.0,0.0,3.337523948561222e-09,5.442119533063928e-08,6.666080850602277e-07,6.725606094102095e-06,5.521705206983222e-05,0.0003589849603244481,0.0018073592700768258,0.007033697582829474,0.02156245273352488,0.0534387227872027,0.10905680812898791,0.18450115272778775,0.25719486138384207,0.30277804784082457,0.31940554194276227,0.309402292864716,0.2897085303726389,0.27273693412513217,0.25188000839129415,0.24901985744013858,0.2779164821902492,0.33382132958295707,0.4011614823734144,0.46695870297300146,0.5249867582363261
19.942022746454278,18.71529819722774,17.308780456667375,15.634668316900605,13.641351851120454,11.419162769007212,9.207204673558607,7.1817807455862015,5.44628024328197,4.098175147924963,3.1793421085204328,2.5477964500813717,2.1600209266029875,1.943933875973759,1.8770506811713452,1.968444133149475,2.1917037346287604,2.4126158150440213,2.5947106305532697,2.7579246355474174,3.0708480584162596,3.7415446609058276,5.248500116976394,8.017898241725574,11.634557482744945,15.046417968941604,17.895893356189696,19.944389217559895,20.971669383313234,20.76335239520865,19.52413366210106,17.64383303853831,15.439804106216164,12.87519087794588,9.976501392812189,7.121823192464149,4.648990617090312,2.702446580820132,1.340151658727739,0.5452942546892274,0.1791269012705168,0.04777084562550178,0.010459200641558215,0.00188032778719876,0.00027171539190473914,3.0492961557517744e-05,2.6067126913122557e-06,1.7148399458477448e-07,8.963310508743356e-09,3.801662881246513e-10,1.1103748473152224e-11,0.0,0.0,0.0,0.0,0.0,0.0,0.0,0.0,0.0,0.0,0.0,0.0,0.0,0.0,0.0,0.0,0.0,0.0,0.0,0.0,0.0,0.0,0.0,0.0,5.054954878629357e-09,8.612508244465818e-08,1.1501491124432084e-06,1.1953190830925444e-05,9.658674034666276e-05,0.0006171571931193672,0.0031776752377995253,0.013276244738562879,0.044451319716104346,0.1156972752859202,0.227893937882323,0.3419131765794484,0.38519172700716475,0.363400329752492,0.26644667511546194,0.15809397567138786,0.09070410898689125,0.08248631597929457,0.1209386071824537,0.17658451334306044,0.20933768623285587,0.2092516072733735,0.16389520133415228,0.10257002989523151,0.05109110264057078,0.020273095909887136,0.0065106658235098026,0.0017289501825960092,0.0003844891836963829,7.116547167991941e-05,1.0650645951149359e-05,1.2330365520182806e-06,1.0658263833016752e-07,6.896110191097418e-09,3.4501629208969344e-10,1.3762073715184643e-11,1.3402802061357598e-13,0.0,0.0,0.0,0.0,0.0,0.0,0.0,0.0,0.0,0.0,0.0,0.0,0.0,0.0,0.0,0.0,0.0,0.0,0.0,0.0,0.0,0.0,0.0,0.0,0.0,0.0,0.0,0.0,0.0,0.0,0.0,0.0
0.0,0.0,0.0,0.0,0.0,0.0,0.0,0.0,0.0,0.0,0.0,0.0,0.0,0.0,0.0,0.0,0.0,0.0,0.0,0.0,0.0,0.0,0.0,0.0,0.0,0.0,0.0,0.0,0.0,0.0,0.0,0.0,0.0,0.0,0.0,0.0,0.0,0.0,0.0,0.0,0.0,0.0,0.0,0.0,0.0,0.0,0.0,0.0,0.0,0.0,0.0,0.0,0.0,0.0,0.0,0.0,0.0,0.0,0.0,0.0,0.0,0.0,0.0,0.0,0.0,0.0,0.0,0.0,1.6798608945530092e-09,2.7580941245261224e-08,3.580656139629906e-07,3.73258683458057e-06,3.0897775386153226e-05,0.00020405894736931626,0.0010832448573979768,0.00460671424766232,0.015559934878487815,0.04180457879030955,0.09068167295952262,0.16253620746807312,0.24341697958893788,0.2997383943130379,0.3007748176016988,0.25246445010556584,0.16500876455000463,0.0861382110367779,0.0360061176567054,0.012085054750924902,0.0032474347550708006,0.0007103393037674694,0.0001292707565384061,2.4536063347091224e-05,3.513339502016997e-05,0.00017417108312383232,0.0007827080487198109,0.0030137322810910795,0.009894223238527716,0.027157605083406866,0.06047536043736579,0.10674305684456128,0.14945558274806497,0.16661474343631993,0.15585991307524788,0.12414885481641723,0.08346738436530687,0.047441167178657186,0.022430210595776243,0.008653537484842763,0.0028030089146513495,0.0015720380467725164,0.0046408393781179925,0.016975746066210537,0.050472099973090205,0.1247565356265315,0.2672240858727395,0.5123274238905156,0.8868862638334338,1.3969390521201366,2.0036682954414693,2.626811211239098,3.248589095722438,3.7498275437181174,4.033810616471263,3.989145360407183,3.679139441591539,3.232649708873106,2.7305521894802354,2.2840255311289765,1.920277150289449,1.62398381876333,1.4102366729381504,1.2646143759107187,1.1562315371459684,1.0275189076630284,0.8670367635203994,0.697008722232719,0.5621372942716591,0.4755476833325283,0.4148877403957587,0.3635096372744884,0.2902599858266336,0.20693602689723303,0.1340486547694209,0.08057135750288284
0.0,0.0,0.0,0.0,0.0,0.0,0.0,0.0,0.0,0.0,0.0,0.0,0.0,0.0,0.0,0.0,0.0,0.0,0.0,0.0,0.0,0.0,0.0,0.0,0.0,6.174489712195106e-09,9.141244646890143e-08,9.552635180589027e-07,7.634608703797043e-06,4.8455269341776824e-05,0.00025584931329008034,0.0011766536665953312,0.004903669826331292,0.01874060413224925,0.06428875551211,0.19271987570566051,0.48444016366356085,0.9876453925488247,1.638816506510582,2.2886660507284784,2.8702375294393603,3.287132407585101,3.4554676308368615,3.3121040392150793,2.874178273494652,2.2578297190607683,1.6236876665876108,1.0637624334990703,0.6297508406595579,0.3312687088694444,0.15101163819977179,0.05830136921570459,0.018751483077534343,0.004961258956118123,0.001066044599442415,0.00018595752643993933,2.7736916813815635e-05,3.621593716353911e-06,4.105540824097497e-07,3.912750337317652e-08,2.9737957469935042e-09,1.6702159923649084e-10,6.376139532873653e-12,0.0,0.0,0.0,0.0,0.0,0.0,0.0,0.0,0.0,0.0,0.0,0.0,0.0,0.0,0.0,0.0,0.0,0.0,0.0,0.0,0.0,0.0,0.0,0.0,0.0,0.0,0.0,0.0,0.0,0.0,0.0,0.0,0.0,0.0,0.0,0.0,0.0,0.0,0.0,0.0,0.0,0.0,0.0,0.0,0.0,0.0,0.0,0.0,0.0,0.0,0.0,0.0,0.0,0.0,0.0,0.0,0.0,0.0,0.0,0.0,0.0,0.0,0.0,0.0,0.0,0.0,0.0,0.0,0.0,0.0,0.0,0.0,0.0,0.0,0.0,0.0,0.0,0.0,0.0,0.0,0.0
3.744856689577167,4.270264540859912,4.791164526592589,5.1576548871107235,5.279735724924947,5.293864962712848,5.444917771463036,5.842769212174992,6.467092924247357,7.027645136527247,7.405921753485819,7.618516532789761,7.668944433716716,7.479825558968818,6.964704342911525,6.10170024652961,5.030264488921693,3.925700779547106,2.8719502218099016,1.9584202913344624,1.23469163607087,0.7177372580242377,0.37831752493392234,0.1751193122109915,0.06897349745267617,0.023018758762020582,0.0073492111382464885,0.005260059543522242,0.012120777092818334,0.03116289836916185,0.06845979729695119,0.1245940111551553,0.18526987351917112,0.2245013012865904,0.21734392122156118,0.17735189821912975,0.11666143372986235,0.061630457031708615,0.02583110074807096,0.008588653137600464,0.00228402738923866,0.0004889889216026733,8.411493594711305e-05,1.1527854688273389e-05,1.281085798267796e-06,1.26005711475854e-07,1.0940100533852424e-08,8.000604460034677e-10,4.6821216263878426e-11,1.0509008365346844e-09,1.6681632300493973e-08,1.8228432805255839e-07,1.6772798019048829e-06,1.3255734204252634e-05,8.990963098392088e-05,0.0005059854796330157,0.002280511838757531,0.008436671866362332,0.026069990617417826,0.06644472377800854,0.1334501412518872,0.2012821533306737,0.22483753129540424,0.2104105228228325,0.15741942667760808,0.10185167353321603,0.057086347292588754,0.027632912484361494,0.011449828062208817,0.004046490092880867,0.0014294456669350767,0.0016773300088054487,0.0061130926084596296,0.0209877259903365,0.05726558495823326,0.12274780188844685,0.20922906116901346,0.28971959002305575,0.32720684959444946,0.3035139734835292,0.23523401373516753,0.14787874973437365,0.07534100702331854,0.030880087350422688,0.010152593298314378,0.0026774699149346402,0.0005651188934606406,9.466929692810473e-05,1.250089195934771e-05,1.3912921821957819e-06,1.346459936622789e-07,1.1070968777215565e-08,7.411695915144294e-10,3.9347811389242886e-11,1.5457733200072506e-12,0.0,0.0,0.0,0.0,0.0,0.0,0.0,0.0,0.0,0.0,0.0,0.0,0.0,0.0,0.0,0.0,0.0,0.0,0.0,0.0,0.0,0.0,0.0,0.0,0.0,0.0,0.0,0.0,0.0,0.0,0.0,0.0,0.0,0.0,0.0,0.0,0.0,0.0,0.0,0.0,0.0,0.0,0.0,0.0,0.0,0.0,0.0,0.0,0.0
12.899007631629948,13.476425032416365,14.229030316624604,14.861381303480417,14.907786730283032,14.08441668160213,12.270247377874126,9.810697080021601,7.1767691182763045,4.821868570003821,2.9801168596654666,1.7116968114500721,0.9767946341768518,0.6707393284321501,0.701595548624045,0.9731832701976386,1.3614052801111827,1.6866015950412365,1.915162984664328,2.066170723243269,2.3253604673601957,2.907388169999183,4.086260716335072,5.990624334921852,8.462670690764083,11.04489932255499,13.037623499450266,14.035180735056496,13.926656129328176,12.892310889145032,11.329953417629374,9.607560773956552,7.839328809917593,6.070677543531387,4.410215332436787,2.9463123772916475,1.738388723063838,0.8593570605435131,0.34560843028366206,0.1129540706103157,0.03032050960041617,0.006733818147778577,0.0012345538761728884,0.0001845604696119543,2.2703330457582643e-05,2.4702255594602232e-06,2.4065844589633964e-07,6.744476648437853e-08,5.179182225072276e-07,4.44086046834336e-06,3.13226682421357e-05,0.000184059139944759,0.0009047722499526728,0.0036912291117034016,0.012339669811831553,0.033602026730835816,0.07499138351285217,0.13958659726235756,0.21821601368970575,0.2765799717943565,0.276939153725899,0.22165673373286632,0.1330722527758889,0.06392239802489798,0.025150494872801445,0.008161278800821875,0.0021927573563859633,0.0005020919376198659,9.982477694072984e-05,1.727651570201292e-05,2.5687071051012386e-06,3.1941706731403327e-07,3.197267250224219e-08,2.4636842883548554e-09,4.642834100635757e-10,8.782335447205737e-09,1.100233208043389e-07,1.2319241454753977e-06,1.1128211944013939e-05,8.059565276800004e-05,0.0004704469561816877,0.002219618861154916,0.008447785439345771,0.025727169483061224,0.062310132218175725,0.1206401309299587,0.19031062995006148,0.25004890974896893,0.2800596957283082,0.2707588810960224,0.24217491391882573,0.22003936102150556,0.21577652472642267,0.20410997579119924,0.18577382614851515,0.14207124557827164,0.09267815712489962,0.05059067431359814,0.02246716849434451,0.007883560881332744,0.0021906296426285757,0.000498803907306106,9.644408719012671e-05,1.6116458965505893e-05,2.3256734968587805e-06,2.8531734591345703e-07,2.8895718631993353e-08,2.325141062198045e-09,1.4385527200552975e-10,6.692078578392896e-12,3.590957957312835e-15,0.0,0.0,0.0,0.0,0.0,0.0,0.0,0.0,0.0,0.0,0.0,0.0,0.0,0.0,0.0,0.0,0.0,0.0,0.0,0.0,0.0,0.0,0.0,0.0,0.0,0.0,0.0,0.0,0.0,0.0,0.0,0.0,0.0
1.6086683458819938e-06,1.151783815735428e-05,7.956479512537883e-05,0.0004536423215389494,0.0020532201830876133,0.00726532139002436,0.020380939877880963,0.04716454312998723,0.09521082200784733,0.175021645491667,0.29433968803088767,0.4426445071468596,0.5848905816391526,0.6816685484473987,0.7060895481150611,0.6719819659743002,0.6319805308145099,0.6211763998820702,0.6300870268190073,0.6310393026168633,0.5879385382643618,0.47211367096912366,0.2938146332023604,0.12954518238852578,0.04162191971391678,0.01071183752308985,0.0027238920753321003,0.0025416578430410685,0.008355484146545373,0.02600675953809312,0.06718979770445008,0.14778124793253225,0.28511713447278847,0.49756876931231686,0.8146712922972547,1.300276098611135,2.0762338494030574,3.2834946089012,4.948775540797797,6.772681119162367,8.231447545171239,8.843224311713913,8.569691944712975,7.648751835636438,6.376578325969293,4.8635341470158595,3.335951432766377,1.9715619563243705,0.9799570217543733,0.40339016936035704,0.13681922963545531,0.03808903172119537,0.008633883009973626,0.0015748377379125969,0.00022839177450448305,2.618922502673285e-05,2.5583253027015764e-06,2.066235511439529e-06,1.7414686322731482e-05,0.0001317834751749744,0.000782107735332176,0.003529163397729196,0.012278303509171236,0.03406400832945179,0.07648621873809333,0.1387487582989007,0.20314693276714377,0.23791234277317896,0.22967262903464633,0.1863867429909771,0.12352148545167752,0.06685306681074608,0.029053147496705546,0.010014067484611536,0.0027208815385168536,0.0005805237014300708,9.68161894372759e-05,1.2575232412381621e-05,1.2716096220922908e-06,1.0042750911476294e-07,6.2310876652146005e-09,3.043413621383759e-10,1.187583669330627e-11,7.980970896602097e-14,0.0,0.0,0.0,0.0,0.0,0.0,0.0,0.0,0.0,0.0,0.0,0.0,0.0,0.0,0.0,0.0,0.0,0.0,0.0,0.0,0.0,0.0,0.0,0.0,0.0,0.0,8.387004302821807e-09,1.552132233788977e-07,1.966549153082748e-06,1.928822148677003e-05,0.0001514666710818134,0.0009768905255053194,0.005244582661011873,0.02346453210199741,0.08674527919546274,0.26067670461232473,0.6221342730345641,1.15668642844448,1.699193604879262,2.103905320766983,2.398168079520921,2.664026839750188,2.8924758365677126,2.868315969058771,2.557269878895713,1.9685333829084923,1.3196408064162155,0.7918192835303284,0.4284105768656434,0.20704441889135283,0.0869871425193791,0.030754329756248602,0.00898757172310664,0.0021741799888748774,0.0004390894551832346,7.445721174272497e-05,1.0665261251840604e-05,1.3079335238013274e-06,1.4039015126183977e-07,1.3555289308831664e-08
0.0,0.0,0.0,0.0,0.0,0.0,0.0,0.0,0.0,0.0,0.0,0.0,0.0,0.0,0.0,0.0,0.0,0.0,0.0,0.0,0.0,0.0,0.0,0.0,0.0,2.8719626995616767e-09,4.704420201077317e-08,5.814425627339605e-07,5.6574345975995116e-06,4.375689180119674e-05,0.00027345036171413966,0.0013979436344964556,0.0058652466087334475,0.020121735772769846,0.05623648887005358,0.12815819624063823,0.23864421436243682,0.36066931558970167,0.43281595904202635,0.41243312904375284,0.29288263332686054,0.16152445535573373,0.08179323016424332,0.06802250235200012,0.11141501841925336,0.19921128999130827,0.3108641957328913,0.4180221960710175,0.5380670843412161,0.7476462758969977,1.150854186865495,1.833427065767839,2.773195668618812,3.8601638224417605,4.956376886811957,6.039221422896862,6.877526834305943,7.224130224187045,6.961078666213424,5.83956330274671,4.224621621840507,2.8244941200326283,2.279638991573516,2.7641197432942537,4.132766053996813,6.088358424440075,8.066056969075087,9.528026280246758,10.258440364435526,10.22913203119623,9.446765912367807,8.211252778811879,6.83326992828311,5.685279559329358,4.871418001547967,4.353895585536782,3.841933144320436,3.2672891354322333,2.6189311245904707,2.069200073705111,1.722318024435666,1.5274583330186644,1.3923702372615614,1.2204974737672687,0.9802923589792667,0.7346235789152787,0.5515707320089672,0.4496130878143916,0.3911325060931583,0.331442786684972,0.25204767064749584,0.1541311393383107,0.07344013650531739,0.026951453344886713,0.007735238020036047,0.0017785282844353391,0.0003345677569385057,5.195795611980598e-05,6.557662773677047e-06,6.415289006385355e-07,4.607477111196611e-08,2.414511259678317e-09,9.714883078152002e-11,3.435740152595896e-12,3.2633874196109166e-14,0.0,0.0,0.0,0.0,0.0,0.0,0.0,0.0,0.0,0.0,0.0,0.0,0.0,0.0,0.0,0.0,0.0,0.0,0.0,0.0,0.0,0.0,0.0,0.0,0.0,0.0,0.0,0.0,0.0,0.0,0.0,0.0,0.0,0.0,0.0,0.0,0.0,0.0,0.0
0.160472818504205,0.31960541020455696,0.545925571142155,0.7922491461437977,0.9922828271044827,1.0777476917171473,1.012433581338817,0.8588627458396824,0.6636755258826815,0.4651652082333694,0.29028794589996704,0.1614222748392954,0.08780719047610033,0.08037384544229284,0.1551204673571901,0.33055372907061437,0.6318103418921789,1.006544490541713,1.3799402297723822,1.7171129349899767,2.1630075039686836,3.010180752706785,4.622560843610386,6.861003196409583,9.007230485761992,10.919857040493666,12.82801102258471,14.554767015098719,15.557206578999713,15.106451198681201,13.601803286883868,11.206810610181817,8.612770260891251,6.090771411137827,3.9177499071319204,2.2663470536918955,1.1554179535932325,0.4990136152594374,0.17458058706551582,0.04814797479134255,0.010436006152687432,0.0018058166555790169,0.00025656461298840876,3.055832273860655e-05,3.092046725670612e-06,2.660319677063478e-07,1.922162752806954e-08,1.1388045791723297e-09,5.1932435832080454e-11,1.4264427114612959e-12,0.0,0.0,0.0,0.0,0.0,0.0,2.246940491082045e-10,7.086332689241877e-09,9.43690167851868e-08,1.0645854373366125e-06,1.0052351059669114e-05,7.835569488673263e-05,0.0004877205254718425,0.0023391082630860797,0.008258175081036823,0.020857912556056582,0.038664796567568334,0.056540348449971696,0.07044119589760277,0.07904890758973775,0.08038920693249316,0.07736168824703739,0.0653766167150638,0.04604144266235972,0.024637929461263183,0.00944700439272321,0.0026312857547968653,0.0005578014553996661,9.257408462940868e-05,1.2097742613908402e-05,1.2398312828414757e-06,9.891706547569011e-08,6.185882761565818e-09,3.207961360454166e-10,1.4211316738002594e-11,2.811357315321052e-13,0.0,0.0,0.0,0.0,0.0,0.0,0.0,0.0,0.0,0.0,0.0,0.0,0.0,0.0,0.0,0.0,0.0,0.0,0.0,0.0,0.0,0.0,0.0,0.0,2.7956681009406015e-09,5.039334256304689e-08,6.321694466263101e-07,6.1405099168500245e-06,4.758212458237136e-05,0.0003016913496775579,0.0015862175837689449,0.0069228814187629936,0.024861931417994147,0.07223545908801787,0.1654446804780139,0.29066153335078393,0.39228905418571547,0.4316769543072214,0.4321924242909577,0.43982760769247975,0.474729355120403,0.4953909816533705,0.4816274757392241,0.4007337199474389,0.2990104579413391,0.19709119840227768,0.1137132236892884,0.055244427200489304,0.021521758777481248,0.006533370294824869,0.0015498771936940754,0.00029204839428696977,4.3996455355036226e-05,5.278332911430652e-06,5.06086547930498e-07,3.970795298696825e-08,2.647281380322064e-09,1.544929217861333e-10
0.3574888355344452,0.22009361252750242,0.11794284195980119,0.0528948140705813,0.01920477566205234,0.005546193282114283,0.0012745875832216526,0.00023502990094649968,3.491537405247092e-05,4.157852814596222e-06,3.9250689501511236e-07,2.9088946395152152e-08,1.6879928690917834e-09,7.698069336550824e-11,2.7019080576879885e-12,0.0,0.0,0.0,0.0,0.0,0.0,0.0,0.0,0.0,0.0,0.0,0.0,0.0,0.0,0.0,0.0,0.0,0.0,0.0,0.0,0.0,0.0,0.0,0.0,1.6482985581944142e-11,4.892049985828698e-09,7.924226664947568e-08,9.697811675645203e-07,9.248839654869425e-06,7.03802258549887e-05,0.0004329856179605791,0.002157465552596181,0.00865347838054375,0.02775785308961963,0.0710857251747979,0.1454478638054283,0.23794723769216658,0.3110390818136748,0.33986325253196714,0.34578787237587877,0.36548185515931336,0.4220276304519316,0.48460122175520637,0.5077211167825694,0.4732114421285439,0.44075997706653847,0.5167511663724521,0.7601830723096878,1.1425525727321504,1.5386930586413892,1.8373244197005716,1.9597731794795625,1.9019699464496704,1.7809250769238345,1.6795289325856761,1.7237754006575123,1.9384868769715022,2.1707640539595228,2.2015355320800065,1.937946986481689,1.3768714336324377,0.7780732855969006,0.3551103855842977,0.1317886552869227,0.039842852327315395,0.009761427505576644,0.0019192988083981516,0.0003017657726512341,5.381819678447114e-05,0.00011197207658760123,0.0006757228390682837,0.003383519570670428,0.013596726690087765,0.04380449762343722,0.11321857778951319,0.23468233128380908,0.38985096504044786,0.5120487980109236,0.5622268244380978,0.5222108970132194,0.4673761855604476,0.5121388893669676,0.8531667970774068,1.701614140792845,3.0787217034344048,4.742048784011405,6.352019213276538,7.6363969082958825,8.575963099842804,9.227697159879666,9.554209116697395,9.39848339551291,8.64863385041751,7.385936739349289,6.045080960506364,4.724038951651025,3.5104686217947045,2.4419730657071916,1.561286782876085,0.9942379081866838,0.7224973434267384,0.622032712365069,0.636855601206717,0.6469322619970851,0.6190027927198335,0.570010839293619,0.5238093051673587,0.47533210492778893,0.44328095901271436,0.44258949600212244,0.4735860595814385,0.5049978292812255,0.5207728248917521,0.5098580506145818,0.5551401709946476,0.6897765997408192,0.9942009514586221,1.4954611779701148,2.1917243472838868,3.048662234238553,3.7767863682776155,4.185404840072515,4.232391357349662,3.9868249316672726,3.6513853049717517,3.3957639985724675,3.342239253561584,3.5010072635527782,3.794756953593639
0.002725880931739024,0.008336464754865746,0.02429130647804531,0.058280071188166804,0.11336965372595388,0.1770511719008421,0.21518302077217583,0.215873113337495,0.17321548415707805,0.11146185845377199,0.0589236037252783,0.02571710362846592,0.009249822247523062,0.0027178470240743612,0.0006476126345560199,0.00012471466555419452,1.9547058732585948e-05,2.502259010039626e-06,2.5982197802904543e-07,2.1576006032874953e-08,1.4104294128602298e-09,7.186056498514192e-11,2.78764383505661e-12,0.0,0.0,0.0,0.0,2.4043170013144356e-09,3.9392302462257143e-08,4.6473143326049595e-07,4.240669873413438e-06,3.1029176863657485e-05,0.00018976210957389773,0.0010052914229105167,0.004697474588355003,0.019172488837749996,0.0654512646355517,0.17617344385996964,0.36764706815895,0.6274902860173537,0.9220065927843347,1.2070654514648844,1.464486515617426,1.8039730930370235,2.3006330774958963,2.984349898533869,3.7156266964878353,4.278124535674684,4.702462851737976,4.971436030102327,5.399237428360832,6.152411057741145,7.193089446593769,8.287618080384387,9.172044657955963,9.696629536332827,9.717932846354083,9.222555264148975,8.365915323889958,7.2179378500583375,5.984619637545181,5.006459082582425,4.596201711685671,5.132503086155115,6.752327706105463,8.935252887697738,10.902938543262787,11.968478294008557,11.8412588206935,10.754256142567817,8.973726248008822,6.883308611044175,4.8963960892753295,3.3571251002809213,2.44308917308479,2.06520121411249,1.9516586252010806,1.8300775183954503,1.6837732674604893,1.6069512804828936,1.681517131266277,1.8701879566953388,2.065056266626101,2.1357536363204606,1.995845813320523,1.7235336035842121,1.3373767508229621,0.9776066724646844,0.7067200122954365,0.5172840741015771,0.38490509739993417,0.2660131178181824,0.16123037480160865,0.08624655397150162,0.05559499076965689,0.06901058731278263,0.12053496240271494,0.19903688424201638,0.2762157981781464,0.3082604856207618,0.28469653673923406,0.20720136887265883,0.13013602047148268,0.08408965921986837,0.07457769605117372,0.09653570265242642,0.1398005302444195,0.1874665647683686,0.20586937641447722,0.1894652899074869,0.13494165655386892,0.07383227828541619,0.031446711812710505,0.01050458591205717,0.0027528597553359412,0.0005634980522263703,9.020297625387303e-05,1.143293787341729e-05,1.2237175630957072e-06,1.1543808413727587e-07,9.47426672669078e-09,6.517812738568954e-10,3.5953731339046674e-11,1.3731325593764853e-12,7.24683995955842e-10,1.2216291645390852e-08,1.347230743793352e-07,1.2317180765573008e-06,9.533480985380436e-06,6.328460953856665e-05,0.0003612290213639172,0.0017373293566353934,0.006948773693432294,0.02282666435408997,0.05990351093115882,0.12148956594551122,0.18780588960531108,0.21262386867840832,0.2050986297758184,0.15278460656273007,0.09445388314096863,0.04944011100453024,0.022505110441120368,0.009203670965617227
0.2571587498649747,0.31232121957257153,0.3542883374866279,0.3732385173140417,0.3522627678691336,0.2971193586311522,0.22025107354756587,0.1449243459426365,0.1056759168816685,0.11941077532322698,0.1926067742470299,0.33230534734543066,0.5541486138016006,0.8786026056920304,1.295405791862046,1.737475913186837,2.1080280845883195,2.353608855349237,2.499395697317521,2.587940489967818,2.733784840143396,3.037393514015637,3.5441911313578007,4.3508100172266975,5.4292005301110535,6.6531719348837175,7.662868921510143,7.961607216720455,7.247911504474001,5.914449037976364,4.234827733593985,2.720424167800068,1.6567217428561292,1.0807255511942373,0.8554746279009818,0.8409351465302107,0.899105421288133,0.923812864646219,0.872831341773505,0.7507661637956761,0.6178345454107549,0.4983566277131861,0.38701504539428244,0.3149707021771208,0.31488227383057155,0.4388633437010079,0.6839708637029384,0.9967202820048243,1.299885443846815,1.5571026670525772,1.6851969048963398,1.6855449452791962,1.5602763621971292,1.3560138331324554,1.0847997674302283,0.7639181602411255,0.45941304281221046,0.2237115030123365,0.08908042299993464,0.029739985957946535,0.008599111077246199,0.002608800401420762,0.0025959543688466465,0.007470498587009562,0.020542533372465328,0.04625610752798809,0.08662822900573666,0.1391700765156218,0.19535828787475817,0.238755958744852,0.26503783564883715,0.2518172646487753,0.21602818665635953,0.15280448479765554,0.08820330681342951,0.04067139236149778,0.014758306282014489,0.004148618480964352,0.0008971378470492116,0.00015472657058510168,2.2072487047755813e-05,2.639604500741037e-06,2.6229015643482985e-07,2.118448173160057e-08,2.6773745481284084e-09,2.32248319587446e-08,2.730436530021636e-07,2.5751828863390193e-06,2.0009548218716613e-05,0.00012980813548351346,0.0007021213149210817,0.003112231905720377,0.011023414026369931,0.03139285115132486,0.07308855703362305,0.14137784307541115,0.23028348626061632,0.31519283713839463,0.3618524836726574,0.34219729106330954,0.2590137516279664,0.14890961352702778,0.06726064811820764,0.024729523960195027,0.007697364470621813,0.002104206640633203,0.0005128258152772014,0.00011035337616120095,2.03889752664088e-05,3.110298688516636e-06,3.748429888910822e-07,3.428890736726851e-08,2.337413025498018e-09,1.1909907711272066e-10,4.409341725137527e-12,0.0,0.0,0.0,0.0,0.0,0.0,0.0,0.0,0.0,0.0,0.0,0.0,0.0,0.0,0.0,0.0,0.0,0.0,0.0,0.0,0.0,0.0,0.0,0.0,0.0,0.0,0.0,0.0,0.0
0.0,0.0,0.0,0.0,3.293345313757543e-09,5.433290905717538e-08,6.180181188614016e-07,5.547502571568106e-06,4.077540759629228e-05,0.0002521788694068902,0.0013301675511098743,0.005976927657603651,0.022257536222713425,0.06672459853025511,0.15835184596554877,0.2957066704207091,0.4387401201999524,0.5087229020098764,0.5008802385020571,0.40095846452604084,0.2657665543019109,0.1485452527915399,0.0700899645120839,0.02759628125670227,0.00995736589947229,0.008655966576904756,0.023381341581078807,0.0644212657667255,0.14833291766028417,0.28467294897606427,0.4686927474761118,0.7073277589118286,1.0717544200059328,1.734430833382404,2.8917375403154586,4.378868830203259,5.50782420858247,5.738676836625953,5.2871350686129235,4.388393465411276,3.3677778912505416,2.5436710152321846,2.115848003561366,2.035820651912749,2.298033395962528,2.6662175204072605,3.072094730037852,3.432342537054364,3.880672391310745,4.429051393076638,4.799217149794065,4.510251973026862,3.694695563455197,2.465062006898055,1.3515591520907906,0.6115823727256714,0.22921385337059189,0.07149568415220671,0.018712348798462935,0.004143755897096794,0.0007873508123979886,0.0001274842654012374,1.6827950725551416e-05,1.7506295821873116e-06,1.389891445707605e-07,8.40225575908797e-09,4.003566587107352e-10,1.4711468723631272e-11,0.0,0.0,0.0,0.0,0.0,0.0,0.0,0.0,0.0,0.0,0.0,0.0,0.0,0.0,0.0,0.0,0.0,0.0,0.0,0.0,0.0,0.0,0.0,0.0,0.0,0.0,0.0,0.0,0.0,0.0,0.0,0.0,0.0,0.0,0.0,0.0,0.0,0.0,0.0,0.0,0.0,0.0,0.0,0.0,0.0,0.0,0.0,0.0,0.0,0.0,0.0,0.0,0.0,0.0,0.0,0.0,0.0,0.0,0.0,0.0,0.0,0.0,0.0,0.0,0.0,0.0,0.0,0.0,0.0,0.0,0.0,0.0,0.0,0.0,0.0,0.0
12.923392033137878,12.95594022237117,12.566246282842194,11.40492856813088,9.797341901386456,7.8659148186008006,6.014419738162242,4.410715866267561,3.101421278395683,2.0668344060203396,1.2767957247466721,0.7113538745108522,0.3494489935815006,0.15820404099089727,0.09820648396939984,0.16707597190448534,0.40168301206983953,0.8629074088812686,1.5786470085894082,2.465487815530738,3.3925352614626854,4.335620360378264,5.466376916473879,7.2477369743366395,9.918471173794309,12.840749900290815,14.891110145130336,15.661421715841032,15.347747847505234,14.54189657092322,13.24711202757699,11.72109705854635,10.079485882568564,8.43000787900168,6.873871884677325,5.523780137930024,4.467163152877082,3.560607944561964,2.6968130312413447,1.90991569037382,1.476787149222402,1.6120712502424748,2.26650118872812,3.279854949297365,4.326261558780993,5.220862883630396,5.584796112379908,5.252885569245482,4.311067160511194,3.2233384269090677,2.3112298435058314,1.6146226708057974,1.0833713299252468,0.6519637442094653,0.3395932596578552,0.15083764754016918,0.056707436665924954,0.017966687717985295,0.004777544866408964,0.0010628638967820285,0.0002003085275501695,3.2201718043066445e-05,4.2913130273879e-06,4.5888977888138034e-07,3.798960446384424e-08,2.3988442537911417e-09,1.1897506481942378e-10,4.623847900038277e-12,0.0,0.0,0.0,0.0,0.0,0.0,0.0,0.0,0.0,0.0,0.0,0.0,0.0,0.0,0.0,0.0,0.0,0.0,0.0,0.0,0.0,0.0,0.0,0.0,0.0,0.0,0.0,0.0,0.0,0.0,0.0,0.0,0.0,0.0,0.0,0.0,0.0,0.0,0.0,0.0,0.0,0.0,0.0,0.0,0.0,0.0,0.0,0.0,0.0,0.0,0.0,0.0,0.0,0.0,0.0,0.0,0.0,0.0,0.0,0.0,0.0,0.0,0.0,0.0,0.0,0.0,0.0,0.0,0.0,0.0,0.0,0.0,0.0,0.0,0.0,0.0
1.0172463719811382,1.3826715053557221,1.594838245348214,1.6026694059699993,1.5162929671199088,1.5323651751422254,1.8400272113852276,2.403700217347915,2.9845050462170577,3.38455199082642,3.459129075483213,3.2128155981905793,2.807920787653716,2.418222554347832,2.12840488903248,1.8513592820942455,1.5014064107341205,1.1135099266413397,0.7908844518672374,0.580730632737678,0.5404987623057939,0.5776078272584569,0.6066500416306715,0.5631167572234513,0.4207823429313189,0.244042618587499,0.10963518528572445,0.03917928846276925,0.011397127206698743,0.002723486988389119,0.0005352476008644952,8.684356283409572e-05,1.1718781666272525e-05,1.3119963445245798e-06,1.1894120602958043e-07,8.417029368208423e-09,5.059363462092784e-10,2.879626314779539e-11,9.412345922834438e-13,0.0,0.0,0.0,0.0,0.0,0.0,0.0,0.0,0.0,0.0,0.0,0.0,0.0,4.0772715753912945e-09,6.948521386021319e-08,8.006393083310567e-07,7.310974794021437e-06,5.4990975092397404e-05,0.00034978425150267227,0.001921757318929227,0.009249854123052311,0.03846783245739822,0.13340633479864072,0.36615693889679984,0.7617218321733453,1.2230041489268604,1.5873578034496554,1.803450568853027,1.8803877158266153,1.822239514700912,1.6691142071464375,1.438467322534536,1.0884112061029119,0.6774638236247689,0.3570518059357816,0.25446233986243527,0.41826453387373563,0.8138563953833668,1.456911263617027,2.174679869378972,2.781264443456107,3.1155369102885992,3.0991580979748683,2.867572679539982,2.5623238666809414,2.319373568801565,2.2155707926746686,2.2091892691336765,2.099773127926543,1.8688665056757765,1.5340848489245538,1.1828235944847016,0.9177665411464332,0.7695057159936405,0.6993334014286773,0.6971437694247689,0.7757456244811299,0.9604310707302391,1.359728782523142,2.098598433539756,3.165869150156445,4.248379358319139,4.843674801333872,4.877999276925383,4.333380392061462,3.4258854657260147,2.571314467951662,1.9999601664785145,1.753087712575616,1.6846674484113835,1.495109736246011,1.1799808669467402,0.7339150585961742,0.3660416355627057,0.16316459537908248,0.11263143033279847,0.1809819194590494,0.3471667036706589,0.5802499987996103,0.8225351641159389,1.007689170743418,1.0840463355456214,1.12138829785938,1.2724687227190221,1.6870276783966036,2.2891695076184844,2.9177441900300143,3.500959968792136,3.9934206220505524,4.440394039070159,4.699150373159003,4.722420816609507,4.358548622654207,3.7770441304661926,3.1413292839084686,2.58228550478963,2.1362051781246385,1.7492519352829043,1.3593975291894516,0.9761154729033666,0.6123369599104574,0.3468282545720917,0.18105513150229044,0.08870398506538056,0.04143528190570705
5.669723381868765,5.73238061885021,5.549625468113656,5.112708296813486,4.518704828946675,3.814584412422864,3.140773713203782,2.4089938105788455,1.6583330643044862,0.9822878575772219,0.4849184636846444,0.19585352971757133,0.06399565694684366,0.016733526918532426,0.0034806835259790082,0.00059239975430114,0.0001573437916015889,0.0005945696617191711,0.003478507223253501,0.01727260689842994,0.0710144547732926,0.24235024878356315,0.6819283176158116,1.5814343816852374,3.0753838242780773,5.1664339759615165,7.684419978774851,10.218362215991359,12.187608350975937,13.017564721477227,12.461628245204835,10.676153677804077,8.211423533930459,5.666493863706937,3.5340652514570885,1.9807296510570829,0.9788376084632413,0.41348155285873206,0.14419807987108937,0.04044037237336081,0.009060986448342395,0.0016414852411102512,0.00024477917070282263,3.1011882423444074e-05,3.505958989420879e-06,3.5366049032993737e-07,3.093368566362209e-08,2.231113411257732e-09,1.2371545775662458e-10,4.42828572041184e-12,0.0,0.0,0.0,0.0,0.0,0.0,0.0,0.0,0.0,0.0,0.0,0.0,0.0,0.0,0.0,0.0,0.0,0.0,0.0,0.0,0.0,0.0,0.0,0.0,0.0,0.0,0.0,0.0,0.0,0.0,0.0,0.0,0.0,0.0,0.0,0.0,0.0,0.0,5.335256070723469e-09,8.199835215514664e-08,9.57884238010422e-07,8.622058928719832e-06,6.056630251230748e-05,0.0003437453544167306,0.0016342979450907887,0.00664630591426093,0.02302061272547231,0.06576101837307322,0.147912795113275,0.25494906075465246,0.3420138146647857,0.3664170889922537,0.326925024109972,0.2466347846042021,0.15708180190819235,0.08382135381034295,0.03683976000922668,0.013135678221397362,0.0037661375241162323,0.0008623672306106668,0.00015586240767371775,2.1891789095374947e-05,2.3663948345582447e-06,1.968179500275022e-07,1.263364476034542e-08,6.607128860813303e-10,3.192440380838635e-11,7.651090109456691e-13,0.0,0.0,0.0,0.0,0.0,0.0,0.0,0.0,0.0,0.0,0.0,0.0,0.0,0.0,0.0,0.0,0.0,0.0,0.0,0.0,0.0,0.0,0.0,0.0,0.0,0.0
0.31374587305059554,0.26618149149308395,0.23224101943617176,0.21039293143965015,0.1694297030673728,0.11044434576996463,0.05437532597749013,0.02026760115850509,0.00533883487059691,0.0009367571699481943,0.00011292600354818798,9.986946846346783e-06,6.922311053866176e-07,3.920787219338402e-08,1.5499461654681706e-09,4.1399849854693484e-11,6.289021403962513e-13,0.0,0.0,0.0,0.0,8.3762103803833e-10,4.13719256780345e-08,1.004959966185071e-06,1.6530218490796564e-05,0.00019714703000865664,0.0018795819217367372,0.01431074444677628,0.07746642838021334,0.2918320412273035,0.8190565229820752,1.8586866768862127,3.605235547291789,6.26365579026301,10.144841716216089,15.489853671788032,21.47594863324266,25.890152050569974,27.733255456385994,27.249589032187256,24.633437327208316,20.22625244403294,14.84169145240254,10.033319764417714,6.520023784094102,4.1411137834930205,2.472260056462782,1.303176354588697,0.616341343734531,0.3236688782979219,0.22222874053265654,0.17482761992213497,0.12684217552798133,0.07271244008351976,0.0463969404532434,0.09513918337012409,0.26695675835698945,0.6302630056880301,1.3444288929026544,2.8347025734865356,5.862177259786348,10.766685058553422,16.408477164513435,21.121118740828255,24.268392019935355,26.24648838687741,27.627889466989497,28.35081529046923,28.00160350606598,26.22934213990174,23.13028879146056,18.899208389779353,13.593053709018148,7.933779878243348,3.562984856160938,1.3127443747035854,0.4530447207660652,0.1526371237995114,0.04669998229678402,0.011498117395059161,0.0020830308495989984,0.0002671650627056741,2.4406612160129916e-05,1.6443546730151666e-06,9.039530642636264e-08,4.32559166573309e-09,1.3825952304487404e-10,2.4780577728156313e-12,0.0,0.0,0.0,0.0,0.0,0.0,0.0,0.0,1.672231761685094e-09,3.452651323464426e-08,6.147321563910318e-07,9.74464007792574e-06,0.00011297914546851514,0.0008973588250762942,0.00489797343643361,0.018858401226282902,0.0526433708649687,0.10956026010971677,0.16652570329120261,0.1754657702993983,0.1276663779026136,0.0643157120822905,0.024780823512977505,0.00741845821169947,0.001618999409856539,0.00024013932839203297,2.373424885850272e-05,1.594533548061649e-06,7.428103190330854e-08,2.7727070761348363e-09,8.359867767259771e-11,1.7063263660049353e-12,0.0,0.0,0.0,0.0,0.0,0.0,0.0,0.0,0.0,0.0,0.0,0.0,0.0,0.0,0.0,0.0,0.0,0.0,0.0,0.0,0.0,0.0,0.0,0.0
0.0,0.0,0.0,0.0,0.0,0.0,0.0,0.0,0.0,0.0,0.0,0.0,0.0,0.0,0.0,0.0,0.0,0.0,0.0,0.0,0.0,0.0,0.0,0.0,0.0,0.0,0.0,0.0,0.0,0.0,0.0,0.0,0.0,0.0,0.0,0.0,0.0,0.0,0.0,0.0,0.0,0.0,0.0,0.0,0.0,0.0,0.0,0.0,0.0,0.0,0.0,0.0,0.0,0.0,0.0,0.0,0.0,0.0,0.0,0.0,0.0,0.0,0.0,0.0,0.0,0.0,0.0,0.0,0.0,0.0,0.0,0.0,0.0,0.0,0.0,0.0,0.0,0.0,0.0,0.0,0.0,0.0,0.0,0.0,0.0,0.0,6.420471807801135e-10,2.8010537191098124e-08,4.868292064675841e-07,6.512210080577725e-06,6.904989699024625e-05,0.0005690731487667882,0.0036397887303817903,0.01666172617511476,0.052753979071495344,0.11553453555859297,0.1861896362782409,0.2391963576222572,0.2520038081800475,0.20971865131773454,0.12296906795875756,0.04858306274236641,0.013244370762097727,0.0026600856798312494,0.00041673217840981297,5.815197428586431e-05,9.88729433954382e-05,0.0010031470456596445,0.007599709677579552,0.04366863641678705,0.19433753470853718,0.6738421722112684,1.8259179825079646,3.9025739406304565,6.8160954939013925,10.107189232754182,13.141034452034688,15.464396225402757,16.89814742951037,17.558480790023154,17.56136573775327,16.984774383372727,15.457794990463505,12.299685647428532,8.124234805046665,4.71661371226049,2.5299337568944136,1.170601869287896,0.4172325615873691,0.10513680952985299,0.01902168865540573,0.0026103670812013193,0.00026988189464135023,2.0865491978335052e-05,1.1778465025277904e-06,4.6154511705754355e-08,1.2489941428978752e-09,3.297938978642691e-11,0.0,0.0,0.0,0.0,0.0,0.0
7.235625039774737e-11,7.932938430130505e-09,1.878598822858855e-07,3.2138676467018676e-06,3.8768909180336634e-05,0.00032862815464950286,0.0020138605098633704,0.009558683697805687,0.0361790034786526,0.10916872228355336,0.24996446992886442,0.4286450004307797,0.5842359774538962,0.7160353290339023,0.9010584787849023,1.2776993784044823,2.0609555169845377,3.3496861447010313,4.990113946827552,6.787539958930638,8.802879860092615,11.380386714608843,14.818005685219314,18.528496549474934,21.199644766301482,21.981538225880737,21.350395117196186,19.768427750878672,17.084548250118065,12.860721771332932,8.023465206557567,4.106859473662164,1.754367637202068,0.6542878033433731,0.2630136221820162,0.20957412264301994,0.30693301459705163,0.40009965316145285,0.37688229023981185,0.2605989088700129,0.1359775253188329,0.05505927270746448,0.017142728437358583,0.004022788018910207,0.0007090552817818594,0.0001084819135070967,0.0001473996157658497,0.0013178358172129339,0.007722080401890937,0.02756654957537299,0.06959298621278465,0.1367692394055665,0.20951280156183602,0.23816818384636618,0.188371852990894,0.0922065962794307,0.029638194297443517,0.0069889786918529845,0.0014084844495787208,0.0006465063299607135,0.0030025538943616314,0.01488541471225179,0.04927520601514014,0.11521228114843877,0.21194531562792937,0.32421817950281934,0.4159675747409905,0.4248806045662145,0.3324489755753318,0.1940583846063187,0.08806721110236754,0.032145299416205496,0.008892795856148427,0.0016213857285786726,0.0002094275563743743,0.00023983740124271076,0.0015589258874799637,0.00816812351838121,0.03277670611807568,0.0980128603731944,0.2128673233724669,0.3671137663203864,0.5844946824866807,0.881441897673166,1.2227152774903347,1.4497855330637952,1.2858934454953754,1.011409936937742,0.923351135534576,0.936033064633913,1.0025611914746848,1.1424229358236502,1.4823656408108878,2.132457218912128,3.2482762964606695,4.785972561512812,6.638277302948146,8.75184942309713,11.202361959645891,13.921396881176564,16.148716722756134,16.892847511577372,16.196759174359457,14.380389182920794,11.941401584732208,9.207315847282736,6.540768905665549,4.26394780049652,2.509870656743777,1.3111792815437868,0.5954510284138967,0.2247013184936956,0.06706476451240659,0.028750278690271587,0.05238911249624675,0.11425302633595218,0.18795493607481586,0.21798765596263128,0.1767541747415621,0.09982130420496775,0.04249774180956288,0.014480810141095988,0.00392409067231843,0.0007570283514593113,9.42830637604344e-05,7.670034041477959e-06,4.481994125953576e-07,1.9144850896395892e-08,5.552084044893463e-10,9.778683570434006e-12,0.0,0.0,0.0,0.0,0.0,0.0,0.0,0.0,0.0,0.0,0.0,0.0,0.0,0.0
0.0,0.0,0.0,0.0,0.0,0.0,0.0,0.0,0.0,0.0,0.0,0.0,0.0,0.0,0.0,0.0,0.0,0.0,0.0,0.0,0.0,0.0,0.0,0.0,0.0,0.0,0.0,0.0,1.552868348322586e-09,5.225225551745709e-08,9.576404009240077e-07,1.2833321394912187e-05,0.00013300602974453577,0.0011571312923586094,0.007764325575177399,0.03719362788980253,0.12298080041923669,0.2914737498965821,0.5465377320863547,0.9112996505787865,1.4999453280167347,2.559584676567238,4.355609312177815,6.747429243837017,9.00702956447292,10.19450050881343,9.735779570700384,7.603841414100459,4.842891408418764,2.6013239155873475,1.2315020581677927,0.5153408410349452,0.18413237299162905,0.05149364386668506,0.010056974269388785,0.001275028304839201,0.00010543497435892203,5.929921576109085e-06,2.687540971404201e-07,1.0775209803008401e-08,3.3190806741590227e-10,6.9212778902567e-12,0.0,0.0,0.0,0.0,0.0,0.0,0.0,0.0,0.0,0.0,0.0,0.0,0.0,0.0,0.0,0.0,0.0,0.0,0.0,0.0,0.0,0.0,0.0,0.0,1.1260134200778229e-09,4.937031828220497e-08,8.74964079125433e-07,1.1777567155795043e-05,0.00012364175875894884,0.0010022998981243096,0.006286933310353602,0.028185859087670705,0.08721508342773109,0.1823691817770394,0.2664669236334976,0.3100919615849237,0.3318978337079696,0.35850192622315596,0.44688349276876266,0.6528361967034756,1.0161343677032215,1.5296880379736548,2.26668727861791,3.4360266261312913,5.172010050405565,7.259449644505055,9.12635500063429,10.087876294962193,9.594508788913883,7.682653154149859,4.981986355989258,2.6111332001301246,1.1562260399621855,0.4531819605933195,0.1559023732040396,0.04519858496869178,0.010505674838852378,0.0018552365579027025,0.00024083693302828343,2.29728564344839e-05,1.6298188621539123e-06,8.64692497797537e-08,3.7281295651179345e-09,1.1021734208902416e-10,2.079472580042984e-12,0.0,0.0,0.0,0.0,0.0,0.0,0.0,0.0,0.0,0.0,0.0,0.0,0.0,0.0,0.0,0.0,0.0
0.0,0.0,0.0,0.0,0.0,0.0,2.60318846430549e-10,1.4614597098831655e-08,3.6179554769584997e-07,6.5174403386725646e-06,8.739019616879672e-05,0.0008984356935772589,0.006066500162844359,0.02761723269795996,0.08817313249491192,0.19818661810200724,0.31482812329478577,0.361830481932578,0.3032691283069206,0.1858442529272192,0.08507877660055874,0.029742719747340652,0.007821338032446603,0.0014842314232387036,0.0001904752979687026,1.600256105555573e-05,1.0281656992672335e-06,5.0095178661570296e-08,1.6127917029667495e-09,1.6368012014396803e-09,4.306760915938498e-08,8.125816683811993e-07,1.3323931590121183e-05,0.0001644745287462126,0.0013350495752592676,0.007221272973703209,0.027568621285852534,0.07783886730129795,0.16182830405992452,0.231845279004015,0.22744488785207065,0.15977372236047627,0.08457818132055388,0.03570432927162306,0.011737807692986,0.0024550856470263297,0.00025836684933830623,0.0001213025928182261,0.000846865425222154,0.005441189316873236,0.02577860913768863,0.08387468313055922,0.1833602905511703,0.279642944307902,0.3324460686647202,0.3176669959670611,0.27184024042852023,0.2292134936818543,0.23246559598990132,0.3663718031889023,0.7560877293331155,1.4897209499152666,2.7142237364391235,4.547001928771366,6.9602970042106405,9.785273400342923,12.57777959047779,14.537630777045408,14.662118580022634,12.55843122184961,8.357315166196228,4.060336746445905,1.503211745057011,0.48187896561633115,0.14812515196088913,0.046556432517649245,0.038568596829163276,0.09842638709122943,0.1935573066313484,0.2827198025547933,0.3619109686883093,0.41693940501668453,0.4389149762531468,0.41467743743760604,0.33940239770659736,0.2365185634250816,0.13114239747917752,0.055535352527144984,0.017053695225339473,0.0036218317850402787,0.0005328158067443923,5.247159222922455e-05,3.39565511720791e-06,1.5220576114109384e-07,5.158018878973449e-08,9.881004489967442e-07,1.7352472517756414e-05,0.00021160507870608748,0.0016628500557619545,0.008937130399501331,0.03405352816099957,0.09181262947305875,0.1731687805588136,0.2332454535106936,0.25513174933108645,0.25431643261905595,0.23229380953655007,0.18410154908861973,0.12927215170561449,0.07655867900704225,0.03587287646381438,0.02342857278797537,0.051407218127826615,0.12012043322256971,0.1993665920768334,0.23456135140860535,0.216007932545734,0.16238085452074705,0.10412593353712407,0.08334590081485897,0.12437233753046549,0.19213265136762767,0.23125137756637104,0.20922230287366816,0.1280680372067595,0.050996720177783755,0.01310407276055156,0.0024034481217794423,0.0003537854604999924,4.152958856954898e-05,3.6700297351557206e-06,2.061742709127246e-07,6.500429764217845e-09,1.791948523052131e-10,3.614483207262604e-12,0.0,0.0,0.0,0.0,0.0,0.0,0.0,0.0,0.0
0.0,0.0,0.0,0.0,0.0,0.0,0.0,0.0,0.0,0.0,0.0,0.0,0.0,0.0,0.0,0.0,0.0,0.0,0.0,0.0,0.0,0.0,0.0,0.0,0.0,0.0,0.0,0.0,0.0,1.3874195810288385e-09,3.956110150242724e-08,7.326032942850191e-07,1.1617109821184148e-05,0.0001452955490804258,0.0012877123506485628,0.007981780739865631,0.03528145769480129,0.1180157244440402,0.32390384008852235,0.7713164942509286,1.603937184501777,2.7894363004248155,3.9520378200073463,4.58420265614318,4.276753688772005,2.6380484715926906,0.8760216238797877,0.19296519098140327,0.0360591972724481,0.005624143242224528,0.0006782381472709167,5.736370566873931e-05,3.3351296989933693e-06,1.6480617336723666e-07,5.947019191067743e-09,1.4418474609167767e-10,1.5744717778238321e-12,0.0,0.0,0.0,0.0,0.0,0.0,0.0,0.0,0.0,0.0,0.0,0.0,0.0,0.0,0.0,0.0,0.0,0.0,0.0,0.0,0.0,0.0,0.0,0.0,0.0,0.0,0.0,0.0,0.0,0.0,0.0,0.0,0.0,0.0,0.0,0.0,0.0,0.0,0.0,0.0,0.0,0.0,0.0,0.0,0.0,0.0,0.0,0.0,0.0,0.0,0.0,0.0,0.0,0.0,0.0,0.0,0.0,0.0,0.0,0.0,0.0,0.0,0.0,0.0,0.0,0.0,0.0,0.0,0.0,0.0,0.0,0.0,0.0,0.0,0.0,0.0,0.0,0.0,0.0,0.0,0.0,0.0,0.0,0.0,0.0,0.0,0.0
0.0,0.0,0.0,0.0,0.0,0.0,0.0,0.0,0.0,0.0,0.0,0.0,0.0,0.0,0.0,0.0,0.0,0.0,0.0,0.0,0.0,0.0,0.0,0.0,0.0,0.0,0.0,0.0,0.0,0.0,0.0,0.0,0.0,0.0,0.0,0.0,0.0,0.0,0.0,0.0,0.0,0.0,0.0,0.0,0.0,0.0,0.0,0.0,0.0,5.574506222357642e-10,2.5547545162369333e-08,5.803190373820219e-07,9.050445623624979e-06,0.0001040336973891039,0.0008749189632215222,0.004615775318646354,0.015418042505281148,0.03668117841955002,0.07005525012965619,0.11353131653141736,0.150827617264252,0.1484314962990358,0.09366424798465861,0.03367944425197377,0.007385566342301025,0.0010825804819897828,0.00011725633843250433,1.0112102945371683e-05,7.508553074403108e-07,5.246446797046049e-08,2.5341155136171103e-09,6.66013066263274e-11,7.144341424782712e-13,0.0,0.0,0.0,0.0,0.0,0.0,0.0,0.0,0.0,0.0,0.0,0.0,0.0,0.0,0.0,0.0,0.0,0.0,0.0,0.0,0.0,0.0,0.0,0.0,0.0,0.0,0.0,1.0077942937249526e-08,3.351935298057593e-07,7.974211800995703e-06,0.00012080851769048968,0.0012941442229580684,0.010663230802698797,0.06850152845445054,0.3310393960772447,1.0916715626205036,2.6200569213237412,5.108426622723234,8.651058252341958,13.123152247568598,17.960540170831106,22.1661055882132,25.095076284579353,26.76846033440219,26.94373793586756,24.067802513990756,17.802652381031987,12.098692233996099,8.253155716366587,5.269211835665031,2.89086081283474,1.277405370134187,0.42884850688400206,0.10409154770476958,0.018858902617145817,0.00281082587786432,0.0003527755686349779,3.67529635900594e-05,2.724578393040258e-06,1.2155654730999e-07,4.444394722379741e-09,1.2038982238901536e-10,2.0150278815523603e-12,0.0,0.0,0.0,0.0,0.0,0.0,0.0,0.0
0.4272567136804431,0.22920482656300126,0.13298139573106213,0.12505333782288539,0.1706492565489605,0.23890204712369165,0.35255387431449076,0.5670899511316853,0.8852054315692038,1.2357852662972633,1.611891530838671,2.2821255347252607,3.428745514937907,4.7515220118260055,5.894934463272784,6.920250525574196,8.552494648232026,11.299461788621358,14.716102280788768,17.87564867731236,19.931537050891254,20.39735049612582,18.99008456674594,15.742145794351694,11.486194861126904,7.413604300168372,4.382856600637849,2.512955050873534,1.5046897681169666,1.0538302333776455,0.9229079918596432,0.8918464411914737,0.8572549555249869,0.8445733256759792,0.9621569073550184,1.1969846067444114,1.4228104312731247,1.531220510722929,1.542654251742535,1.510372366473154,1.4522124134403098,1.354960496729035,1.164977036952377,0.9191182140472053,0.6625535202708638,0.4215954977324729,0.20563702718241586,0.0833408471517982,0.08078369391661237,0.15218723274135634,0.25929862575187934,0.3249433390717445,0.286208619586166,0.17487131915521595,0.10937568948882147,0.16346305214158915,0.331512470527842,0.543485367454025,0.6711068292080103,0.6315108170042139,0.4534699078255349,0.2728391491484892,0.13801603216868727,0.07077333755053804,0.07322361990187191,0.10622539469822449,0.13228187162346441,0.12888988670979107,0.09554376153415649,0.051075901428328185,0.01930424762003208,0.00509119075617323,0.001582106075340207,0.004860790586693783,0.02512800621458951,0.10443507576835621,0.3338325512878315,0.79636038132122,1.400136305177073,1.992867824911448,2.464957958966218,2.7635415897973403,2.736405579791658,2.374070287205417,1.8645960485854243,1.3973646461730853,1.1103819069299634,0.914005640573558,0.8232391960341546,0.8780767446426179,1.1883552677093043,1.8857141723126594,3.1654977635354427,5.152520832331384,7.648894709588826,9.961914950456295,11.2295257185177,10.93952622148334,9.081459334095014,6.358543725785775,3.7472554912683584,1.8058591173702012,0.6685566730766794,0.1863905933217359,0.04595162562582073,0.036010078273106025,0.08818166684822848,0.16474164860224458,0.18590624826560223,0.15497698354049663,0.10041837443455363,0.0519943842741429,0.020546602698347557,0.005776908281817636,0.001074391023471915,0.00012728090591200363,1.115364859829012e-05,1.8449158962314343e-05,0.0003051749053590882,0.003002727574260153,0.015061737447029981,0.04710342962567885,0.10956207351179803,0.19784281794889855,0.2707055051579092,0.27283639735401366,0.19856292458655136,0.09830514581196768,0.0336622412931123,0.008076127592181091,0.0013479027476927322,0.00015262040692193358,1.2120929426984886e-05,7.98757618500005e-07,3.8448000279751816e-08,1.2606412204960397e-09,2.5810126043243782e-11,9.995270105374423e-14,0.0,0.0,0.0,0.0,0.0,0.0
1.1707766318545657e-07,2.236704636060314e-06,2.7741891513014054e-05,0.0002508066747651776,0.0016334267553462986,0.007533510013824538,0.02396309741820481,0.053360058002931116,0.0909874242770346,0.1265090739878378,0.140099701576983,0.11526579779464256,0.08128697403635392,0.12385594725373844,0.3234189594719679,0.7667363706166469,1.5760277568472765,2.969104929009239,5.218544906503225,8.4757942196106,12.685685926063544,17.543988968424216,22.203361765339697,25.36615650728829,26.69763474527049,26.38723187107639,24.60098121194444,20.951022704047464,15.3376189285767,9.206695244501907,4.52008926924094,1.9141692412743965,0.8767501562283618,0.7629388085051634,1.2318411006920493,1.7942618998284925,2.087413383465753,1.9442996559685006,1.4432185267290862,0.8225820963391134,0.3424594728517755,0.10151058445171816,0.022458801450634138,0.0038991477861649924,0.0005343298197769165,5.334542456471243e-05,4.6824096040317256e-06,1.87078362186078e-05,0.00018801663039100266,0.0015435830077110899,0.009894381117612707,0.04859657560165276,0.17871893894704824,0.48124162067744897,0.9445419833724945,1.4083286422688943,1.7432643736034956,1.9456875055125173,1.9910319806620091,1.849971411272068,1.608219714393839,1.3512122165547262,1.0959079590853114,0.7903390968428873,0.509311738591994,0.2745691656203368,0.11849342558093089,0.04066848468186793,0.012459175197826166,0.010526833395715099,0.03652566190809727,0.10628366960889668,0.19885489561452838,0.24863846568897427,0.22293346748641207,0.1427408012438984,0.06417052497751093,0.01982796388059024,0.004179547066057413,0.0006256806710978457,6.979855788920177e-05,6.115802168046203e-06,1.3110349490605091e-05,0.00020153553461318418,0.002117656533013105,0.014124673660197618,0.06540578537691603,0.22270452267819305,0.5653851173371565,1.0743123049640766,1.6257824014458595,2.292211672095541,3.428324679897083,5.554363437817201,8.870327525743548,12.866557126905795,16.593249378217177,18.82011687206638,18.79430900867766,17.13000927662296,14.767929945968964,12.019731874366533,9.159854648030903,6.690304480720463,4.7922995482814414,3.177868094174713,1.7686916521753984,0.7396353627360533,0.2148661592095458,0.04374813879757488,0.006470451374027932,0.0007179294734391455,6.118980160815103e-05,3.6358159590014497e-06,1.4499872847184418e-07,3.6951606194556e-09,6.161041720751913e-11,0.0,0.0,0.0,0.0,0.0,0.0,0.0,0.0,0.0,0.0,0.0,0.0,0.0,0.0,0.0,0.0,0.0,0.0,0.0,0.0,0.0,0.0,0.0,0.0,0.0,0.0,0.0
1.1792340872371245e-06,1.8391996365786918e-05,0.00017790154837427763,0.0011730329520305,0.005420112124931006,0.018027043131008603,0.042748103283221525,0.07578281052620033,0.10552860133430086,0.11303191907426784,0.07699241130249482,0.02819302952293839,0.006709575445497104,0.0012811557955073874,0.0007046151416657731,0.003466405671616881,0.015650757894091087,0.05075727082160586,0.12168077723986917,0.24661160577572203,0.5370755937921216,1.1942864304875656,2.251306097426976,3.7033119588940315,5.693246410140153,8.260262930842432,10.944528865442676,12.668902773919521,12.671920870047423,10.980677478011232,8.326364025377886,5.360960578403839,2.8554575660753354,1.2338550343795853,0.4304356323133637,0.12110461185045636,0.02663818079318772,0.0043871513316291666,0.0005210375767907144,4.8925364782637504e-05,3.281765875607033e-06,1.468566373959231e-07,3.943245122115579e-09,9.095612007785375e-11,1.7105488952572378e-12,0.0,0.0,8.185853831233292e-09,2.6879979487464227e-07,3.7892495200971785e-06,3.612794877105723e-05,0.0002760019176254075,0.0016935747488742356,0.008007922499209997,0.02742264432649859,0.07050367677449643,0.1350770800298636,0.17001116694489077,0.12655566595288598,0.051396853693981316,0.014934585074597006,0.003660771320220568,0.0014188032471811832,0.004457790731301778,0.018214339223687526,0.05440797067112979,0.11322665377531067,0.1494448329073946,0.1311455477714276,0.07543783757710551,0.030279224330261718,0.009082505620845982,0.002174340321418288,0.0004392388734140107,7.244424229978004e-05,6.9464213596754226e-06,2.8012129257336335e-07,5.18256736460957e-09,9.839679069593882e-11,1.6647061795886371e-12,0.0,0.0,0.0,0.0,0.0,0.0,0.0,0.0,5.617173124717811e-10,2.445949473737717e-08,4.860737800016746e-07,7.156351975549186e-06,9.336946883690656e-05,0.0008568375680211657,0.005233421530970958,0.02210681559867924,0.07201844466934341,0.19336934602550637,0.42542743946111894,0.7136310017904378,0.863653893976106,0.8042807567164582,0.6794980503534892,0.6569552378922229,0.7075394538858133,0.7174421370397972,0.6436552251607752,0.5224776266510074,0.3895181218813494,0.24971575800785867,0.11680370285700079,0.02923214180500595,0.003864026605807396,0.00040887881237831506,0.00012382728153243036,0.00077509057297984,0.004484351117234915,0.017299845992720806,0.045968485275720596,0.08900180963481964,0.13483527214582314,0.16243524534922488,0.15215701494888512,0.12294304316601415,0.12500184947262016,0.14109253249290654,0.1450363206595163,0.12150748554064275,0.07173795841171465,0.030549499094358962,0.024689304038884287,0.04545892276122819,0.07187380970044156,0.08601573219301037,0.08063816834457907,0.056600534688572145,0.02673444979686323,0.008174208384800864,0.0016956337618958702,0.0002637705112792897,3.0113727652549297e-05,2.3979275541161174e-06,1.344106358326854e-07,6.494097745234015e-09
0.0,0.0,0.0,0.0,0.0,0.0,0.0,0.0,0.0,0.0,0.0,0.0,0.0,1.0517084764029018e-10,1.1190734401058087e-08,3.2393081354122213e-07,5.863095380946397e-06,7.606008492415484e-05,0.0007984488044192894,0.006030729449136268,0.02999252255853082,0.08273837753912051,0.13714083810328181,0.18202565450161906,0.23530177937266267,0.32587632077443507,0.49787572717362244,0.7660323328757415,1.0123140168457199,1.0817539978644028,0.9470056826103386,0.7034290847091123,0.44680355713320336,0.25335991912392924,0.12154138481557604,0.04767382823892611,0.014178229039940583,0.0029057864256342983,0.0003919934105147811,3.930830066953683e-05,2.7611565601395913e-06,1.5628746026048857e-07,7.977024643658354e-07,1.656676030769235e-05,0.00032058578073402834,0.004512762357556389,0.045076354268405755,0.23972930384581578,0.48487609668829756,0.5904070992877979,0.6405253240200386,0.7003308007285518,0.8141264295582413,1.1230730443962416,1.8921995524957982,3.3992038602065477,5.941184409542371,9.940205458461682,15.244775748992652,20.358400837616763,23.775177190554608,25.405003302501584,25.74312790097411,25.28921171533812,24.01486016739445,21.68490621305322,18.15949520302137,13.911842729765027,9.56810136901021,5.801344861151365,3.1186690721823114,1.530850987300027,0.7004721614866872,0.29747439061889686,0.10849326796315273,0.025773455537737227,0.003044815212732619,0.0002130995250740106,1.3181521478524577e-05,6.558162227579633e-07,2.2523581644751695e-08,4.6290234571331385e-10,6.362843755585498e-12,0.0,0.0,0.0,0.0,1.592151284638838e-10,1.9598008177248444e-08,3.9480713547789955e-07,5.166070463043338e-06,5.4800119428426835e-05,0.0005247560465381229,0.003640454925696168,0.01677532712337035,0.052925284304240316,0.12656721273904037,0.2524527467051204,0.45685904565421803,0.8632233874005368,1.6535041875542835,2.7825680045546486,3.9032484727868364,4.760057879934932,5.143201193260389,5.114620374118726,4.87762891810304,4.4500218352240655,3.8775535414056597,3.275843613311828,2.769715375187553,2.3533743382453247,2.117224412651463,2.0621668198413774,2.2228347422511296,2.636511756640532,3.2818621909577166,4.1665285616062615,5.4872433034938135,7.3530186258281045,9.535004492248623,11.883781996969132,14.375533187237224,15.877060301112682,14.780404252059563,12.299319009858422,9.327518207680395,6.393569175146451,4.1655197759776055,3.0905298950504783,2.9316523919796493,3.2358601688739235,3.776596059362716,4.355301428639237,4.619150963068465,4.135966480086331,2.790865094373059,1.3734288392177976,0.5052160519794275,0.1438049058156027,0.03100646761817808,0.0050532163679726785,0.0006629755617742445,8.104027183773426e-05
0.0,0.0,0.0,0.0,0.0,0.0,0.0,0.0,0.0,0.0,0.0,0.0,0.0,4.559262446368986e-09,1.5684419758268487e-07,3.1155172851986178e-06,3.935531446607706e-05,0.00036106853080405087,0.002733327172433887,0.016305709151286523,0.0737928118446248,0.22080433885232748,0.41242154564995676,0.6217012349021048,0.8938771483691937,1.2349247395852907,1.4771991059987521,1.4592566751992824,1.1718030924284613,0.8230931761506172,0.5125788413323457,0.3195873177269983,0.21683846187178601,0.13538868713089935,0.058297233872699875,0.017027022975011095,0.0035638533510732756,0.0005444709753085915,5.9047335507899856e-05,4.885701483719058e-06,2.7254486304659257e-07,9.671770546169854e-09,1.9895805693421804e-10,3.6475439747270335e-12,0.0,0.0,0.0,0.0,0.0,1.177704175074151e-09,3.1614331638137765e-08,4.953152022273639e-07,6.76952249280525e-06,8.450410076851234e-05,0.0007907339543215938,0.005358981247228357,0.025692848848961596,0.08585126679784374,0.1909502725435725,0.27881171594849735,0.2835064821560317,0.2102234157881918,0.1253249631244943,0.07524265105554387,0.07315819773768566,0.11298849865747684,0.15335129701999303,0.14874446167021754,0.09368077786984623,0.03846413476367695,0.011157093392684113,0.0024902250142626115,0.0004592793789032692,7.411921953040592e-05,1.0085893790054334e-05,7.615475834753736e-07,2.1595513774076114e-08,2.545080463381569e-10,3.3012556306972863e-12,0.0,0.0,0.0,0.0,0.0,0.0,1.2189666331157438e-09,5.6460453152298926e-08,1.948301351716379e-06,4.419068198859904e-05,0.0004711306063823641,0.0032183012887215317,0.017371279536767918,0.07884189080292373,0.27242993603044885,0.695540829295005,1.4244797334946189,2.6839789877607014,5.020041350744064,9.01926714093253,14.15237674616291,18.191856416150458,19.715764205350872,19.231446198354647,17.77596633071195,15.645637161687588,12.962743762885339,9.915364636947347,6.991828992829643,4.633885901906424,2.866396505753139,1.4948366865699607,0.6212688213514667,0.3036814498511179,0.2021135864107612,0.15575485271223544,0.15068673599783414,0.16386268017531164,0.15821496847681182,0.13007588292853467,0.11089426169218101,0.12318105448847701,0.15003955234312732,0.18081596628453397,0.22981138065398507,0.2613274175812833,0.24456572846947872,0.19730125105820676,0.13693148249006032,0.09241213386291577,0.10966360084690445,0.20286926488212043,0.3119264093430716,0.3651068679904904,0.344275053509706,0.25750724504959954,0.13137523519183242,0.03955798518028178,0.007694186760394446,0.0010743552280427853,0.00011920473655475598,9.79337152646006e-06,5.395623736505394e-07,1.9406663729537872e-08,5.759324175604516e-10
0.0,0.0,0.0,0.0,0.0,0.0,0.0,0.0,0.0,0.0,0.0,0.0,0.0,0.0,0.0,1.0160440393945064e-09,3.171432136564088e-08,7.065201210992772e-07,1.3461852329952041e-05,0.00016478432012063273,0.0012096146933619665,0.005219560516261733,0.015428558735758416,0.03650355354307444,0.07216502406928083,0.11282155199319144,0.15915297983598703,0.3428059527585985,0.9188100771195143,2.055931751074001,3.8263336292420598,6.15168483534197,8.9423274436715,12.496831675195995,16.712162733870272,20.119447831921004,21.27428584175084,19.88536457083958,17.03215652324111,13.670265678746137,10.095038068157992,6.601881339356927,3.745992654237811,1.9365011437877602,1.0012031983759262,0.5575667235671007,0.3190999068533492,0.14614082819857044,0.043664836421415824,0.056813319994502745,0.14245249052091305,0.32870213092852796,0.6854867904247484,1.2806631956640324,2.0567663710758057,2.770094853212114,3.150339515751232,3.1764125960959952,2.9941365291849804,2.75089684356379,2.586892851410537,2.703334120678078,3.4541143154188085,5.129683679862911,7.683747838873171,9.955340703693787,10.52640125212444,8.839462852397048,5.754500401436259,2.9247641359140757,1.1936469758936137,0.40834836155186016,0.12300792654223339,0.033760804034409744,0.008516917967335268,0.005729355816311341,0.018783648806702732,0.04940173926280076,0.09952777152814421,0.16884515201283337,0.26968765441999143,0.4455871450044279,0.7293242533044827,1.0685864874185367,1.3540452377290335,1.5331262710218454,1.6622081850832533,1.8664285513690249,2.288645706528304,2.6140925806201243,2.700480785686112,2.596077810046757,2.296859553087002,1.7616733523558803,1.084565123269899,0.5186435213975782,0.19984352679369546,0.06409266175682597,0.016869193210971536,0.0033442473789601244,0.0004729062075390909,4.4649712781372715e-05,2.7745553631564144e-06,1.0851142896531303e-07,3.3588317954986087e-09,8.393478663951167e-11,1.1136356290270929e-12,0.0,0.0,6.8647770651532505e-09,3.343036561881985e-07,6.462612130890252e-06,6.435665177993632e-05,0.00046525732940503396,0.0028640220217237165,0.013628257330625,0.046839897538435135,0.11342648645368722,0.20164996312121813,0.2792403394263788,0.31666583218294997,0.30776350304884154,0.2415910567707475,0.11549428155412207,0.025203368303937324,0.003225268327196794,0.0003550697686317246,3.169808781268054e-05,2.0266265027660524e-06,8.062263915914995e-08,2.123799056038348e-09,4.8082486651685945e-11,6.266722585170687e-13,6.523346577483064e-10,2.161200285637988e-08,6.203524234183969e-07,1.3659872511842579e-05,0.0001644712349339399,0.0011749968601086952,0.0054746775298492025,0.01727306172873396,0.035907633061829786,0.05353323016721294,0.06559645880704931
11.225043096846646,9.38393301822518,7.446115084007478,5.62519862177922,4.011340407107743,2.6812864426555216,1.6372953391462313,0.8604767183136797,0.3580414265526758,0.11070307167375514,0.025141113152849785,0.004314624566530162,0.0005989955308812489,6.56463839107586e-05,5.424819205932929e-06,3.137495862384633e-07,1.1557005966912517e-08,2.5835826956352163e-10,4.62450080377206e-12,0.0,0.0,0.0,0.0,0.0,0.0,0.0,0.0,0.0,0.0,0.0,0.0,0.0,0.0,0.0,0.0,0.0,0.0,0.0,0.0,0.0,0.0,0.0,0.0,0.0,0.0,0.0,0.0,0.0,0.0,0.0,0.0,0.0,0.0,0.0,0.0,0.0,0.0,0.0,0.0,0.0,0.0,0.0,0.0,0.0,0.0,0.0,0.0,5.8100625698766915e-09,1.3650469109443868e-07,2.853921007297957e-06,4.5542037013871445e-05,0.0005118209538198762,0.004003638797191693,0.02202353793131762,0.08939853467333776,0.28041047928342866,0.6731065041427672,1.2033435767942537,1.621528911034625,1.73047361784579,1.4121836109779113,0.860646168504643,0.3784394537911867,0.12277395524081307,0.02994769861483473,0.005329295412235605,0.0006478980629009469,5.622697890809635e-05,3.4977953799932877e-06,1.5450759083586682e-07,4.897186960368394e-09,1.063206762111897e-10,5.849728610490489e-13,0.0,0.0,0.0,0.0,0.0,0.0,0.0,0.0,0.0,0.0,0.0,0.0,0.0,0.0,0.0,0.0,0.0,0.0,0.0,0.0,0.0,0.0,0.0,0.0,0.0,7.230741655380515e-09,2.296606100231273e-07,4.745147129815523e-06,6.88975663267003e-05,0.0007387821962302136,0.005929695872321188,0.03503428799822355,0.15145932799519052,0.4757981142543208,1.0642291018299803,1.653744966988352,1.7587990799087019,1.4253671917091593,0.9122279137870636,0.4785279622106652,0.19527848863784475,0.05557489669018001,0.010450553569111589,0.0013592038846764764,0.00013813660726205788,1.1088782858754107e-05,6.60539310416589e-07,2.816902330613585e-08,8.476979149092113e-10,1.68121407405338e-11,0.0
0.0,0.0,0.0,0.0,0.0,0.0,0.0,0.0,0.0,0.0,0.0,0.0,0.0,0.0,0.0,1.2035703475654407e-09,3.610187824252767e-08,6.689414591310429e-07,9.216830314305939e-06,0.00010506838562526859,0.000865944421204412,0.004847052070662357,0.018794947173686967,0.05240175286928423,0.11169313832769281,0.20750737532242142,0.38239577780535217,0.6844137974580314,1.1143931457098313,1.6051617876654731,2.1504495819196947,2.7691075072260083,3.423009524269861,3.878822629725185,4.0193082012212225,3.9918097800413226,4.029105654458714,4.137823883138109,4.118958638788166,3.7771687495308077,3.1489453348804877,2.379764628658133,1.6402079228434434,0.9831428234386002,0.48914308723888794,0.18412417360035008,0.04839781385556755,0.01719789849186447,0.04176859847307919,0.145969387905654,0.3987354160345439,0.811806366041989,1.343031061754213,1.911154979802289,2.3386736917178155,2.4843650734811313,2.5127911155359133,2.7829658016812706,3.7092803379783468,5.665636208694813,8.65668461341714,12.470216656823029,16.644643544268956,21.343701250631185,27.4882647447869,34.43688972183669,39.8642714467478,42.54425531611784,42.92067278977325,41.594726497931944,38.7191385667081,34.5147726784603,29.784123121675904,24.757107699826015,19.025792866366924,12.816419939256242,7.272705600445059,3.526898414032559,1.6472918794430251,0.8894518205694989,0.5378736279246872,0.2932995270945726,0.12199616627362257,0.03678389834242745,0.007912433137456907,0.0012722635972898617,0.0008416035566166607,0.004497748618934526,0.020170328234525938,0.06637909958986987,0.15779491089977318,0.2647001593361287,0.2944555904945193,0.23285315801259762,0.12755154062671384,0.05082447165643181,0.015437634314037364,0.0036609206151971504,0.0006670178544487643,8.995016474980851e-05,8.91214436479309e-06,6.03844392266374e-07,2.7886609279113395e-08,8.626028476716107e-10,1.6647663222717728e-11,2.9008774907065843e-14,0.0,0.0,0.0,0.0,0.0,0.0,0.0,4.0889099937751286e-10,3.1008006171440776e-08,7.054041043752715e-07,1.118969529958017e-05,0.0001277993785754216,0.0010567036814380136,0.006456119707458529,0.02830830240849289,0.09042163598241809,0.21608511968131122,0.3812814637442272,0.4740109650622007,0.4162836339479564,0.2534357995270797,0.10759116551675427,0.0328806982032744,0.013840124725249137,0.02617885644263371,0.0657594002202492,0.13689954699455484,0.22059622523386885,0.24294147922174578,0.1905047879354413,0.09631549258383168,0.034814944640368536,0.009569989409442795,0.0020892075162576903,0.00037471717044448453,5.6915509575479286e-05,7.622274226605254e-06,9.69329156428455e-07
0.38816887869438443,0.4048151089170081,0.378147900567938,0.325845549184546,0.26002334721528303,0.18750144009042896,0.11525862467717564,0.05874749785222068,0.036479314911069254,0.05834087233584152,0.11922613308443299,0.20088019221959239,0.2877090443814873,0.40613987924802425,0.6223959764701565,0.9423295260711103,1.238823336608441,1.4235986028310317,1.5598298131433164,1.6997476140265457,1.7301551138522047,1.527271053558509,1.199267196074771,0.862709811787644,0.5733273246897725,0.34205842017147065,0.17055377200540683,0.06529953677166443,0.01842255352670166,0.003858630493226048,0.000616368665444621,7.739861269708879e-05,7.00193900079246e-06,4.299501218160817e-07,1.7482249136556326e-08,4.65235066188324e-10,8.07414247130052e-12,0.0,0.0,0.0,0.0,0.0,0.0,0.0,0.0,0.0,0.0,0.0,0.0,0.0,0.0,0.0,0.0,0.0,0.0,0.0,0.0,0.0,0.0,0.0,0.0,0.0,0.0,0.0,0.0,0.0,0.0,0.0,0.0,0.0,0.0,0.0,0.0,0.0,0.0,0.0,0.0,0.0,0.0,0.0,0.0,0.0,0.0,0.0,0.0,0.0,0.0,0.0,0.0,0.0,1.926012345744004e-09,5.89992230790536e-08,1.1338485347048802e-06,1.6018176353934255e-05,0.00018464438037719153,0.0016094416866043772,0.009983345056545313,0.04377877512540902,0.13719336840972646,0.31575024596070617,0.554968638599282,0.7598872485008398,0.8504620058144856,0.736005565453383,0.554532300264582,0.36328309195413255,0.20478648977393588,0.10671294163812532,0.1100260109900698,0.2863560628603673,0.7164402628022337,1.2036757130640512,1.58416338891434,2.077598493570425,2.931941617409495,4.0776687356954335,5.33064491038839,6.548007376614677,7.7856437179630404,9.253256129445662,11.223523488757177,13.688009087414738,16.29325028661497,18.34770773510198,19.062217805647204,17.98735999716685,15.469539670170823,12.307171328666843,9.138818426436425,6.314500070366739,3.9790935918145385,2.217544770827832,1.0432483053344606,0.38482204620432586,0.10215919962607262,0.018835457251819405,0.0024899775044286217,0.00025939378896724897,2.116642567428436e-05,1.2820057021638195e-06,5.727628289553742e-08,1.90825814796295e-09,4.4398688329902403e-11,0.0
0.0,0.0,0.0,0.0,0.0,0.0,0.0,0.0,0.0,0.0,0.0,0.0,0.0,0.0,0.0,0.0,0.0,0.0,0.0,0.0,0.0,0.0,0.0,0.0,0.0,0.0,0.0,0.0,0.0,0.0,0.0,0.0,0.0,0.0,0.0,0.0,0.0,0.0,0.0,0.0,0.0,0.0,0.0,0.0,0.0,0.0,0.0,0.0,0.0,0.0,0.0,0.0,0.0,0.0,0.0,0.0,0.0,0.0,0.0,0.0,0.0,0.0,0.0,0.0,0.0,0.0,0.0,0.0,0.0,0.0,0.0,0.0,0.0,0.0,0.0,0.0,0.0,0.0,0.0,0.0,0.0,0.0,0.0,0.0,1.2783584289192972e-09,4.1577052640650953e-08,8.366436846777324e-07,1.2862181604742334e-05,0.00016111827789662658,0.0014401172499929828,0.009201139774563846,0.04314972141427239,0.1506746869279555,0.3941070960710754,0.8094629097391344,1.4534865549007496,2.5348379721309655,4.3546573484724895,7.019084480195771,10.612631217697658,14.88995679679719,18.867187394576455,21.1222352517668,20.61169904202691,17.253700137248998,12.26894547926298,7.66080299084211,4.352401365621651,2.3068243444733336,1.0952407447769692,0.3892064271448549,0.08504011309634919,0.012910072825796919,0.0015090931189860875,0.00013287806460593495,8.624805297524335e-06,3.977850493521608e-07,1.2319342426169713e-08,2.9518853807000203e-10,5.8138163175613496e-12,0.0,0.0,0.0,0.0,0.0,0.0,0.0,0.0,0.0,0.0,0.0,0.0,0.0,0.0,0.0,0.0,0.0,0.0,0.0,0.0,0.0,0.0,0.0,0.0
0.0,0.0,0.0,0.0,0.0,0.0,0.0,0.0,0.0,0.0,0.0,0.0,0.0,0.0,0.0,0.0,0.0,0.0,0.0,0.0,0.0,0.0,0.0,0.0,0.0,0.0,0.0,0.0,0.0,0.0,0.0,0.0,0.0,0.0,0.0,0.0,0.0,0.0,0.0,0.0,0.0,0.0,0.0,0.0,0.0,0.0,0.0,0.0,0.0,0.0,0.0,0.0,0.0,0.0,0.0,0.0,0.0,0.0,0.0,0.0,0.0,0.0,0.0,0.0,0.0,0.0,0.0,0.0,0.0,0.0,0.0,0.0,0.0,0.0,0.0,0.0,0.0,0.0,0.0,0.0,0.0,0.0,0.0,0.0,0.0,0.0,0.0,1.69215241307746e-11,1.0380688301922936e-08,2.7582389927283254e-07,4.749508786432325e-06,5.612053493907003e-05,0.0004757243671062104,0.0029462343505794897,0.013752026314899336,0.04833652614963298,0.13250413224191682,0.3015095792885874,0.6027708472595049,1.1144237547701215,1.8635695122481262,2.637940160055066,3.1786843440355006,3.210584791191832,2.710481775739536,1.8925284237461104,1.090290267435822,0.5180592041291837,0.21020275848755837,0.0719402068383756,0.017811550005811954,0.0026234234166636733,0.0002637939444165073,2.0568663621319077e-05,1.2046241620303905e-06,5.051052161364031e-08,1.4102911372373743e-09,2.305275763419079e-11,0.0,0.0,0.0,0.0,0.0,0.0,0.0,0.0,0.0,0.0,0.0,0.0,0.0,0.0,0.0,0.0,0.0,0.0,0.0,0.0,0.0,0.0,0.0,0.0,0.0,0.0
0.0,0.0,0.0,0.0,0.0,0.0,0.0,0.0,0.0,0.0,5.93008203606612e-09,1.647288366809642e-07,3.2652852360815728e-06,5.590904128225124e-05,0.0006819620165188562,0.005675478736266777,0.03286953765345708,0.1407636769109031,0.47694937258253034,1.331651827239064,3.0388277724943324,5.750245888216142,9.4741184715823,13.960334335951547,18.006965478923235,20.065608914761768,19.466286750492305,16.379712688926993,12.093046325619403,7.805291977471241,4.471291472862925,2.2564312424689064,0.9579184804975954,0.323660149453177,0.08575472015033674,0.018689423869159876,0.003458484508843711,0.0005416518716658699,6.546198456072815e-05,5.638936149602073e-06,3.2985519900677533e-07,1.2605002927477114e-08,3.041712698384924e-10,6.0693457418282554e-12,0.0,0.0,0.0,0.0,0.0,0.0,0.0,0.0,0.0,0.0,0.0,0.0,0.0,0.0,0.0,0.0,0.0,0.0,0.0,0.0,0.0,0.0,0.0,0.0,0.0,0.0,0.0,0.0,0.0,0.0,0.0,0.0,0.0,0.0,0.0,0.0,0.0,0.0,0.0,0.0,0.0,0.0,0.0,0.0,0.0,0.0,0.0,0.0,0.0,0.0,0.0,0.0,0.0,0.0,0.0,0.0,0.0,0.0,0.0,0.0,0.0,0.0,0.0,0.0,0.0,0.0,0.0,0.0,0.0,0.0,0.0,0.0,0.0,0.0,0.0,0.0,0.0,0.0,0.0,0.0,0.0,0.0,0.0,0.0,0.0,0.0,0.0,0.0,0.0,0.0,0.0,0.0,0.0,0.0,0.0,0.0,0.0,0.0,0.0,0.0
0.0022722311413663236,0.012485958448027353,0.0490810711148808,0.1459824333284487,0.308949477933902,0.44292911217880676,0.44164958302131857,0.3017507805495393,0.15360529049978175,0.06217464231028516,0.019282951748567884,0.003853071915572455,0.0004178587391001697,2.691985029800533e-05,1.493531900338442e-06,6.327186546365195e-08,1.833020725914531e-09,3.2043222511391417e-11,1.8837993191101444e-14,0.0,0.0,0.0,0.0,0.0,0.0,0.0,0.0,0.0,0.0,0.0,0.0,0.0,0.0,6.858509929225944e-11,2.1598013035748734e-08,4.6286214737185547e-07,7.034322589172171e-06,8.197438734906456e-05,0.0007549015892406576,0.005430987510796039,0.026726425288275624,0.08788713040870795,0.19416298592257514,0.29627468448762034,0.3265357656109221,0.2709780920271407,0.15032249721292806,0.04992177300510408,0.010385678978893732,0.001543873830501477,0.00017221459840528652,1.3720761959546925e-05,8.295261854083642e-07,3.846139932018365e-08,1.1923758119830842e-09,2.3080148130203364e-11,8.217919090239579e-14,0.0,0.0,0.0,0.0,0.0,8.209900379884021e-09,2.683341413510783e-07,5.4198895723538745e-06,6.934105875776047e-05,0.0006016394191885737,0.004014656951481312,0.022351456983219872,0.10248131382882672,0.36320740473173124,0.8386982687165762,1.2659663274810116,1.725085123978617,2.4473399221190664,3.384691665648187,4.083754049731993,4.121224672337748,3.4659947574600287,2.5193272376032216,1.6436112805614453,1.054202903456003,0.811590368083649,0.8739225871973664,1.0339377519829274,1.1182083596769838,1.201170071238312,1.35522279272601,1.4449243610195774,1.3577715019600076,1.1399460743170582,1.0342459066830603,1.2110886339196543,1.7578517160910445,2.6294465819835913,3.5151843018929725,3.8735694496706605,3.505306560170031,2.7221962337607946,1.937430138856737,1.3241211957413712,0.8774046989454753,0.5781632785393187,0.3995995876228318,0.31781566339132855,0.2724390596982085,0.22409000384839878,0.1431351035529387,0.05715905569165848,0.06719274796482101,0.1905558200205203,0.468811746016975,0.9030826212935454,1.3078131101491068,1.4948936331908118,1.4690892218215685,1.406063781376854,1.486006865913547,1.8745974568784616,2.8497527678922157,4.703560478044602,6.89535891286696,8.654459418413698,9.813707714294381,10.12938071581387,9.306839119304701,7.578188736295157,5.961721166114133,5.399272661876363,6.011139855640819,7.592399968186385,10.241394154860954,14.15460864390872,18.374537732750557,21.06196913830666,21.15121379133261,18.43819951440745,14.180518767898906,10.54042829982883,8.033475524197154,6.287444443198148,5.035172955762165,4.196058767070678,3.700049833761812
0.0,0.0,0.0,0.0,0.0,0.0,0.0,0.0,0.0,0.0,0.0,0.0,1.7010068709053107e-09,4.554577363582332e-08,9.438298484351609e-07,1.650752934871384e-05,0.00018745519708384856,0.0014103957591901804,0.007738031566902866,0.03441665494901765,0.1239699408335518,0.3164328128426645,0.5706594215139245,0.7959611196870208,0.8155399405097417,0.6804726212074018,0.43796879094698926,0.2369768936122891,0.12819733206046643,0.06931328883416796,0.03325910384392658,0.01693351331306284,0.032861465409337376,0.150342885246806,0.4809915359155893,0.9532343366622793,1.4528765938240171,1.9394459405434834,2.3212579205545234,2.450635630841626,2.2541550376705857,1.7466841585963608,1.185794179193927,0.7929430019149014,0.5442950553846948,0.3722630654540622,0.20047945217332652,0.10631641710696499,0.12658182112157174,0.19226712680383715,0.23028962638825204,0.2084083361909251,0.1327720118257796,0.057874456677712634,0.017425188962992784,0.0037362512648421277,0.0013516697107385477,0.004964539318301089,0.023230494147512343,0.08926009373344919,0.27039942818628343,0.6240311268228467,1.158977066266804,2.005798131280847,3.384138256182377,5.265561386028899,7.042774303940432,8.090482698504177,8.453179185420995,8.388106560712044,8.17402349395731,7.807812274431257,7.190326560477801,6.2873144711466615,5.230221780168931,4.059047642568522,3.0088729826581613,2.321867053768471,1.9645025452636915,1.6275204713208982,1.274686950470019,1.155639708239535,1.5687764178772206,2.6457119186080074,4.13942113380691,5.648147197634407,7.287728932128117,9.286556298983918,11.682002792573023,14.584668722769532,18.44797922911673,23.143428708005608,27.995563860323408,32.50738791310178,36.31348077167034,38.000269103530634,36.92931202636457,33.60040750003147,29.407391043876917,24.932929679697484,20.319983393685202,15.548119677291517,10.945505576025168,7.185758293036274,4.5722551580857935,2.913733928208644,1.8077458886896554,0.9154897821424198,0.24336667935941017,0.03046328459579142,0.003039564817213025,0.0002500866479031047,1.58459712061939e-05,8.234029304166542e-06,9.509728077463905e-05,0.0008386826439112654,0.00526508134862398,0.02441808013172176,0.09250064440198809,0.2907472166793942,0.6486768624540014,0.8768520663129405,0.8123367565313895,0.6114198204608221,0.4140315649992545,0.3117369973542165,0.2824930294528209,0.24135170736369474,0.15381916465224169,0.06790922792629099,0.021450538381730024,0.004986005059412358,0.0008394138419565823,9.95860454139913e-05,8.972222428449474e-06,5.532571019994023e-07,2.1375845978949272e-08,4.724520331434954e-10,6.241089924064141e-12,0.0,0.0,0.0,0.0,0.0
0.09876153913902626,0.09337523128178936,0.07213057057326039,0.04459331247182544,0.019862123821235533,0.005789267481579893,0.001090899431172742,0.00013875893933256188,1.2602739869404904e-05,9.616902006866213e-07,5.476451074667441e-08,1.8482568757763802e-09,3.1660419861766145e-11,5.555704653153762e-14,3.903401518123917e-09,1.1233373477637984e-07,2.174379087391524e-06,2.8848681314689818e-05,0.00027997236588616676,0.0021703392042842756,0.012787999501742685,0.047452575592232066,0.10763090009867565,0.16572630056403898,0.186569862848327,0.15399906174353717,0.08735109576012533,0.03445027915564256,0.009504151699888453,0.0018215840795830463,0.00024205181047284296,2.3186338043591367e-05,1.6450924181124997e-06,9.098614604084456e-08,3.1249920269927792e-09,6.196185098291815e-11,5.567681028213493e-13,0.0,0.0,0.0,0.0,0.0,0.0,0.0,0.0,0.0,0.0,0.0,0.0,0.0,0.0,0.0,0.0,0.0,0.0,0.0,0.0,0.0,0.0,0.0,1.6941223804452595e-09,5.874785530428375e-08,1.4204154258070781e-06,2.7054318392791582e-05,0.0003246245008871558,0.002543795364768928,0.013721950134245984,0.05538014378529827,0.18444743340687822,0.5472022620575162,1.4554642669879807,3.1597155885128236,5.460020423110302,8.131454557474257,11.159307704803139,14.31076725476698,16.799509290692306,17.835809225348292,17.076862340832477,14.767331135074857,11.458862354066168,7.835637421951007,4.502428126646183,1.9795469530673577,0.5964626191060203,0.12057182511012389,0.018131746756620094,0.001995570060676927,0.00015623245542789932,8.244874488845021e-06,2.92604646212951e-07,9.738360194799876e-09,2.3367357668393255e-10,3.0568548461563835e-12,0.0,0.0,0.0,0.0,0.0,0.0,0.0,0.0,0.0,0.0,0.0,0.0,0.0,0.0,0.0,0.0,0.0,0.0,0.0,2.1369994667826114e-09,6.168642816879672e-08,1.3651244645872944e-06,2.3998777522377994e-05,0.0002849684707686408,0.0023893218286785067,0.014523775766041245,0.0641843479214184,0.19247810287359063,0.39736149473806315,0.5994695566306236,0.6823282261203233,0.6022043259980658,0.414186718852584,0.22163949794481355,0.08418992793759165,0.024468911467630652,0.005709279905843524,0.0010560535427694012,0.000141385746993112,1.2346167793189792e-05,8.06120067408292e-07,3.690610381195268e-08,1.0993855090446642e-09,1.890697829352861e-11,1.092709930222825e-14,0.0,0.0,0.0,0.0,0.0
0.38849949657607435,0.3638972062876198,0.30323101541387554,0.21024852472793992,0.10912747186734609,0.03900898870377534,0.009433617092039647,0.0015848238867846867,0.00019337657688532633,1.9308655844291976e-05,1.4283546191886374e-06,6.412269843783776e-08,1.5096019929312731e-09,1.8534397160881474e-11,0.0,0.0,0.0,0.0,0.0,0.0,0.0,0.0,0.0,0.0,0.0,0.0,0.0,0.0,0.0,0.0,0.0,0.0,0.0,0.0,0.0,0.0,0.0,0.0,0.0,0.0,0.0,0.0,0.0,0.0,0.0,0.0,0.0,0.0,0.0,0.0,0.0,0.0,0.0,0.0,0.0,0.0,0.0,0.0,0.0,0.0,0.0,0.0,4.8090279819185706e-09,1.7375597413322952e-07,3.706729186500055e-06,4.864430383195882e-05,0.0004196150792878,0.0026362014156256146,0.012876976184701041,0.04884292017781701,0.13790146471775944,0.2569325593707207,0.2990107908387123,0.241579731990382,0.17784337984089793,0.1887383356025012,0.24634443146071525,0.2627791582171136,0.19682305686795637,0.09939357910251474,0.03603575635200228,0.01000706519301454,0.0020875457678383824,0.00029608429177144664,2.5570606967907495e-05,1.3622431782745869e-06,6.254244631770629e-08,2.141205535445855e-09,4.7828733053027295e-11,4.033993155461437e-13,0.0,0.0,0.0,0.0,0.0,0.0,0.0,0.0,0.0,0.0,0.0,0.0,0.0,0.0,0.0,0.0,0.0,0.0,0.0,0.0,0.0,0.0,0.0,0.0,7.112408809732745e-09,2.2898627975224714e-07,5.543721601348909e-06,8.59104610949114e-05,0.0008920533030765616,0.0064222938902325786,0.03373812552008704,0.12843400233889407,0.3595505985132567,0.7532900536705025,1.1736034980491572,1.3766331963824894,1.297718292399153,1.1367761437201476,1.0011507708610126,0.8374996206544181,0.6533704227304908,0.5650259150034058,0.6354005987123086,0.7832344989175506,0.9256460051898849,1.1817325527156821,1.850109951724123,2.9411209886943728,3.8780094117728683,4.324911170668854,4.385842905416123,4.2450506891882345,4.07515409310681,3.9738629089418747
0.0,0.0,0.0,0.0,0.0,0.0,6.437310421216699e-10,2.679607455244496e-08,6.474925323993491e-07,1.2121046369893832e-05,0.00019312469432105644,0.0018220717406394614,0.010017761059962112,0.03714710299134989,0.10134495421230838,0.19979345421451986,0.27788542026270147,0.29944991459402337,0.2984433328099337,0.3093239361083605,0.350204620132518,0.43254952694877696,0.5381457679720614,0.5936164889450566,0.5355509187239564,0.3686582937486371,0.17762832062242,0.05945765513853191,0.013962930193662015,0.002408891417855068,0.0013974616966844398,0.007053847355811529,0.03411875848507213,0.1167528213610802,0.2355414989019583,0.30503129218571784,0.33520618186920853,0.3674391590167573,0.4089394277574353,0.42216196581582544,0.3623343583331237,0.23497472473209913,0.11214088920118129,0.03940079331462259,0.01020810610992563,0.0019198361370548259,0.000235352347706531,1.6926846041120635e-05,8.424982871684539e-07,2.898080968575113e-08,6.996026976138029e-10,1.0690662655074193e-11,0.0,0.0,0.0,0.0,0.0,0.0,0.0,0.0,0.0,0.0,0.0,0.0,0.0,0.0,0.0,0.0,0.0,0.0,0.0,0.0,0.0,0.0,0.0,0.0,0.0,0.0,0.0,0.0,0.0,0.0,0.0,0.0,0.0,1.0051899860351446e-08,2.8909525727269047e-07,6.556347248121842e-06,9.549618525059253e-05,0.0009230240984953575,0.006271263150803284,0.0327461505760572,0.1377054335441002,0.44652483811169863,1.0310791002981672,1.6047725002181215,1.8234339057915312,1.774175878215377,1.8546142785355522,2.4631777997768345,3.687182668557521,5.415071352347318,7.476455978777699,9.762298978913453,12.066939074915876,14.0261764163602,15.1576806636167,14.518851245682388,11.408745826952385,8.683485142722294,7.177520482743426,6.03770050876102,4.82252582217423,3.44174685994771,2.082296428999453,0.9982276316307804,0.36219708751282875,0.09888086013053801,0.020563334252928785,0.003267944673619674,0.0003706356666606084,2.606020988075552e-05,1.1293494949065807e-06,3.045804128989861e-08,6.892616838004271e-10,1.4162700323673128e-11,0.0,0.0,0.0,0.0,0.0,0.0,0.0,0.0,0.0,0.0,0.0,0.0,0.0,0.0,0.0,0.0,0.0,0.0
0.3037575937015438,0.32480362585648914,0.38018495257682444,0.5332813838011276,0.7836138340191192,0.9932357371142656,1.0453366509681794,0.9142945178713263,0.7042547078076479,0.48826644122627155,0.28489629226244856,0.11335255101482915,0.026760881648471218,0.0042981385348901955,0.0005585814657638517,5.285939614601863e-05,3.4446216580702517e-06,2.6181096245708648e-06,2.7317821831059304e-05,0.00027159195791310627,0.002500426206825649,0.016757530790176847,0.06710795704184656,0.16679868262389322,0.30605871955553665,0.43809489236958565,0.4891553221424418,0.49171435202812874,0.5787019509721424,0.8193074830134657,1.135825452988411,1.400433094849677,1.4214516920089921,1.0522453654481563,0.5013291556861703,0.3618102738276855,0.4376390089310265,0.4723533319858117,0.3909428358396453,0.23057309987832594,0.09711798724766504,0.02910893043648127,0.006186181300231406,0.0010806349163455205,0.0011457080221933939,0.006182385905351594,0.027022349328789316,0.08533089516830358,0.19329437019782741,0.3571974958828825,0.6690694019901181,1.4204831427577007,3.077880931773627,6.219097259640289,11.38724775871856,18.52474533133857,25.60406992688582,29.49707859949357,29.694744755217453,27.364723421062095,24.736842340783433,23.047096870064642,21.982725413106284,20.95383243815394,19.92368635215691,19.10593713976682,18.294669400174147,16.909388235515756,14.567157113645049,11.284865039126803,7.1640132653639625,3.1826899936919437,0.9260594059587798,0.1906090398339882,0.029445169242791332,0.003388570318580004,0.0003087445286155802,2.181814427059001e-05,1.06111174858526e-06,3.342973546219692e-08,6.424336568514348e-10,5.613620460379125e-11,1.766566386230312e-08,5.261916878373275e-07,8.70185809142677e-06,9.93501721504432e-05,0.0008844775809494468,0.006338909315735554,0.032023294257561605,0.11099049147288283,0.27363074273849164,0.5160558686922128,0.8292752981981935,1.335142289412236,2.1824917426257424,3.38804194182358,4.937680751277268,6.850372179421378,8.93672620034575,10.69280547616514,11.76130927342813,12.38118515426789,12.972963830327208,13.101759145480852,12.317092336255389,10.899295484462876,9.103975764177973,6.576482793550182,3.60521590109854,2.0786972663271674,1.572033111777427,1.1789175107997694,0.7147020702331086,0.32240025644808995,0.11312947585775797,0.06588528443257144,0.12517191631257232,0.2677847884376024,0.5148576311984067,0.9104643912944544,1.375849415724585,1.6133095526266175,1.5846314504932328,1.549118470257698,1.74571406113523,2.0085254442868052,1.9377406577814615,1.463484239347019,0.9028765813345387,0.5351148819372759,0.3630108067099495,0.27201766494953034,0.1867839305384488,0.09134064766175178,0.030683051317296543,0.007273037190276804,0.0012215407765770205,0.0001384191155455623,1.0940461454661023e-05,7.559711784286751e-07,4.1827795121606455e-08,1.8512629626439857e-09,6.600514973622165e-11,0.0
9.453112081226299e-09,3.1416296994237177e-07,6.1415770973555014e-06,8.505672225035096e-05,0.0008508489633391746,0.006389498812782228,0.031428313241466714,0.10357470440564119,0.2484192500963344,0.4646638864480298,0.7006041714225606,0.8436309831295773,0.8137687785317367,0.6197124174066643,0.3671812878790569,0.16284213843072226,0.05278271829009263,0.011811206089866601,0.0018305931202963123,0.00020330132828893426,1.6600925938318315e-05,9.59200391041935e-07,3.865953080138028e-08,1.4481144020762401e-09,3.791961872466254e-11,5.083279697189178e-13,0.0,3.1667980431855828e-09,1.0952351204166555e-07,2.573372158009151e-06,3.810467964922557e-05,0.00037362487883187704,0.002615816044191215,0.013866208540355474,0.05274864780008758,0.1440607777659954,0.289033687621594,0.4555532771448436,0.6304301365582785,0.7862977883541379,0.8709606810726956,0.8117179777182482,0.6673827974079518,0.5681682688797661,0.6580394039936347,0.9642886530348523,1.3319123725221698,1.585389950346033,1.6965716091169563,1.7177529714989788,1.7027009736801142,1.802630157122869,2.2199368375190045,3.2359064262679373,4.907205356318743,7.278065640422174,10.47289893350604,14.410411985898893,18.425355259243517,21.709128856689876,23.529812721994034,23.035448189362377,19.778878302844724,14.601537701487002,9.120812000223758,4.6884152683446,1.960114453900303,0.7116850284702622,0.2699416264031839,0.14115296290384718,0.09364745048232083,0.05376758779805866,0.02184005342321014,0.005974477304221947,0.00116806483913635,0.0001628390209898285,1.5782743491445417e-05,9.97454235695302e-07,4.4313437195287765e-08,1.699438353775971e-09,1.0659954285687819e-09,6.266442188805861e-08,1.5752803784653334e-06,1.73663075250967e-05,0.00013235652120585758,0.0008221245439421154,0.004143153196718679,0.016319040018224474,0.04848737738505697,0.10408994164221097,0.15124068343176014,0.15023709739091512,0.11394262088319587,0.08921694289227783,0.0857783888997675,0.08340000276744527,0.08313386074225888,0.12703378794895634,0.28884499522819057,0.5703583470405601,0.8802617159489452,1.202383531658527,1.6186890979566275,2.2490527412218246,3.1032387396957746,4.094064468718531,5.074371167028205,6.184645380291189,7.883968341995387,9.962410890337942,11.616856373441946,12.572530585474047,12.273984078884121,10.371907226568613,7.2547820343075875,4.073347590557835,1.931641152242383,0.9918276083611939,0.8003373333098966,0.9519701609728536,1.4387640045891896,2.539195122212304,3.298839814908589,3.3138106530942038,3.0510226032363166,2.6639765187989606,2.0621899164620303,1.3164431029352488,0.7000850545400457,0.3376351837436609,0.16925262129687255,0.14505189405414962,0.26430620842498254,0.45845265922223577,0.5514061388930506,0.5386375239019915,0.5099765702950038,0.49116797695505887,0.4500430865723708,0.3652931786193325,0.2613356251772544,0.17214504085776489,0.10900077489528542,0.06717848459196078
0.0,0.0,0.0,0.0,0.0,0.0,0.0,0.0,0.0,0.0,0.0,0.0,0.0,0.0,0.0,0.0,0.0,0.0,0.0,0.0,0.0,0.0,0.0,0.0,0.0,6.961761715209668e-10,2.7170138106763337e-08,6.405264133095566e-07,1.2427960842947808e-05,0.000152933105418703,0.0011885938218566664,0.006545829400538055,0.02879397422091553,0.11255790673682059,0.3871415764666152,1.113873401997154,2.5796136438973525,4.876243343019294,7.711634409510918,10.219943476431434,11.21712265396615,10.238455315872109,7.8607970587211256,5.25990278341983,3.0078811173870115,1.239370700272123,0.31850250465602153,0.056390204524214775,0.0077428343096237725,0.0008256357864912506,6.960258860731214e-05,5.004543300849899e-06,2.5318740839785574e-07,8.169537723063355e-09,1.4710705326196928e-10,2.0342159305332715e-12,0.0,0.0,0.0,0.0,0.0,0.0,0.0,0.0,0.0,0.0,0.0,0.0,0.0,0.0,0.0,0.0,0.0,0.0,0.0,0.0,0.0,0.0,0.0,0.0,0.0,0.0,0.0,0.0,0.0,0.0,0.0,0.0,0.0,0.0,0.0,0.0,0.0,0.0,0.0,0.0,0.0,0.0,0.0,0.0,0.0,0.0,0.0,0.0,0.0,0.0,0.0,0.0,0.0,0.0,0.0,0.0,0.0,0.0,0.0,0.0,0.0,0.0,0.0,0.0,0.0,0.0,0.0,0.0,0.0,0.0,0.0,0.0,0.0,0.0,0.0,0.0,0.0,0.0,0.0,0.0,0.0,0.0,0.0,0.0,0.0,0.0,0.0,0.0
0.7788321979127941,0.864690105653766,0.8888736615080687,0.9080713842102155,0.9710995170198461,1.0848193037917797,1.2306054411651015,1.43075631245431,1.6708438882113117,1.906908694946229,2.2071800118281573,2.7114544489219488,3.47112325350157,4.212467127572603,4.585762272645568,4.443253723109589,4.000102402842819,3.665742438154484,3.900580722536284,4.812607701757684,6.417043725373439,8.696322399356587,11.22448912987399,12.91364614605959,12.868551168512267,11.004377529932013,8.244268244527552,5.655169172645446,3.8683027912602093,2.827874206753385,2.1017211949069114,1.4481365469471397,0.8424815602124395,0.3887907107720308,0.13653303953282214,0.034348518837873376,0.007252811171919696,0.007349914315156433,0.023280508065925458,0.06033674454798159,0.11501288518778503,0.1519569853983619,0.13845788667226822,0.08283856374796787,0.033338261326144085,0.008478389254699781,0.0014155109765325068,0.0001648866265044619,1.3724189181343198e-05,7.864100382163188e-07,3.2490139466284136e-08,1.2395115906911663e-09,3.2069657293752116e-11,4.148752939506083e-13,0.0,0.0,0.0,0.0,0.0,0.0,0.0,0.0,0.0,0.0,0.0,0.0,0.0,0.0,0.0,0.0,0.0,0.0,0.0,0.0,0.0,0.0,0.0,0.0,0.0,0.0,0.0,0.0,0.0,0.0,0.0,0.0,0.0,0.0,0.0,0.0,0.0,0.0,0.0,0.0,0.0,0.0,0.0,0.0,0.0,0.0,0.0,0.0,0.0,0.0,0.0,0.0,0.0,0.0,0.0,0.0,0.0,3.300516253224919e-11,7.539198652747438e-09,2.0732426030809503e-07,3.7286607930810487e-06,4.6063072094696243e-05,0.0004211349644265626,0.002746020571300187,0.01265231748724027,0.04413171018620792,0.11765131731978283,0.2260615782826576,0.31584309707505215,0.37861616719391245,0.4154297034264345,0.38726893249752675,0.2728077403845039,0.13518561031761614,0.04568927291591909,0.010881205067909554,0.001970179252549398,0.0002674220513331122,2.564735441046681e-05,1.5428039338061804e-06,6.713849122013449e-08,2.2401824309839668e-09,4.868198003955314e-11,4.550277072463465e-13,0.0,0.0,0.0,0.0,0.0,0.0
0.0,0.0,0.0,0.0,1.039116966756317e-09,2.9052510385779844e-08,5.710563814992176e-07,9.252755981224365e-06,0.00010491056709635627,0.0007932023419609469,0.004162044140100553,0.016152818548756605,0.0470087505866312,0.09919365622085578,0.14675100013253248,0.15543029585225643,0.12254979275261664,0.07006340980206463,0.02909945483217956,0.008673736662684913,0.001869427558130349,0.0003121658950930861,0.00021072187796700363,0.0014285197215065366,0.007870326633793142,0.0294799921672506,0.07688441915540915,0.1439768132631067,0.18908697425903223,0.1799964633468477,0.11927149138945851,0.0593325273775567,0.023642165874449353,0.00736687234569944,0.0016418384297367356,0.0005262267630746265,0.002354156557358733,0.0131901916635617,0.05225751792819017,0.14890745277979517,0.3173069937715945,0.5185705000787931,0.6805026836681204,0.7685293558016864,0.838843553196885,0.9360266439014705,1.0551748543346005,1.182166028965922,1.370100135769713,1.6249709757710955,1.8142213503504223,1.8976912841933453,2.307896145841152,3.6756339939128213,6.424333964615769,10.09406623291186,13.860052700958876,17.418875948163446,20.901418511480777,24.022713701552885,26.124145289348846,26.815716569981806,25.53247071817526,22.266142909336153,17.681927645167846,12.909796842383868,8.444377208469056,4.640130451273909,2.0347663727829928,0.7163361004470205,0.2109582548752573,0.05386708543038662,0.011676890836047567,0.0019007855993784246,0.00020152372324133485,1.3186449933139993e-05,5.51269539738934e-07,1.5923372090158775e-08,4.3830244107230767e-10,9.029674493968431e-12,0.0,0.0,0.0,0.0,0.0,0.0,0.0,0.0,0.0,0.0,0.0,0.0,0.0,0.0,0.0,0.0,0.0,0.0,6.876506280897566e-11,9.474097555748369e-09,1.9351846159365226e-07,2.9610381574583057e-06,3.4649800447216986e-05,0.000309341715427279,0.0021058628439873587,0.010997198959478408,0.0399736934596069,0.09630784948131373,0.16321630066044862,0.21989593230430138,0.27497192543705967,0.3785941947249593,0.562598742643409,0.6921384836333159,0.6657617884570758,0.48001647058131597,0.2620954850630303,0.10744191799640596,0.03254027175703313,0.007193222095414432,0.0011724775993983162,0.0001439850647990933,1.3310154131833844e-05,9.119825012023933e-07,5.064019284863198e-08,2.071504902519425e-09,6.096382838065437e-11,1.0462491815117456e-12,0.0,0.0,0.0,0.0,0.0,0.0,0.0,0.0,0.0,0.0,0.0,0.0,0.0,0.0,0.0,0.0
0.0,0.0,0.0,0.0,0.0,0.0,0.0,0.0,0.0,0.0,0.0,0.0,0.0,0.0,0.0,0.0,0.0,0.0,0.0,0.0,0.0,0.0,0.0,0.0,0.0,0.0,0.0,3.434642501773395e-10,1.7450190828698673e-08,3.4171416415841255e-07,4.833559658931386e-06,5.40762173763863e-05,0.0004984481731887536,0.003831278474325553,0.02053728744216218,0.06999406337521914,0.1575030482629802,0.24665643196585185,0.26725436931400265,0.2112771563836252,0.12094528618831045,0.051665640958105476,0.016627092626272728,0.00392315958937975,0.0016787901092311438,0.00590596640553757,0.025913889950924984,0.07627236867338848,0.14779812616179624,0.2021020396945573,0.20827648500169574,0.18383723484512182,0.13471764478340612,0.07885256668964054,0.0339485427678638,0.010036163434136514,0.001991472724636118,0.00025954999114146635,2.2396036990270365e-05,1.3773795236633237e-06,6.208324202616434e-08,2.145022499970403e-09,5.472920358846566e-11,5.482943577053575e-13,0.0,0.0,0.0,0.0,0.0,0.0,0.0,0.0,0.0,0.0,0.0,0.0,0.0,0.0,0.0,0.0,0.0,0.0,0.0,0.0,0.0,0.0,0.0,0.0,0.0,0.0,0.0,0.0,0.0,0.0,0.0,0.0,0.0,0.0,0.0,0.0,0.0,0.0,0.0,0.0,3.5584931725708575e-09,1.0259465127294032e-07,2.0086427646807827e-06,2.4649540099040013e-05,0.0002071937534200158,0.0013269181470572926,0.006821822133771498,0.027864646365974577,0.08402787544819289,0.17208023536740044,0.21853506517110108,0.18807450678863893,0.10444168298299633,0.04224894588315304,0.013673585251767616,0.006168630763919908,0.015750466432696227,0.06357121868529737,0.191364457234661,0.3609772549932891,0.4565441636285655,0.4798416448008667,0.5042797629595052,0.5933710903683628,0.7235206328216868,0.8612785217508706,1.0345247885461901,1.4474998473362302,2.250951285140276,3.458221667880764,5.013660766345075,6.912663180195891,9.098846720015333,11.350525806824757,13.76437593767663,16.298473529253332,18.584672438622402,20.195955938578145,20.93422418610812,21.075729720177993
0.0,0.0,0.0,0.0,0.0,0.0,0.0,0.0,0.0,0.0,0.0,0.0,0.0,0.0,0.0,0.0,0.0,0.0,0.0,0.0,0.0,0.0,0.0,0.0,1.5472262295308937e-09,4.340075102949632e-08,9.209071322554474e-07,1.477781082642834e-05,0.00016787205000884828,0.0013661804738831415,0.007719556561213548,0.029249532185188987,0.07574347277965991,0.14429066570842017,0.2233798109913175,0.33539878941811624,0.6262595427253982,1.3254245409624288,2.654765240432875,4.655563009371537,7.070503419795078,9.193306781406841,9.978546563002253,9.002185606232596,6.452092280020274,3.7237523826580983,1.7885778889981543,0.7460713561663743,0.2739762273209391,0.0867165524486237,0.02249729966086911,0.004509507412822325,0.0006847430828866157,7.528822745321222e-05,5.951769136492398e-06,3.354042167181387e-07,1.2879325300467442e-08,3.1104598766715427e-10,5.406492091851834e-12,0.0,0.0,0.0,0.0,0.0,0.0,0.0,0.0,0.0,0.0,0.0,0.0,0.0,0.0,0.0,0.0,0.0,0.0,0.0,0.0,0.0,0.0,0.0,0.0,0.0,0.0,0.0,0.0,0.0,0.0,0.0,0.0,0.0,0.0,0.0,0.0,0.0,0.0,0.0,0.0,0.0,0.0,0.0,0.0,0.0,0.0,0.0,0.0,0.0,0.0,0.0,0.0,0.0,0.0,0.0,0.0,0.0,0.0,0.0,0.0,0.0,0.0,0.0,0.0,0.0,0.0,0.0,0.0,0.0,0.0,0.0,0.0,0.0,0.0,0.0,0.0,0.0,0.0,0.0,0.0,0.0,0.0,0.0,0.0,0.0
0.0,0.0,0.0,0.0,0.0,0.0,0.0,0.0,3.548533469830743e-10,1.9091600704379938e-08,5.507732980413747e-07,9.577153192489464e-06,9.828580667237432e-05,0.000740232099642356,0.004601493137513392,0.022319874952687183,0.0774251163248392,0.18807016576468924,0.35275377059237956,0.5749796211711712,0.8720926629218764,1.294355125134832,2.0009654621965214,3.2133049142636385,4.981324097955173,6.9865902156663395,8.577572599054239,8.976668291524886,7.9059433953397145,5.633169213157193,3.2897052333092387,1.614881846884025,0.6821041477722721,0.24523355687331824,0.07143212604467837,0.015964862683695357,0.002610590217837674,0.00029611791891927974,2.3286127448409882e-05,1.465764617493094e-06,7.054011262548644e-08,2.5966970972781645e-09,6.923959795864065e-11,8.312092852626981e-13,0.0,0.0,0.0,0.0,0.0,0.0,0.0,0.0,0.0,0.0,0.0,0.0,0.0,0.0,0.0,0.0,0.0,0.0,0.0,0.0,0.0,0.0,0.0,0.0,0.0,0.0,0.0,0.0,0.0,0.0,0.0,1.2889677974567115e-09,3.5428127328286606e-08,6.429776285955016e-07,8.89242307496628e-06,0.00010011868414875709,0.0008135385452233178,0.00469139372969072,0.019893476123482804,0.06475223838925252,0.16275897846245427,0.2974195349562115,0.3668899198095265,0.3588365098426811,0.32055062161739395,0.28448387582671514,0.221018441958175,0.1308741388971703,0.05410219063385535,0.015437118272259109,0.0032300811110605146,0.0005370558614979436,7.500452457334277e-05,8.923859679866203e-06,8.41103370223234e-07,5.05180055070666e-08,1.842957480847256e-09,4.323678416072101e-11,4.59673086158082e-13,0.0,0.0,0.0,0.0,0.0,0.0,0.0,0.0,0.0,0.0,0.0,0.0,0.0,0.0,0.0,0.0,0.0,0.0,0.0,0.0,0.0,0.0,0.0,0.0,0.0,0.0,0.0,0.0,0.0,0.0,0.0,0.0,0.0,0.0,0.0,0.0,0.0,0.0,0.0,0.0,0.0
0.057200555153006344,0.08888476274200884,0.12790512546324198,0.16991624135840036,0.23314839307096705,0.31656139771812614,0.38302672754337513,0.3985653634463433,0.3732233810779055,0.3101827607938234,0.26269820012500206,0.30218262601920554,0.4760101034774327,0.7982725418145459,1.3060157844899383,1.9698669656478973,2.6523355486287508,3.1780452337788443,3.3504082752646944,3.089794760946511,2.5176922784338913,1.8691836807373907,1.2920478088144451,0.7895641694403904,0.40183962761586706,0.16060662144886836,0.057443737537826806,0.05256674706348821,0.12384303133443304,0.24447683757323177,0.3274092384130218,0.34432552370484343,0.3148925147752477,0.2890209669817425,0.27589902666768185,0.2520808940399655,0.1794354679187892,0.10044169030672913,0.06762585658139603,0.09501316080331607,0.15826547793549128,0.21104555622285348,0.21419076171122212,0.164389059048549,0.08912017284345379,0.03343651873786819,0.008525386002068747,0.0014491197041943385,0.0001628281631727542,1.2432149790901414e-05,6.901629545028245e-07,3.151928694924961e-08,7.127641244637027e-09,1.6873558566304237e-07,3.381693820322769e-06,4.5814261853299195e-05,0.00042394526236950195,0.0025967356137815835,0.010417275506544817,0.029616517055745598,0.06516533751607469,0.11596772809029628,0.16717510994552828,0.17856687511214087,0.14457174739269926,0.07922993386616357,0.028575027819179488,0.006737819471559056,0.001079820735955932,0.00012643960878713878,1.1553980649812732e-05,8.897352639594933e-07,5.723766705267902e-08,2.5525494696674128e-09,7.267027613134434e-11,1.0974089288761702e-12,2.405431249800832e-09,5.7866452852458453e-08,1.0980676643303671e-06,1.781483791901564e-05,0.00019708172582050403,0.0014541045457425138,0.007623705830976477,0.03007744793533341,0.0893977097900615,0.18806950822282484,0.26122640306576855,0.2609741080512426,0.1919476888887642,0.1067197834323848,0.04278310045542247,0.011763649919719172,0.0021754393682349,0.000273968305406178,2.4192748640254516e-05,1.538873862202385e-06,7.24655964619285e-08,2.797555651792785e-09,1.0535427711082014e-10,2.8915461833438657e-12,0.0,0.0,0.0,0.0,0.0,0.0,0.0,0.0,0.0,0.0,0.0,9.947855066862669e-09,2.8298065223154555e-07,4.941587392694119e-06,5.762304147394263e-05,0.00048313266487214746,0.0029950477753465684,0.013768856214714673,0.04745970027358357,0.1235967784105746,0.2664232364058991,0.5708209094241241,1.3210605475851802,2.7595671993579125,4.568630575627698,6.338558301446838,7.725882668584229,8.36601937232407,7.796835056882372,6.382863884632524,4.519521977490002,2.7772210487213407,1.5313665634647349,0.8054493195783746,0.40296917049557796,0.1691492259605971,0.05229944622384369,0.011918339119923552,0.0020344956109948392,0.0002598334275311253,2.4783503395841084e-05,1.793290842932533e-06,1.0339638147850044e-07,5.5783311830768095e-09
0.0,0.0,0.0,0.0,0.0,0.0,0.0,0.0,0.0,0.0,0.0,0.0,0.0,0.0,0.0,0.0,0.0,0.0,0.0,0.0,0.0,0.0,0.0,0.0,0.0,0.0,0.0,0.0,0.0,0.0,0.0,0.0,0.0,0.0,0.0,0.0,0.0,0.0,0.0,0.0,0.0,0.0,0.0,0.0,0.0,0.0,0.0,0.0,1.7865599884220672e-08,3.580601218679696e-07,4.8728555927684505e-06,6.0332081492168886e-05,0.0006510548260101155,0.005509628932259514,0.033891349186011506,0.14867695163895245,0.480556567193241,1.1878251301378957,2.3205303533717854,3.784015804635597,5.540470188704892,7.684746313676057,10.2571472397847,12.844184691875487,14.38672953311189,14.205223105986038,12.193747251820351,8.984839194454029,5.7827597433904385,3.348519681023662,1.7983635604601536,0.890526844748763,0.3808231791271701,0.12606362463059917,0.029643355664092538,0.005166349154986203,0.0007482800070580342,9.006014889851083e-05,8.550022402031706e-06,5.939013958469436e-07,2.8611864588858994e-08,9.33163160393403e-10,1.9993867078269306e-11,5.732764963476391e-14,1.2835808650717795e-08,2.796424723577257e-07,4.406932630799173e-06,5.088332326603215e-05,0.0004410733108500855,0.002886765577767634,0.014309022733883665,0.053805143683899256,0.14938313412705473,0.2854838885886884,0.3586624739615739,0.3424090193778587,0.2657082632393077,0.21604315122748557,0.23310317913662815,0.3257087819871929,0.5046283412433419,0.8174586098051729,1.3349891065250716,2.0608979147440776,2.9545053389133575,4.013040200949609,5.2258122277460775,6.576421591389897,8.120289773634937,10.207827663302957,13.131208703697418,15.736356080829777,17.01280504988224,17.414018690657,16.799712424359203,14.767482126395178,11.405899193917234,7.423543394934119,3.990953899000061,1.8226860598997485,0.755158180203983,0.29509088429062874,0.10798864266868713,0.034713145407119866,0.00831170230723406,0.0012575283382675923,0.00013005305936652546,1.0897123699094832e-05,7.275856332042077e-07,3.741419558538456e-08,1.4028532656542847e-09,3.610778845014356e-11,4.686037019976406e-13,0.0,0.0,0.0,0.0,0.0,0.0,0.0,0.0,0.0,0.0,0.0
0.0,0.0,4.2830253055651286e-10,1.737211131070447e-08,3.6280398981969936e-07,5.590639338910419e-06,6.655203091622377e-05,0.000636807228536528,0.0050369426787496415,0.03129093805367135,0.12133810735035691,0.29368728457231713,0.5384257780403442,0.8063949704298735,1.0025511389808717,0.9915212911635574,0.7693285796369735,0.4462233829888156,0.18787533468740955,0.05748045548618667,0.013103477684077148,0.0022898604546141657,0.00030965477273493965,3.184796405750194e-05,2.467680350875334e-06,1.5341224415158585e-07,7.166589450167439e-09,2.4469254610057086e-10,5.563699683159593e-12,0.0,0.0,0.0,0.0,0.0,0.0,0.0,0.0,0.0,0.0,0.0,0.0,0.0,0.0,0.0,0.0,0.0,0.0,2.810130570030631e-09,7.732221745105942e-08,1.1936931077930162e-06,1.3674898413325425e-05,0.0001373341804918921,0.001159333375713237,0.007297546346243426,0.031087555687676034,0.08927121626139822,0.1852417517804881,0.29997845042051996,0.40973882234733333,0.514295927977234,0.6363584442179862,0.8199067966156071,1.1625708319901806,1.8176285035766897,2.7751087123078233,3.672491688773304,3.9427562717588063,3.3986145945516886,2.3212760176116944,1.2794259121264087,0.6013720127331514,0.2451034823397686,0.08215981862423262,0.020531724902332453,0.0035140721438811115,0.0004250602182722914,4.085503225086905e-05,3.093536493200227e-06,1.8039994536917376e-07,7.709012137554174e-09,2.2663346131333596e-10,3.321454496555259e-12,0.0,0.0,0.0,0.0,0.0,0.0,0.0,1.58149050026627e-09,3.9359706249308235e-08,6.721643278635421e-07,8.390337247417185e-06,7.591002863201952e-05,0.000501293227826748,0.0025313021533888386,0.010467627924446884,0.036023355134052505,0.0991030623645587,0.20543877257548865,0.3221237924517096,0.45436826576142775,0.6950147347646769,1.2238156035129402,2.2309092525692593,3.8135025301103402,5.908782433317702,8.187388381784388,9.879306558166613,10.557590217755063,10.39044380983999,9.46519568358383,7.859245617976071,6.1293175639095505,4.522286969647926,3.130130014130132,1.986188645941174,1.1075028741598782,0.49822921869885983,0.16852912264859876,0.0425938665525394,0.00830182044672534,0.0012753013548417412,0.000148923571856564,1.1678813778357069e-05,5.642603773137019e-07,1.963328446795966e-08,6.112161876047279e-10,1.456910611154999e-11,0.0,0.0,0.0,0.0,0.0,0.0,0.0,0.0,0.0,0.0,0.0,0.0,0.0,0.0,0.0
0.0,0.0,0.0,0.0,0.0,0.0,0.0,0.0,0.0,0.0,0.0,0.0,0.0,0.0,0.0,0.0,0.0,0.0,0.0,0.0,0.0,0.0,0.0,0.0,0.0,0.0,0.0,0.0,0.0,0.0,0.0,0.0,0.0,0.0,0.0,0.0,0.0,0.0,0.0,0.0,0.0,0.0,1.8092518058345942e-09,4.122663652693447e-08,6.592210758762938e-07,8.288476913005755e-06,8.30822585136835e-05,0.0006510852328661568,0.003910352306760846,0.017314688726880002,0.05535884995885726,0.13286353662247155,0.26558108805002223,0.5048824530595918,0.9786257442663678,1.8012733237676992,2.9355690950642765,4.338333151016876,6.263926843605252,9.48738345056191,14.348955281535604,19.242379497509663,22.280416614246885,23.648357910858806,23.8838627360456,22.76830941654058,19.982238039324095,15.406769114987108,10.052842803253046,5.472660681774579,2.5503766067754743,1.055991147588499,0.38737686465335136,0.11624507206646617,0.025465871079344202,0.0039292477828866005,0.0004404956166921232,3.702895475631423e-05,2.351258060035801e-06,1.1200254905383868e-07,4.28605119505601e-09,1.3820631498204347e-10,2.640388478757831e-12,0.0,0.0,0.0,0.0,0.0,0.0,0.0,0.0,0.0,0.0,0.0,0.0,0.0,0.0,0.0,3.1769984190224633e-09,9.07088992713634e-08,1.966893103358811e-06,3.081014299255563e-05,0.0003429659381802591,0.002661362073915357,0.01421684054045022,0.05331973661402988,0.14793629161973465,0.3260668648679711,0.6130662924800339,1.0381991069334002,1.6583630206725284,2.5825347201668345,3.803741219966552,4.9960611001528115,5.622644528406457,5.439111096297068,4.4710253816715335,3.0600383632404857,1.696268844803675,0.7410784814894038,0.2519522522267339,0.06699281412141268,0.014026597878241216,0.0022907783644842182,0.0002877312011330911,2.8349454019204203e-05,2.210111209778699e-06,1.277080638371744e-07,5.293030815208541e-09,1.5268998040031908e-10,2.571740953883008e-12,0.0,0.0,0.0,0.0,0.0,0.0,0.0,0.0,0.0,0.0,0.0,0.0,0.0
0.0,0.0,0.0,0.0,0.0,0.0,0.0,0.0,0.0,0.0,0.0,0.0,0.0,0.0,0.0,0.0,0.0,0.0,0.0,0.0,0.0,0.0,5.0439087171415125e-11,7.2203833776233434e-09,2.0497693186574466e-07,3.5329353336831357e-06,4.1931089845944854e-05,0.0003768421672661186,0.0027846143547959716,0.015054704095645771,0.05561253282607581,0.14328895974493738,0.28249579814328807,0.4785721187942815,0.7953524637184928,1.4551746309242164,2.9230699734445604,5.537658960806677,9.069547539638172,12.942278775864358,16.430865641389527,18.782999201406156,19.446345789220057,18.130442878216613,15.310024900308381,11.708070386328965,8.062850908563185,4.793364704827966,2.356585495770695,0.9880728355592944,0.358034668665334,0.1083595631169953,0.026454147292747646,0.005027545215635359,0.0007191351429814288,7.826724766022086e-05,5.9877168542051664e-06,3.223229593362255e-07,1.251373292955097e-08,3.4799639258314783e-10,7.792722769682011e-12,0.0,0.0,0.0,0.0,0.0,0.0,0.0,0.0,0.0,0.0,0.0,0.0,0.0,0.0,0.0,0.0,0.0,0.0,0.0,0.0,0.0,0.0,0.0,0.0,0.0,0.0,0.0,0.0,0.0,0.0,0.0,0.0,0.0,0.0,0.0,0.0,0.0,0.0,0.0,0.0,0.0,0.0,0.0,0.0,0.0,0.0,0.0,0.0,0.0,0.0,0.0,0.0,0.0,0.0,0.0,0.0,0.0,0.0,0.0,0.0,0.0,0.0,0.0,0.0,0.0,0.0,0.0,0.0,0.0,0.0,0.0,0.0,0.0,0.0,0.0,0.0,0.0,0.0,0.0,0.0,0.0,0.0,0.0
0.0,0.0,0.0,0.0,0.0,0.0,0.0,0.0,0.0,0.0,0.0,0.0,0.0,0.0,0.0,0.0,0.0,0.0,0.0,0.0,0.0,0.0,0.0,0.0,0.0,0.0,0.0,0.0,0.0,0.0,0.0,0.0,0.0,0.0,0.0,0.0,0.0,0.0,0.0,0.0,0.0,0.0,0.0,0.0,0.0,0.0,0.0,0.0,0.0,0.0,0.0,0.0,0.0,0.0,0.0,0.0,0.0,0.0,0.0,0.0,0.0,0.0,0.0,0.0,0.0,0.0,0.0,0.0,0.0,0.0,0.0,0.0,0.0,0.0,0.0,0.0,0.0,0.0,0.0,0.0,0.0,0.0,0.0,0.0,0.0,0.0,0.0,0.0,0.0,0.0,0.0,0.0,0.0,0.0,0.0,0.0,0.0,4.228244077711468e-09,1.11640257541696e-07,2.723158117618769e-06,5.163722057735495e-05,0.0006458398580306483,0.005236517591165202,0.027704914900736875,0.09643725413163637,0.21479683638946684,0.3256734449289415,0.36845859550593835,0.3423205730220952,0.26740117547315473,0.17030889629685303,0.0685539655405225,0.012418997758314822,0.001194250538572331,7.896180387538404e-05,3.7009825917776142e-06,1.3587283433351948e-07,4.798347316621998e-09,1.166531450105394e-10,2.019148577757023e-09,7.816780328933455e-08,2.0994704974397156e-06,4.3619780820621976e-05,0.0005185859977178885,0.004122816312803427,0.024414871465293593,0.1150847880643687,0.4270549257964121,1.2390678138400733,2.8148249953177045,4.966731753110751,6.921711096992741,7.857060569222013,7.480779142645212,5.864345613591197,3.543487467492538,1.6348402838761418,0.6212546398624745,0.21279046712330332,0.06931726947463347,0.020475690634273718,0.005163628031874109,0.001087658287893076,0.00020187068728813826
0.0,0.0,0.0,0.0,0.0,0.0,0.0,0.0,0.0,0.0,0.0,0.0,0.0,0.0,0.0,0.0,0.0,0.0,0.0,0.0,0.0,0.0,0.0,0.0,8.102493293938674e-10,2.6461800789829306e-08,5.253951487932292e-07,9.215492734508842e-06,0.00012193669308405965,0.0010884754927986495,0.00667548878340969,0.029015569911961633,0.09625032828436075,0.2708179641219847,0.7031080616262292,1.579694603247947,3.090812386218902,5.6196168032164415,9.433848136174822,14.114501693067062,18.551862336697955,21.689476142285972,22.650786773215444,21.10201268481744,17.761424086308143,14.030981066790426,10.771467801654694,7.464644027933499,3.308194616869452,0.9328493876837777,0.29295037943096564,0.13858074706277984,0.07662478981207094,0.03714486014863491,0.013311072496091182,0.0030980668441276333,0.0004401131898414225,3.9882850451567996e-05,2.9730503953443283e-06,1.776552172628249e-07,7.922652080742758e-09,2.2619608577751127e-10,3.5769852430306893e-12,0.0,0.0,0.0,0.0,0.0,0.0,0.0,0.0,0.0,0.0,0.0,0.0,0.0,0.0,0.0,0.0,0.0,0.0,0.0,0.0,0.0,0.0,0.0,0.0,0.0,0.0,0.0,0.0,0.0,0.0,0.0,0.0,0.0,0.0,0.0,0.0,0.0,0.0,0.0,0.0,0.0,0.0,0.0,0.0,0.0,0.0,0.0,0.0,0.0,0.0,0.0,0.0,0.0,0.0,0.0,0.0,0.0,0.0,0.0,0.0,0.0,0.0,0.0,0.0,0.0,0.0,0.0,0.0,0.0,0.0,1.0052878590979814e-09,3.2300349472811905e-08,9.385734069066929e-07,1.677508295559745e-05,0.00017196116997547373,0.0011827360447255303,0.0060647523816115744,0.024285501637685034,0.0724256819252303,0.16057149072506532,0.2755832058672955
0.0,1.5184857404559364e-09,6.037590431964958e-08,1.209924052646205e-06,1.858549491244868e-05,0.00023278980777872855,0.002403477351119028,0.01803609756459523,0.09817804254740876,0.3950750457490385,1.1977352878362464,2.7462816208697647,4.64612156056794,6.204507045550481,6.923949334006184,6.607189323351254,5.284229140627222,3.492603225432852,1.9143648210109063,0.882086811444038,0.3368018421764076,0.10145989023224541,0.022647557070753617,0.003678993425180168,0.0004327965225217413,3.666141623796065e-05,2.480437252385369e-06,1.271738533620582e-07,4.47095781171909e-09,1.0151871507104889e-10,6.985193724990852e-13,0.0,0.0,0.0,0.0,0.0,0.0,0.0,0.0,0.0,0.0,0.0,0.0,0.0,0.0,0.0,0.0,0.0,0.0,0.0,0.0,0.0,0.0,0.0,0.0,0.0,0.0,0.0,0.0,0.0,0.0,0.0,0.0,0.0,0.0,0.0,0.0,0.0,0.0,0.0,0.0,0.0,0.0,0.0,0.0,0.0,0.0,0.0,0.0,0.0,0.0,0.0,0.0,0.0,0.0,0.0,0.0,0.0,0.0,0.0,0.0,0.0,0.0,0.0,0.0,0.0,0.0,0.0,0.0,0.0,0.0,0.0,0.0,0.0,0.0,0.0,0.0,0.0,0.0,0.0,0.0,0.0,0.0,0.0,0.0,0.0,0.0,0.0,0.0,0.0,0.0,0.0,0.0,0.0,0.0,0.0,0.0,0.0,0.0,0.0,0.0,0.0,0.0,0.0,0.0,0.0,0.0,0.0,0.0,0.0,0.0,0.0,0.0,0.0
