0,1,2,3,4,5,6,7,8,9,10,11,12,13,14,15,16,17,18,19,20,21,22,23,24,25,26,27,28,29,30,31,32,33,34,35,36,37,38,39,40,41,42,43,44,45,46,47,48,49,50,51,52,53,54,55,56,57,58,59,60,61,62,63,64,65,66,67,68,69,70,71,72,73,74,75,76,77,78,79,80,81,82,83,84,85,86,87,88,89,90,91,92,93,94,95,96,97,98,99,100,101,102,103,104,105,106,107,108,109,110,111,112,113,114,115,116,117,118,119,120,121,122,123,124,125,126,127,128,129,130,131,132,133,134,135,136,137,138,139,140,141,142,143
0.8676642453588144,0.9474257128781117,0.9356663989860939,0.8348169136503787,0.6865651258432814,0.5477074884466147,0.4532964892389346,0.3785910347405303,0.302704471913349,0.19984158310265127,0.1066045394057892,0.045010504380813575,0.015218746357346408,0.004300274936884361,0.0014445505907222853,0.002317989727226311,0.007651371642375601,0.021696945763623056,0.049346057318122895,0.09044582326786718,0.13572606843173546,0.16947263053785064,0.18265050298449295,0.1709007527375351,0.15253513714691574,0.16731000410142952,0.2627334149079162,0.4494895753223282,0.6807741768994402,0.876463352068481,0.9632087776262963,0.9010765468127093,0.7283736325914416,0.494436441694672,0.2974530700716641,0.19495868005527356,0.22077671368810553,0.38613104270475734,0.6683205213116424,0.9951626837055425,1.2921560481973464,1.500578548944214,1.619670101653717,1.6700928502724055,1.6154444316953256,1.4375259293391784,1.1377592627637936,0.7773025593351947,0.4505715247807491,0.21888839447366396,0.08815147409655309,0.0293324655045689,0.008080224402618807,0.0018442076910592361,0.0003472013619684666,5.349305370304998e-05,6.705106637207518e-06,6.805010588548665e-07,5.519680840921982e-08,3.499581293164132e-09,1.916356454359562e-10,9.995706856260488e-12,1.8167516410938934e-09,2.6794541760982968e-08,2.8610430442343595e-07,2.3613280732051055e-06,1.5937990100985485e-05,9.245644053239593e-05,0.0004773807788896114,0.002234306630518139,0.009450755847992926,0.03512809221804008,0.1094343615918386,0.27984254240160167,0.5964630531248406,1.0783460324174516,1.6529610314646181,2.172345844119685,2.4215378800012153,2.436936534239369,2.2472577508755753,2.0346559629562226,1.806296081853614,1.5059639693267786,1.1133134453633502,0.7033107237724737,0.3710423998402213,0.16256254850010968,0.05913328064636102,0.01781426013204809,0.004404889247464198,0.0008799302327117664,0.00013935047599591792,1.726508126258701e-05,1.6736707881784528e-06,1.3040075564531212e-07,4.143346256436055e-08,4.184779484122961e-07,4.354563729081093e-06,3.599671369212242e-05,0.0002302098795943818,0.0011581144657639745,0.0047677246173669485,0.016638239946916045,0.05028546336126318,0.13276971439797686,0.3074055482845437,0.6274933892385931,1.1349527579684922,1.8302843030070868,2.665988393775383,3.5929703921578406,4.60514220281833,5.764174521644234,6.918225423983432,7.821125763791569,8.070557397611967,7.565641916022989,6.403705911466095,4.956383411900705,3.5790847818028633,2.4462678731501333,1.5890074443036213,0.9669775328737501,0.5323248009708559,0.25888234281895434,0.10930248434048505,0.039444556589018284,0.01201495779949953,0.003293417572255899,0.0022018269346912632,0.006639104130782799,0.02055196945093655,0.04764249609684161,0.08477445239371377,0.12480052834429045,0.16179767155190117,0.19132423604517798,0.20236712431944434,0.19900331462990398,0.1652888819882017,0.11396512065058159,0.06454215100238023,0.030886649672017437
0.0,0.0,0.0,0.0,0.0,0.0,8.186065088061012e-10,1.4850551257551418e-08,1.747378187824055e-07,1.7274698386720813e-06,1.4423287322038451e-05,9.899083859153177e-05,0.0005356769901122793,0.0023052396070468296,0.008142816751221622,0.023959475487432928,0.058970766444256216,0.1212448644985665,0.20848805764432013,0.3089309546349697,0.4344553169880267,0.6276189342504851,0.9594208579639992,1.4689200940142217,2.118655793352787,2.8145735853199363,3.4667836405445405,4.004000065245211,4.448199038713152,4.829811929287518,5.150421415394763,5.540712750911575,5.994504668905265,6.4185423561449415,6.6813254201604435,6.633541381662231,6.3160731243849515,5.830611488887188,5.268120309718194,4.538175070030166,3.6956474242805717,2.7495209756577226,1.8367862687533452,1.0821102321550284,0.5571378091699635,0.24838780451405712,0.09371659770966578,0.02969548978692246,0.010466706979683415,0.013074582659233345,0.034532586271305336,0.08377353806009061,0.16971467537861445,0.2926059906188358,0.4486672855700965,0.645013881242317,0.913545598163911,1.2577096042001104,1.6940489523677584,2.187678759344358,2.685083037975391,3.118228049332363,3.421856100409845,3.647128316129232,3.8585644206926153,4.176481583848463,4.5577568349913085,5.034037690919868,5.627702334510751,6.30922155702877,6.92433484201134,7.301743886177997,7.258689257732093,6.751949655905091,5.897212877091715,4.933281368961011,4.036847674809718,3.344625166203562,2.72256102674556,2.1404610923013934,1.574245429946234,1.077837258836736,0.7071157197578989,0.44232557429242986,0.2587206471834248,0.13567640588017496,0.060982441480113635,0.02287792604074834,0.0071231795283830295,0.0020398974237282575,0.0014991458507212327,0.0043252163290059195,0.012899954412369017,0.0312046929056746,0.06277301644471225,0.1117623382402244,0.18739329434734228,0.3084482862730201,0.5044124117860992,0.8005932300653835,1.1804263086666573,1.5749967112340069,1.855121735346407,1.952194549109054,1.8791217145587862,1.6733940507508271,1.4314487950977173,1.2238172875069684,1.1054461661036816,1.0680302233532903,1.0633626057224457,1.0339303820596122,0.9099137119255964,0.772991840356765,0.6445449449773246,0.6148204829889915,0.7065041958447759,0.879509356174464,1.1012687826367655,1.3300512985903505,1.553443970809896,1.7336128149929764,1.8147754533241403,1.8334914974749725,1.8482652758401292,1.8979908792973252,2.02621686005291,2.130673532907691,2.1734648825881515,2.1257914776661027,2.050056754006792,2.043075321369643,2.2054986966051358,2.5555230680291574,3.091009066863223,3.643828467003009,4.195835715084606,4.685443965480183,5.022328697923855,5.112453389941524,4.9895823186401795,4.644804924508748,4.289561450732265,3.9734424035972578
0.4717454076610727,0.4227981791201355,0.3937680413141524,0.3832835482991853,0.3689178793712512,0.367618409956803,0.3677765195387445,0.34446316594140186,0.2912549435381166,0.19681247394877444,0.10656269729996205,0.0479043958358484,0.026813220188368746,0.040559533569047054,0.09460492868594594,0.20153994476140294,0.3640402372745788,0.5500268602406588,0.6973752991900668,0.7759407777911528,0.7845140419878828,0.786573421262176,0.823035095928177,0.8740852729165275,0.8847036787159962,0.8202580365316093,0.7184466253987517,0.6254224930581124,0.5812204085131281,0.5960379887311007,0.6202841928067542,0.5878072695218154,0.5046376556364346,0.3494684028755578,0.2169809757025023,0.1716344849647198,0.25806245962650926,0.49339403641408575,0.8455043699493664,1.2116393382656925,1.4467326753568786,1.5874506164812918,1.5328491153512886,1.3416260722287203,1.100551060280406,0.7748356335787147,0.4745643015491204,0.270162712975792,0.1982254243806239,0.2453318325897131,0.3672341471711858,0.5031838513395026,0.6171222456808503,0.6825059761994169,0.7190296070418923,0.713052036637901,0.671376944529324,0.6054327991981564,0.5232365534444984,0.4702648984049636,0.45361793620306406,0.4612426546852252,0.47313452799827577,0.4741991408805269,0.46423906689373245,0.45763159648625484,0.4739484790255911,0.5131576130544858,0.5529655880752279,0.5692629644125475,0.561242981283487,0.5769170967651355,0.6810925742081609,0.8652200229123811,1.041699664344701,1.1265014078217723,1.0766399931011879,0.9508765835261366,0.8530601818173428,0.884047014868066,1.033591300681471,1.1957837838080754,1.27156853104878,1.2047587996780604,1.032562499377221,0.8467633664646395,0.7085142667093087,0.615599042287762,0.5299650334032153,0.42384591868986393,0.2988001899600799,0.17602758681127112,0.08560018805826773,0.036115054764644036,0.01999770393931318,0.02850545063263927,0.06204711890632001,0.13017221622946681,0.24202881906608234,0.3838023948763841,0.5070479284741828,0.5806148743902712,0.6245472442712863,0.6985535696420282,0.8486638510397414,1.0718425748097242,1.3040361450561442,1.473887817459149,1.5569970004960585,1.6520398574591402,1.8712710328048583,2.2097152217513427,2.6130701579835978,3.044778049798075,3.376864070532669,3.477319823324098,3.3203159071856745,2.8788481034593576,2.3857972586190335,1.9697766881140688,1.6815388120338,1.4547492931737174,1.219272910385142,0.9490356214009043,0.659892939416034,0.40814978546655506,0.21930018971535,0.11259468966498619,0.0777310063998252,0.09395272848765845,0.14054305325879143,0.20170506559847245,0.2686941989187846,0.33321706357000164,0.40522379969532746,0.48418270179065315,0.5481308518674519,0.6029347124573403,0.6741252982757164,0.8035281869159011,1.0264910930824938,1.3053785028489,1.5790591589341116,1.8103057461225265
9.966403725181204,11.231553617699344,12.370433303633675,12.99509704518302,12.82087692420893,11.928085711130418,10.821599573061587,9.968469862825184,9.724559314793362,10.102353144852602,10.891910574444054,11.801644214616616,12.5321815143788,13.045685451983159,13.385295970692768,13.655165190139162,13.894411678175278,14.037272981951755,14.003518589749422,13.876378926106012,13.595493980374684,13.12986738541999,12.566449318676153,11.982305612459166,11.423663873208984,10.931959667366987,10.377932686990867,9.884332078322563,9.784644328496986,10.406719577011891,11.811422912265899,13.672306744149111,15.201301837004152,15.936941577879766,15.580323723877177,14.495789329597644,13.306389782755186,12.319543364562618,11.627437092774937,10.996930685181466,10.315287288273666,9.58203023769017,9.213946642252159,9.723388265970918,11.323301569431605,13.887035091469185,16.724909896094424,19.13955274707554,20.522970230867433,20.83029553548257,20.185506932237057,18.69091171915269,16.72461929545706,14.469957968457082,12.451047757830633,10.93451571245114,10.181728875403936,10.09466521826417,10.354093785752315,10.743816519000639,11.196269424665697,11.893638652191802,12.876105403269783,14.073360501327704,15.354093930158783,16.246145276635556,16.23049963753292,15.237879528619873,13.721833141484714,12.218566729588412,11.123383367115784,10.52829073817537,10.241614096806538,10.032744914059743,9.85019887229953,9.828519746796696,10.150743511654408,11.02840996501972,12.465946304118901,13.994563140390932,15.120538370561997,15.441104868890749,14.90586546762251,13.82014416870271,12.827824817153695,12.539864463392735,13.138096309158987,14.202670532717704,14.905721531312603,14.854706019091584,14.20229440099792,13.511465413189987,13.173375501895913,13.174641934236648,13.24047283033554,13.3440397904165,13.564617095035816,13.897209149877478,14.144520361937571,13.963839487436607,13.253581564448444,12.422445237279666,11.986389839233727,12.17133325295448,12.832833882473954,13.683369115053045,14.590677805254574,15.394107569840537,16.063782193949013,16.51655077556713,16.262575694848266,15.158817999357746,13.214047338110845,11.065500404209098,9.533936912991804,9.181233398320323,9.927890899747771,11.199207074673824,12.431911943160172,13.478719755525287,14.41944719767317,15.481511385885167,16.457336717382475,17.42068796792389,17.870937342681632,17.704013569428753,16.733616357788865,15.051771712355436,13.353998646724204,12.29894482931138,12.181281032342193,12.864079657760586,14.064082808288623,15.413249330204634,16.46705035866844,16.887235929461042,16.63293316619895,16.11287126077632,15.417355378674907,14.657517265366373,13.928165228990085,13.290740285125713,12.790939537165528,12.417250355647218
6.3899406281490005,6.1679145919266345,5.804736673104862,5.317106581976781,4.909953735441716,4.70770220526501,4.834598756869633,5.082659228233288,5.269301794049267,5.112579865901368,4.585865956255509,3.835598759743152,3.0469910534471656,2.359519350981762,1.820989168762511,1.4375312660085466,1.2200419022351847,1.1880950084408013,1.3038153222895306,1.5421999842758611,1.8651698025645485,2.290521831450104,2.908212620718515,3.672932491631326,4.381787356620448,4.819268040754853,4.89927974555196,4.665798226314156,4.339224016857622,4.1766790632601065,4.330946070459309,4.815481669891907,5.432683372157873,5.942703618610996,6.10877721392698,5.88675371793442,5.312179498186415,4.557173970772722,3.777241328398315,3.167680542810683,2.825107436200631,2.7611744373870657,2.9470937830852573,3.2214847686181174,3.439407786333043,3.501584242683322,3.37666395973889,3.087325630138339,2.700537584555116,2.3206161202491655,2.026581951832066,1.8294091406517878,1.6556922528130087,1.4397645468230273,1.164738201761756,0.9249226430631821,0.8423309700744158,1.023262467759978,1.4562603059827446,1.9993670453305454,2.4860330489130744,2.845086956656015,3.1253380051696116,3.4891366413594933,4.078739642971206,4.9254633100849405,5.943980298818221,6.9292743215358925,7.7155463022438,8.168036005024051,8.378624738836548,8.423761222308313,8.353603864685866,8.121960639012636,7.723858961065929,7.169425456896021,6.48868480162905,5.702245512452972,4.98126533875665,4.349110387368665,3.9659948247395924,3.827867549336679,3.7463346413142125,3.5510839334613897,3.0241528988255704,2.3317825730716297,1.754929419391167,1.495991432856557,1.5627851438146154,1.8360789163918942,2.11225204892737,2.212083031291951,2.205440275259327,2.210941714911332,2.387559128646801,2.6997951049700837,3.002249710260851,3.1127792664918066,3.0216971188738566,2.858808180488299,2.810005959268123,3.016179749864348,3.4906527503386515,4.1369910575728,4.83457050859082,5.4588917549208045,5.8356737551437,5.919379184314465,5.639555382115626,5.075659172780473,4.364391576278099,3.6787729105492444,3.10220263522436,2.6367529445798668,2.238613072450293,1.920909504277621,1.702476571928459,1.5724445774858562,1.4670450896110874,1.340369786095937,1.206596454362679,1.0802329630469392,0.9473998261656689,0.833553650852255,0.7203030506214213,0.6068321070778502,0.5144940060600072,0.4581837769520526,0.453034244289068,0.4836938463630123,0.5567859009447016,0.6725995805828099,0.7871131765523597,0.8102948335709392,0.7205070927553447,0.5376920360320964,0.3492197853572962,0.23147050638299801,0.20336927918855038,0.23729022356793675,0.30347481618790856,0.37085366683246496,0.43936354213580947,0.5081292635681545
0.130689678295348,0.07658553458357456,0.03870153233210126,0.016293194363349504,0.005558225885786273,0.0015069812759932204,0.0003216654530224954,5.387392723813885e-05,7.075241414393049e-06,7.280884086994461e-07,5.8696624041156734e-08,3.7165103902948158e-09,1.8609802065936056e-10,1.1372655192452135e-08,1.8973231797641178e-07,2.29183452869783e-06,2.1812072533300266e-05,0.00016537575467553817,0.0010065493678467646,0.004951509109273133,0.019837434685319223,0.06525631316013986,0.1779983378179036,0.40862491366687614,0.8049663870187461,1.3810971608698568,2.0694588239573157,2.6913993584017706,3.0181851743750774,2.9978585052933937,2.7733756666251126,2.63313545663355,2.8772161676401007,3.652228847446397,5.055699261861826,6.954203072764968,8.955422106781425,10.55260965142033,11.3307038801899,11.022909048723047,9.806683370450983,8.09487699588537,6.298366881699868,4.6566455340563495,3.279764169797293,2.192722950724239,1.4120783423336483,0.8937844971190149,0.5850883783056265,0.4075733226816295,0.2760328689940916,0.16722999229894836,0.09154596029136644,0.06362497643686375,0.10483764001419486,0.26539904924227337,0.6249680084782387,1.2691685645274866,2.239847098665548,3.46889357330329,4.735084449741104,5.694129740460419,6.148487591158912,5.988786044874516,5.515673443768221,5.0974866043899825,5.016445857607942,5.3186887532713385,5.7678823270656165,6.208039587856326,6.456089882278678,6.592193835042834,6.701362258307985,6.872525395603688,7.054355675104863,7.080032370298532,6.691761678915445,5.720478335286713,4.2615923354767435,2.712317983559756,1.4616503968412966,0.6695691355988717,0.26178396028844836,0.08671384483103625,0.023910172025827042,0.005386772396632906,0.0009791877245217725,0.00014863968380049615,3.212150263149037e-05,0.00011392089714429903,0.0006050297375778622,0.0026826059348034107,0.00961149460934453,0.02793962508443496,0.06684354805621898,0.1356010428109806,0.24603020527981917,0.4250426494129838,0.7221903826012037,1.183265287880181,1.7912126112126388,2.4227933098529415,2.9584543356734003,3.30922459933916,3.495077139887852,3.5721920917168437,3.6130906121954,3.5905801210681187,3.513966138943663,3.218522313817478,2.7944141355630197,2.2158100351518994,1.6630094122270436,1.1658575831541067,0.7568624415904137,0.45081220633307256,0.2677551911955977,0.22379967858644895,0.30693768377369707,0.490060112513861,0.7483103047587033,1.0625680361588679,1.4018823830440634,1.7372319517369863,1.9476294629815676,2.005097370646289,1.9570720961193142,1.873905164052005,1.8929100388824123,1.9971723680154072,2.137357579008633,2.2917740813212535,2.503775403318948,2.835240672325625,3.3068585797409,3.794210099268845,4.163177895417883,4.291821276214814,4.2943485042791405,4.221293542771179,4.175955682123119,4.174053612817394,4.180244490979674,4.202566712984553
6.5885219611366095,5.902490465838438,5.101028560799326,4.201283048104281,3.2703882147420225,2.4257218248229826,1.7480367503003467,1.226250449082956,0.8483735484262598,0.5401466425422626,0.30977018937562395,0.1640860197393952,0.10812948614540509,0.13500124956727189,0.23447819627221342,0.38643513435240745,0.5546964935596738,0.6969837570783234,0.833144018808711,0.985762647737909,1.160970801550306,1.3327945198656987,1.5245351214531055,1.8237169813152112,2.400614063562729,3.417225728391709,4.926349791819851,6.928307616962843,9.383785582079977,12.120903852346597,14.856146697416861,17.014004575751738,18.301171473710156,18.470945093594278,17.634808597157924,16.08244564946799,14.319433634883206,12.740976174707741,11.398598668947399,10.030063955486565,8.457652904639275,6.806691453598099,5.294637194214151,4.0240387206916965,2.9786644926970944,2.11913962611919,1.442077705982582,1.005533138678943,0.8460730411126353,0.9309965844075413,1.1740607962903176,1.4613787827906617,1.754832251715822,2.0890194238371618,2.4996169634505,3.0503232032340954,3.7567603512870624,4.706757167155678,5.738168503306916,6.804179849639659,7.7124625074324005,8.275892412857377,8.38140972986396,8.059207177448863,7.375836245272978,6.609330494845381,6.064447344442612,5.927539760588595,6.094746891769871,6.36568673447609,6.469698148498872,6.313901128479672,5.906547707733256,5.357105753499644,4.720957927919861,4.038286892285681,3.2265425673077943,2.3260125808306924,1.4660660464562656,0.8045558203336681,0.39650269564983803,0.19554201355499354,0.1443764921325131,0.18689888018415626,0.27405827324260457,0.34292951769798513,0.3546574406681837,0.3068772421177611,0.23945914300780843,0.21368264420369673,0.2507355613080569,0.35025203706286673,0.509140240195641,0.7619801420088486,1.1580709712263453,1.712898341682021,2.380343157238865,3.0192636435564637,3.600599720458432,4.022362472543303,4.358596080205564,4.669137069762772,5.000646533401428,5.411132409739261,5.891825122391361,6.437615331581142,6.9856195819739995,7.327817153961384,7.232497514506217,6.639867999704038,5.584245702500793,4.300984129875479,3.1508035423748875,2.308525895321401,1.7507497586328047,1.3584760634595434,0.9973350206284822,0.6509333779615328,0.36729716835211657,0.17614762218549454,0.0713912796013577,0.02443750953732502,0.00705222366364188,0.001702939033388856,0.0003426338159997372,8.32942256444689e-05,0.00018165601413991343,0.0008708674677828239,0.003518975919279959,0.01140625964699036,0.029648034269572732,0.06272540276327851,0.11026425338071301,0.1626260922880328,0.194840304274814,0.18995396349266944,0.15447211026686564,0.11457669415974195,0.10957221073942261,0.15296945370436557,0.23196795880237334,0.3214689923026314,0.40196215584721917,0.46562094590075886
0.9172885256519009,1.023242409147304,1.1299659887513946,1.1807319372622198,1.1833503116537913,1.147568032214807,1.1788352530677404,1.2678320737401576,1.4226657845876995,1.4876847283223693,1.4106769651741196,1.1829564008782736,0.8973453358615451,0.6662889567886874,0.5503968775395717,0.5422350728812294,0.592495106413507,0.6486530617764531,0.6930797336243186,0.7631688448907873,0.8366014937403944,0.8984277378490341,0.8985519315285139,0.8027733891347568,0.6247054190726337,0.4551123852626023,0.3238240940397268,0.22591750120975077,0.14950328773149416,0.09107203527191086,0.04988937858740762,0.02409271644648366,0.010822404512519923,0.007952942936165363,0.017195569470774455,0.04807782381759982,0.11995953297409324,0.25889166443895445,0.49151219725282674,0.8387327560268367,1.2934528564960235,1.79966257517228,2.2655589941335883,2.645923311292713,2.8951479543892673,3.073216074613312,3.2706526728399274,3.5148395001720236,3.7045805865422485,3.637474554083787,3.2449032774287976,2.5911158033273702,1.8677071246122836,1.2462058333093549,0.8033650621486466,0.5353281855861495,0.3631369087323746,0.2538890255738064,0.156693512101561,0.08496947610888299,0.03998591367214598,0.016219330090541877,0.005589455557478145,0.00160347187608549,0.0003850377641612372,0.00015769193233635897,0.0005606850884189227,0.0027286825350998673,0.010880206855737715,0.035595276596124555,0.09714466323739282,0.22355252043572865,0.4361626901413716,0.7274685241535606,1.06146465566515,1.4198582560026882,1.8491976974302085,2.421989473732419,3.1421612975823243,3.8703311303883674,4.417442173676453,4.686493548598476,4.615637077291406,4.276236390504219,3.7124660611755353,3.011098126795087,2.2574534522532805,1.6010502482993836,1.0617578814191635,0.6767002408715709,0.3989903363794792,0.21236140679724722,0.0981569904982842,0.03821276989162233,0.012413316885985485,0.0033910106783302837,0.0007863724417182872,0.00015460724484180074,2.5346923082882874e-05,3.3644034801529782e-06,3.643538574781311e-07,2.0749464567050655e-07,1.8588478738127472e-06,1.687044385606019e-05,0.00013237676235792315,0.0008368959533980001,0.004192819784487447,0.0169249179090348,0.05621515946418097,0.15636975001368905,0.369735951269118,0.7529356754458867,1.3366500976178084,2.1015097803166616,2.9950488792485537,3.9595439689518237,4.913365796314296,5.67501527159547,5.988118671305403,5.709634882280146,4.8801900703361625,3.7486359157496882,2.5961368816570647,1.655175469827902,0.9829954298246177,0.5457326572793123,0.28575243927804944,0.16276818259547426,0.14528345848908647,0.19820654065823717,0.27535037435617005,0.32244779959783804,0.2971779322027257,0.21884116465504597,0.1257911189403541,0.05815882403212811,0.022049120952018757,0.0068837073208199,0.0017445288731296434,0.0003489124435261899,5.384782271125492e-05,6.520336315517998e-06,6.555014737837792e-07,5.840006167244508e-08
21.907796603180792,22.188080404042648,21.97444331293649,21.082494184291974,19.57775882290542,17.584960224594134,15.388182371685053,13.39806773757466,11.80998831155847,10.70066918823524,9.818654636833235,9.186919635920242,8.695443354892076,8.289703854219548,7.929502666225825,7.592784757764458,7.180345727684187,6.760155964988345,6.50308240097702,6.5997967170753284,7.245218604916178,8.425580689133847,10.113916592502187,11.763706322757765,12.972958014061348,13.578535507581227,13.835245647171249,14.315824524778904,15.375278867365777,16.861400973574654,18.38767662708571,19.55783567210743,20.181288144730487,20.397491213651648,20.447861412681373,20.659202136574873,21.15601279201201,21.96872145446287,22.81221117118777,23.223343532164574,22.944884599526286,21.924340039055046,20.550031931114283,18.974858213299353,17.607461140674253,16.095127988887825,14.831372242411945,14.25070136417056,14.62206741896538,15.438378898681982,16.3349609233298,17.013327091523298,17.650424197638042,18.479575836121516,19.501976158086627,20.559094653254455,21.393769597937474,21.88922720645292,22.103436161185858,22.23471462582549,22.498604506546904,22.974813667640884,23.39436554881261,23.74646547090528,23.842582473551573,24.04224130679983,24.572975773254242,25.019029860042238,25.172656917801934,25.018099542762087,24.834645988789088,24.76625528239823,24.9305315453709,24.740128278816222,23.87658259372704,22.33482783530649,20.57235795958474,18.860202400316528,17.411756598270323,16.100543317383615,14.916264566409605,13.964120074507063,13.595892545195882,14.288871018885292,16.177156086569628,18.91564606559002,21.546566675803184,23.34998396804494,24.281904222478065,24.79095276832466,25.111434346693052,25.285430326111815,25.190995035466656,24.741194933360912,24.221276224419146,24.01050789733448,24.693023612044474,26.49315388364809,29.313357994163265,31.657353658770262,32.747717491328125,31.448225254108575,28.52260010382405,24.900610759698424,21.930776291399376,20.155533586490986,19.640233129947642,19.92663074239104,20.459967501792494,20.74270347355758,20.19303401829259,18.757972187356575,16.835399166614323,15.213105199167684,14.377222677407321,14.231060288564318,14.279283348669223,14.043099670656769,13.425028459538364,12.683202948057065,12.056167636338742,11.726081799739267,11.786561070343607,12.248118130388105,12.8232526718732,13.113759079220946,12.956630316284617,12.44610747375567,12.007174214526048,11.99524830470833,12.706754778513586,14.10642492814131,16.01843853350636,18.037114159438296,19.733735661016123,20.83301713355788,20.58974917337731,19.26326598242615,17.427422848674812,15.780819018853222,14.668563833096261,14.261210950226214,14.317108960548463,14.497436375451203
0.6051742829058716,0.4004519438103067,0.21146666144154835,0.08421876905723813,0.025114016057877137,0.005746732217181471,0.0010426141344846505,0.00018970628419103268,0.00037224316281506375,0.001777119642144753,0.0075987570657819106,0.026120646073938502,0.07277584770571464,0.16562156213514917,0.31065387392169375,0.482525369939205,0.6465462121533445,0.7538444240069515,0.7753674892714287,0.7194530232487135,0.5743725405117129,0.3993700268479336,0.22743862647459034,0.10509440847833318,0.039193981174036996,0.011877085563619362,0.002930056490857745,0.0005821198436616121,9.142101233413529e-05,1.1299289517902316e-05,1.1156101490210132e-06,9.002776016993432e-08,6.044876394075665e-09,3.3950770550817186e-10,1.56909762123245e-11,3.9207424808809454e-13,0.0,0.0,0.0,1.6386350426937452e-09,2.9171084009127598e-08,3.7743576395460815e-07,3.872523986909046e-06,3.1769036061242365e-05,0.00021109355562236456,0.0011471083286929574,0.005106811569012437,0.018515800314805885,0.054299413575873305,0.12896833233731408,0.25192751446279543,0.4145803544360385,0.6091882066737743,0.807935045528639,0.9835767823821595,1.0823071418859715,1.0622701031403263,0.9114280570238139,0.6769371528217498,0.43533866507092406,0.24524894971162942,0.12037815909672955,0.04999510135882494,0.017047597307811312,0.004685196376474454,0.00102959090052029,0.00018128140655704935,2.5849715046009995e-05,3.0242890605742194e-06,2.918575685806122e-07,2.2980112523753817e-08,1.437536485032314e-09,6.944708250411385e-11,2.361963041622175e-12,0.0,0.0,0.0,3.1832681787049323e-10,8.903954664746338e-09,1.2664712607001663e-07,1.4211938267317817e-06,1.3179403102402039e-05,0.00010193125647632424,0.0006609290781438963,0.0035678208568888457,0.015686235992201248,0.05491728779510245,0.1522207471176418,0.33778845201953034,0.6096306129475734,0.914024632870678,1.1759112499409832,1.3836629366635276,1.5716932836542663,1.7563359048237883,1.8298132835587757,1.702895205116475,1.37982299164366,0.9696646518868972,0.5828171782075454,0.2979399172057655,0.12730533665971464,0.044834891226999345,0.012909188697702455,0.003026656342696156,0.0005777637379101504,9.014155070064134e-05,1.1517040696057864e-05,1.1935243614039638e-06,9.815686295541265e-08,6.510859558608418e-09,1.4976787154516204e-08,2.3526480697719027e-07,2.985029835294665e-06,2.99813482586235e-05,0.00023716786809198145,0.0014695245540402256,0.007158792587265131,0.027650886432909343,0.08561114578608564,0.2139657120829521,0.43302323888517585,0.7186737689205681,1.0211124917366785,1.3346441550533894,1.7002928128583854,2.1226632046388327,2.5295542368093464,2.8017399218878274,2.8855686373633898,2.755411533806706,2.4732896886054716,2.194177566804742,1.9937415120469775,1.9328749765345214,1.9973571763911862,2.2323574360945444,2.60634701037838,3.102525338333622,3.6755541019700293,4.255039238374048,4.743331179591254,5.139265125266971,5.4755748125026615
17.121078065126447,16.609979447320896,16.819004114617893,17.974704270002317,19.743100036339325,21.60672778454786,23.079898049513705,23.910356491878478,24.076238794071422,23.437970822409408,22.261698968463804,20.80749002987091,19.419045931696807,18.353186463286555,17.534168549308582,17.004431205732644,16.55997343631443,16.11788035107866,15.4596178078838,14.328160191974737,12.752881384519057,10.946499627898659,9.51561596911888,9.013582709370398,9.636768097698306,10.980672794043443,12.46915417364783,13.664896872218876,14.738605899623247,16.127985169033224,17.93482086423299,19.738192528937194,20.810656615104346,20.964813223661032,20.263776942163478,19.20836307356849,18.276889610713493,17.419457012806436,16.305041810459322,15.028682159881463,13.85886773548017,13.321483637588521,13.506521135520966,14.624241975119288,16.733765293948146,19.596436937977185,22.70326284993981,25.191526024296014,26.245402159784657,25.853069494125826,24.761587883917105,23.7729263214411,23.38666478354734,23.543161048706846,24.08549560295673,24.696907065454056,25.23132328796737,25.382521882910613,24.94417634562948,24.185541506530097,23.691907683847436,23.380311056745043,22.40058180967726,20.484933462560825,17.82602792508344,15.613958853993836,14.830070661566419,15.399862997348848,16.843009209087576,18.518402901866622,19.77052390078672,20.408311461051298,20.611111313739155,20.930066517089166,21.575709595265486,22.59889842875974,23.547093662269763,23.930805004443297,23.64878292278322,22.850948527625167,22.02845301666577,21.501016794176483,21.169706411097877,20.516010911966116,18.832478963877726,16.11016725180381,12.986425058620329,10.381108525538949,8.829940757303216,8.445517059092715,8.92813685805201,10.001011103885427,11.347994476072849,12.91127025822484,14.726465471481111,16.60854415363712,18.066188612148085,18.944457630818853,19.211917963792978,19.353161776116707,19.292771692591252,18.90280866822104,17.611212074801234,15.762945104414205,13.906988649056487,12.713397458118132,12.23758195908383,12.393099832579349,13.060481963400076,14.467498794727817,17.007005766479907,20.548628057467784,24.197638678324083,26.704230111894788,27.43355723691079,26.752975391629537,25.484308448481965,24.18094740239907,22.863986628831892,21.474726058705702,19.896119700711072,18.1277822466787,16.324975700302428,14.827032160926242,13.959339436230179,14.26126544167265,15.883248514198465,18.812956654032114,22.578903610342962,26.373331857699757,29.032017388632017,29.432014205564666,27.47883196241591,23.804403792139166,20.01025195150035,17.948116327503215,18.576587508571574,20.91164782460956,23.321091645980548,24.760888433443885,25.025797004187766,24.71460371339204,24.16619004387187,23.736109201239348
12.077777535044374,11.229350332910212,10.73646146252923,10.67235120391248,10.808950265479032,10.730821532913696,10.173681020387532,9.23969427330438,8.279451692900981,7.652564766843364,7.661045535120272,8.157408692019839,9.056605612398823,9.935139929332042,10.593767668317938,10.82129780816587,10.698562913348203,10.311330268004577,9.800426317147133,9.251281957402968,8.720611680095349,8.163194422176772,7.5361114867515235,6.89918157979614,6.401670444463031,6.205057568895389,6.343183355383939,6.669454988631474,6.976267317680013,7.042732283033408,6.940896795819013,6.608556982803729,6.340948961811591,6.239407001896181,6.437939913035801,6.929119516794665,7.607405121245599,8.244818671035755,8.578095381236592,8.438529520932125,7.9433206122143,7.26916241574216,6.83138919766233,6.828341081283551,7.239863035225583,8.24128687543743,9.59661422523941,11.170195309740498,12.703293592130137,14.009669956159371,15.085610366089455,15.983793208183592,16.83534102803501,17.66935557621658,18.450307198700585,19.13568153097476,19.529651573728266,19.41969246345056,18.41481502944917,16.703650543988765,14.850854380900154,13.536543621662382,12.760862959297077,12.288354672452382,11.688478112429253,10.778090315408615,9.43649891380849,8.040299167982667,6.767933386856593,5.815222889393626,5.287499890505153,5.228133751744673,5.728455088993611,6.8833941916299155,8.71924404092309,11.183271254733882,13.972844429874035,16.911891208073264,19.861540795135937,22.632011821157636,25.142637320298594,27.21750663334744,28.60973368545099,29.396690540356406,29.444941459618228,29.125522611679408,28.48442082775555,27.643191826022115,26.560483630834536,25.138598215180373,23.390807315383682,21.57085243200835,20.037426690432664,18.97947052714962,18.48977703110767,18.33627581128516,18.382370445750745,18.328863233213927,18.01696704428243,17.111391575929826,15.811233780899846,14.192536689968582,12.608547573849481,11.358312641256381,10.672306955940142,10.559931552246208,10.939642270269244,11.604734932597673,12.385405618123915,13.31059814024515,14.510242014557765,16.166101395639092,18.3277041720486,20.943650102235335,23.82100612289599,26.853396497957934,29.692671350323764,31.935038116592644,33.05336605596442,32.48210808491532,30.493535384344856,27.44290487586661,24.233779766126627,21.542520782600644,19.513594330621906,17.850643990517373,16.20344991363414,14.306946722958642,12.169877808231087,9.954758656313809,7.974528046376902,6.6036010326077825,6.071751302446974,6.361328403897667,7.173449153367259,8.186577436159924,9.168800168335443,10.223988055205702,11.379521856066404,12.4234883406845,12.938795142301407,12.738972544237523,12.190011367858078,11.561514641969362
10.707590236305034,10.108799082141472,9.22806538344607,8.158620980312854,7.069919438287408,6.182141709848028,5.741962128324728,6.008566521851113,6.866388301280898,7.991658434076537,8.816693155220579,9.158986379150482,8.94433217013564,8.493576941047772,8.05799912464145,7.5700955066673945,6.963386526574537,6.373139844387164,5.954494324294503,5.8100798855446,5.883299970823439,6.076992285741301,6.208029509301544,6.189235600099413,6.054106071274342,5.875275694192657,5.75364526205886,5.815150488749268,6.028650257995644,6.244596736821118,6.497127233927123,6.824136866363918,7.280958510616095,7.859176737189229,8.491904145903504,9.227065381088932,9.946465670694916,10.372047418131526,10.260708658692106,9.62862751472625,8.67403956104632,7.90178426634935,7.510070577512481,7.685240107167876,8.255733670017952,8.832734557183866,9.028510218369512,8.847706391892828,8.284817839469886,7.628316869757784,6.904330790125181,6.199160677311363,5.551157504872436,5.055297754285903,4.805566437510533,4.873492615231946,5.326101672683831,6.14212123634756,7.156154432289763,7.978641691550476,8.336364863134136,8.104889652718828,7.548331955483491,6.806569388034937,6.176465362068425,5.685436501891387,5.36434056240941,5.072316419585205,4.719042222869662,4.40661807115279,4.214920883501831,4.177614001571048,4.271996116837049,4.425724210729713,4.608608134178157,4.770234870555941,4.96585335056288,5.234699793575665,5.5502051039325195,5.7390982055962025,5.583308854812816,5.215494780296008,4.799647836019957,4.693578330922678,5.020315693238434,5.6031756277507965,6.235511255706301,6.705670387394344,6.943557493123926,7.088196005063433,7.275380542278542,7.506092505602672,7.618060972907576,7.495509384788263,7.1142248639451005,6.651826827846948,6.327757053107278,6.201008580680591,6.239453721978105,6.423515206486942,6.757914676629745,7.195825913629507,7.7871441552348575,8.3331266649698,8.777531694049896,8.932215670384199,8.78300126873968,8.397562121057387,7.906766792206076,7.460138275798597,7.052626261623327,6.6059842800877915,6.071119669090974,5.414763197380317,4.799896675311156,4.434675650222571,4.369345378828667,4.665530853089045,5.316841742960067,6.207913410076827,7.146545966963804,7.90205829157285,8.402572996264556,8.787152371245426,9.138864385100755,9.468314086310496,9.61076926631985,9.45004441568413,9.022960367153885,8.552581684670548,8.249122626242787,8.1612374099218,8.426902636519307,8.89751763850211,9.381380160449906,9.754989955787572,9.840536930877537,9.732489307025023,9.496503271009528,9.264862996017504,9.13796802533771,9.0580346840423,8.986924066130271,8.89907289734671
2.2471973688870706,2.3931736001789212,2.592617511291892,2.914561322507438,3.3636208380723382,3.923317834103448,4.4221053325011495,4.731120918534481,4.946254375224287,5.217441262244672,5.788467770578058,6.5539415582316645,7.339514956209094,8.00866577418497,8.43827870492763,8.605779434849312,8.6097901695749,8.512985936881632,8.435453352584895,8.490980978597442,8.66299168251731,8.817964654337592,8.672578065788453,8.027331027701845,7.066187501418085,6.000131205984751,5.120740854769271,4.739737772092604,4.935977808636024,5.65699825218381,6.58386926935769,7.2807114806803535,7.428205878256097,6.941040509976528,5.861666548662019,4.524265222640562,3.2813122386193507,2.402944009815918,1.983039628723438,1.9183852746170387,2.1209807710656614,2.5022891545837105,3.037764654139146,3.6275347175624186,4.090173805845815,4.267646903430367,4.180432638527354,3.934941828902282,3.7188431621628992,3.7364839903957443,3.995575243449566,4.530595302045414,5.279299806732887,6.190269373248474,7.1627165791301035,8.067372993849832,8.890655859347094,9.501690816749914,9.757152301326846,9.311153253490508,8.159256183335152,6.657758102575361,5.172532359332783,4.000383521031747,3.2786405669598433,2.9291558057637554,2.904292454856127,3.1014118745269577,3.455388161169581,3.9122819441666623,4.38719530669557,4.798023023650205,5.063853316930947,5.11146165527165,4.900359280028499,4.556255427078512,4.253407137154805,4.072020397957958,4.195376690076341,4.479510130635768,4.746282666060925,4.948670461234279,4.95018497519108,4.93511667308533,5.06650788421022,5.486417083817643,6.338876410154796,7.446170130273742,8.60931513712076,9.577867299257393,10.137427724933097,10.200992545057412,9.894053963122044,9.329194714293155,8.549080467390135,7.727098233680721,6.990663985341972,6.58956023738386,6.606529894576059,6.756119809294598,6.987014956904808,7.016662448507431,6.6913044269441775,6.192280076122842,5.661316074555903,5.271420740693138,5.051323096515236,4.95676355268403,4.911084060324283,4.840763439443692,4.71879521108448,4.633604697484496,4.590449228145841,4.595529339893186,4.619305077454539,4.639812588305268,4.766604694034298,4.987506643798316,5.1713636571978245,5.250047638227786,5.129517130056017,4.946697811090392,4.847849492099054,4.987171128868866,5.401630546058289,5.935570403082179,6.37121225758151,6.590661909512825,6.616028853965515,6.666073817702663,6.913638903515375,7.541727663105748,8.495197856719525,9.248039190704556,9.485143401045805,9.15484085264159,8.510578792720803,7.876850208349093,7.430893223105135,7.099483639787572,6.752529573746355,6.350562603844586,5.9320055065046216,5.558128655154086
16.07485158638233,16.53258408297973,16.45144121015289,15.785726723079874,14.690586408488798,13.46858101782641,12.458567269221286,11.813194455259188,11.625054374575065,11.679332280271066,11.686895514537278,11.468504137981492,10.96371922566114,10.223622476526131,9.406746348972543,8.706834379483539,8.415373610804926,8.6624513964444,9.341576397088525,10.167720943657582,10.974534497751632,11.824453224745023,13.03655143902158,14.752445302745173,16.80536815859393,19.01298889029549,21.10150387964642,22.843701661973405,23.829644650957555,23.853711318365317,22.92733367697454,21.25829061184713,19.108610348428467,16.846326697932515,14.867529709768958,13.38807245651476,12.491511313169687,12.054659928274372,11.907537748052425,11.75377547907283,11.703076485548225,11.792466190347435,12.0812768745443,12.62269017569387,13.301667406049862,14.148807249590712,15.317829922662709,16.849039037120445,18.757304210125287,20.817798725661984,22.670928267924044,23.90100178227829,24.264984989198425,23.798828391740464,22.719964333371347,21.307538174097385,19.71770280368961,17.8280132358266,15.77369182051771,13.68570069978754,11.999507352113325,10.588759979374503,9.392000560504151,8.431151851916292,7.740049738475103,7.244100149404555,7.051384822364717,7.033035008006966,7.048980018053116,7.055406149469754,7.16927336113535,7.566069926994835,8.278218644723662,9.173242935558639,10.165663121657776,11.252260230609425,12.407900881197369,13.47714751919231,13.91796728943247,13.864835022179053,13.073840303927595,11.93705099495501,10.7253019699271,9.742384894504792,9.099817922770706,8.64767150830385,8.059232310365516,7.205095556607008,6.362572587909004,5.876880164238185,5.904530278106886,6.37017400390862,7.06815992773204,7.861879980021955,8.522314007876114,9.032550464751457,9.456070397158706,9.853152844308223,10.40405069194366,10.842205571619878,11.15513378592079,11.085414958411171,10.64031973423265,10.016943431101407,9.260813374118236,8.31851960330993,7.383763971584786,6.625291512841802,6.187853560761064,6.002808360923886,5.884733682009456,5.815531004922481,5.879456394247642,6.190915259847192,6.917805365415231,7.973831444209212,9.296884583167559,10.671062869745285,11.985931832943916,13.038143502630154,13.882204412069397,14.45075985097864,14.635324451309357,14.338818623894667,13.674612002591706,12.750258340460705,11.773568989267314,10.877954766877902,10.134928049545813,9.539870039320023,9.106659704514746,8.841047779976982,8.68488030279678,8.788411803965143,9.111935720051065,9.772981011033364,10.619485184660167,11.490494744469851,12.172750579228895,12.550161215988004,12.65659319124183,12.545866916608206,12.380667929939307,12.207726616249317
11.374385449494754,11.688300817386029,11.635991555835439,11.089094148597585,10.115668511274585,9.066057953396449,8.313457087161805,7.980569610513266,8.11840255316758,8.641203523302693,9.592634345478523,10.822716993489665,12.019238962240378,12.778529970585065,12.99191977557635,12.703683568689764,12.183938183445878,11.63413536290445,11.135273318107433,10.575181400787226,9.928556766631555,9.15019169966022,8.218943659361734,7.1572421021237975,6.0877921782922995,5.1525603575698025,4.419825333495646,3.9161959854037454,3.614197046265283,3.4996843510234483,3.483699820679122,3.5450198210419694,3.6153739571185453,3.6781569007517882,3.7748807197267773,3.972877203954982,4.252520507120087,4.534851796356467,4.797071619227815,5.045918677785648,5.31572176274853,5.644849339235635,6.105261839805794,6.740525017306254,7.49410220956557,8.220502409467347,8.881042348962062,9.655603813439434,10.74196646035045,11.978865300461987,13.023034953747942,13.577207971856556,13.692840409107509,13.651823822910199,13.727751745709526,14.104578948269861,14.60175434953502,14.984368609055318,14.925932617129709,14.398161825011309,13.374201083981898,12.298854220467621,11.640886906148744,11.577620411360396,11.930814540889214,12.156964706540027,11.891526513569277,10.948731525973404,9.561549401212424,8.064031237615545,6.800099159142965,5.949283325024607,5.577001774793279,5.7276737202262185,6.465709141093763,7.7966626985402865,9.549165110962331,11.542771649558885,13.735643486659367,16.129919911624214,18.601568841323324,20.93521513116787,22.62510898121204,23.22121582325796,22.809488479652288,21.645759708692847,20.316903133576172,19.073770184867797,17.889008788451967,16.59303666567497,15.523254090546525,14.938991598874926,15.183331471132897,15.939883890692792,16.647005811870905,16.79687625962806,16.272910932617457,15.365971088267036,14.52067944869,14.007741097228656,13.657153857824872,13.254342132250411,12.581152311705322,11.731080423141382,10.918978583778959,10.409760203002708,10.424989226637054,11.111111604244137,12.26570717305373,13.528612802647618,14.635188117858444,15.6347490303137,16.773505611846495,18.26097255872402,20.05370507386588,21.930783091239835,23.483069031743632,24.552623641618247,25.101672682135863,25.2012871975871,24.84985969290448,24.08024557841919,22.998753897120036,21.787845416521854,20.536521786745674,19.313766857980415,18.23920407309477,17.189786495214914,16.19829928670497,15.041555736061145,13.617253164159356,12.180877102614,11.09685099236877,10.603924697034756,10.462957512154018,10.44074148726943,10.466600955900828,10.60738565637843,11.189162864184642,12.155213947512038,13.264633833196484,14.307042746593254,15.208792615545656,15.983957163565568
21.490872129748844,22.297648255160823,23.056717360225836,23.54897201907764,23.640499951067003,23.135983675448177,22.017164730506927,20.483829785416685,18.54301733461051,16.338342336490193,14.039044616671926,12.046405932535585,10.680126375914059,9.813204639813087,9.441056282756346,9.422747159946285,9.709903709153796,10.223810622552937,11.046957690642888,11.920344189005364,12.684256369626276,13.419366817573202,14.22809973811064,15.380721908084462,16.86970856076508,18.51124887006601,19.946364436717815,20.547235869456284,19.781895119951532,17.75429584866153,15.24974515621569,13.038944360123349,11.46669689599785,10.781513893417566,10.811061989789838,11.42191327552619,12.320657843114756,13.143580473797224,13.510302859044007,13.276218686407788,12.559564710654003,11.813419435359659,11.49350925782067,11.735702003576195,12.345440052012261,13.15620968474784,13.949166679394011,14.578703627985266,14.895245280621376,14.935796920930875,14.874870773435958,14.817807688206628,14.65306294399048,14.200994160269849,13.431101676342298,12.635625805889479,12.234593055477214,12.29997600832248,12.476031474431473,12.32393839663855,11.617579875280871,10.524932580118328,9.489162342939174,8.800366590051185,8.280295339367408,7.801847471806748,7.180215050323644,6.562844268462004,6.073610039202807,5.838512925104693,5.848517484125229,6.103727995635131,6.579752798887195,7.365719471071225,8.584755741363113,10.304657770939293,12.34387429745805,14.32142271865427,15.85558987735132,16.391809559068456,15.524586213067218,13.580576625926401,11.063075085025826,9.047580943087622,8.038188230471437,8.031987938133401,8.225678304728355,8.12213231453606,7.5307316641341675,6.7068269600470725,6.101638468424778,5.8943320176583525,6.073551558436597,6.517287707892064,7.116236076202507,7.808874654343525,8.548080946951412,9.298175572426334,10.046420631960412,10.77691070432736,11.397876839493161,11.7893439517095,11.890821779485178,11.641033877731891,11.170026542662757,10.522347811967084,9.638537406099854,8.554592283685952,7.50143181655555,6.746319104269642,6.341501259431368,6.289163862012257,6.507670855199403,6.892945001237083,7.381252928743851,8.09569419750964,8.996695947495436,9.932611670920567,10.718346134281093,11.356262383003488,12.043431979706899,13.010992874548062,14.273846209808756,15.643805956769324,16.667905907220636,17.07204700769401,16.846261148091997,16.20477676382242,15.484998800060978,14.63399780121316,13.756378529584666,12.629918330186356,11.466677118120261,10.519926132458924,10.049072751223424,10.119194639754648,10.608230472372814,11.237871481405843,11.918349782707896,12.622567146239188,13.269126792071978,13.647355004655006,13.702758341105518,13.492788586040101
3.6074750740121155,4.083272675795776,4.605789514573137,5.055660187888402,5.279533521814164,5.267008413915596,5.027806964276636,4.79258476806328,4.702418224738746,4.718850206413886,4.791179584916449,4.772786218360396,4.727935392510489,4.713076197446654,4.753291646441082,4.828648706677216,4.9474758959813006,5.123198442333871,5.356970443076146,5.597378523784226,5.728223157258027,5.697267257313802,5.481985815743052,5.066603115658379,4.449239017102735,3.6662444205351585,2.881228349838851,2.297759455613296,2.060761911483297,2.1930451092816936,2.516594341466234,2.921006686165501,3.285386147903685,3.573974967964515,3.8266373465409353,3.9159557960997824,3.8616785259005226,3.513292645302394,2.9472213048179414,2.3227120522867883,1.8310201804740185,1.551495178726364,1.4722049450325865,1.52347850103189,1.6781974606175347,1.9554799129858016,2.388747109400206,2.9521549863106005,3.5718568974623772,4.077649153352821,4.386111501083502,4.63442436868189,4.886889028516556,5.151910543127512,5.230904816988123,5.1097502848200484,4.727942342089439,4.12550274034652,3.5071608119570157,2.98683155591429,2.6916856801103477,2.821605982748619,3.2438038254557653,3.842867023552908,4.4175325332110615,4.788179853058729,4.925950499685969,4.889054371957604,4.764033713174274,4.645934510883001,4.4963505405329505,4.2399532148858015,3.805623465341115,3.2338946990225614,2.660259390309301,2.2008871155259326,1.9315528136636708,1.8431903012567048,1.9108795610094564,2.162108249814765,2.54966654767446,3.0346273159821284,3.488997254960536,3.7966128621544044,3.941675250194514,3.890475998377064,3.580666138648065,3.21594442118241,2.7907105619043895,2.467976125717856,2.2170598627332083,2.0101354277324672,1.8370625468334016,1.7173531296726288,1.644276682215774,1.6319987150581627,1.7397317851851952,2.069959677344465,2.5881460325397745,3.137234510052285,3.565990607543012,3.8533796064472066,3.913643409840313,3.7646903953357254,3.4556428102016588,3.084464469655715,2.7057907984768006,2.41306712075555,2.2363457819159676,2.1573138198609554,2.097275415251638,2.040474297095064,2.003936186003351,1.9745333851227662,2.0234756271421888,2.047364814636388,2.110889379813073,2.218237301604888,2.3304803936584513,2.4196733820009255,2.460494755812968,2.434526538040477,2.3335991475304567,2.1808432584846447,2.0299708191016768,1.9479533664425237,1.9695102022468345,2.0578202558509417,2.1329653068535914,2.16171854196591,2.115848397215477,2.0599023501807396,2.1312560655655153,2.3986360272678593,2.8475534111445127,3.284093817755857,3.5466756802407544,3.5692558445720612,3.416923826304051,3.309695547446041,3.3346969743738923,3.463377606655861,3.635995539200466,3.80137573327253
4.28365152590456,4.041073351824993,3.8944086036576238,3.8576198731557922,3.8400615528323065,3.7033960576437948,3.3823847038519546,2.9250745936696836,2.4485669742624476,2.125286094242999,2.067562752173104,2.3124894680920693,2.792206301110741,3.2208592554839592,3.39135761652375,3.205844765725247,2.7522881452888814,2.2546245428378735,1.852268854873148,1.5836271103667603,1.3880649645887928,1.1955797430654636,1.015521417570604,0.8650967345766736,0.7310556517731623,0.5802426102231781,0.4103452202891516,0.24520624058989107,0.11977252908442375,0.047719771593241006,0.016118495656099137,0.011828120148605962,0.019860978720672225,0.049944165232145746,0.10195186465054407,0.1657595600882773,0.21466452252783616,0.22698101046509872,0.20972322608901256,0.17928757069373705,0.17520293071745394,0.20763469997358625,0.25643190676971206,0.29527900848562283,0.3152959373824823,0.32242060798286754,0.3365898088112048,0.35623808063269313,0.36966948509282177,0.3729914869420203,0.3912594590334152,0.4655682733978632,0.6380692747171381,0.8956372044265934,1.1429823466769113,1.2951818615981354,1.3041682863437922,1.167221601753019,0.9606304964418628,0.7587276400858284,0.6026116698369197,0.5493337672385483,0.599819409878697,0.8177779803247258,1.1780026344481596,1.5923458187691142,1.9690481926613903,2.240049981166436,2.379424026495699,2.4513362219670816,2.4845761166264286,2.5191801232208384,2.553166768015505,2.531359133818551,2.3680847810021572,2.0782174974197027,1.738617422109915,1.4101347190327798,1.1445139454879307,0.9355256746491541,0.8003524547582659,0.7321501978153534,0.7272521577885669,0.7791887001661718,0.8770745048480657,0.9927211622051825,1.0825595667952654,1.1494048949009072,1.2207822961764747,1.3434313523533024,1.5198687875974843,1.711452821397979,1.8268285299656775,1.7835294210539043,1.5385364097134677,1.1419520904286835,0.7365811208214957,0.45770259381042255,0.3507326183638117,0.35957334942287206,0.38951713253153303,0.39052801669880194,0.36748347745056303,0.37434778727808626,0.48167159790763436,0.7445381300446277,1.1732401020203382,1.693100370509391,2.100777460189817,2.3048925776805067,2.3192351793498966,2.266937615980285,2.239639212369533,2.224471263584107,2.1754495021421105,2.057669715451792,1.8929272997133058,1.7039229599725687,1.5101828520187994,1.3245982236748204,1.1962705976940469,1.1983942505714098,1.407342742844734,1.7807232059002291,2.1669664302984373,2.3772442612270064,2.3134015049905847,2.0155747319630732,1.6305449049039236,1.334840122953468,1.1564822222179907,1.1248315514764928,1.1934040237641677,1.4121575337062278,1.8090035573809302,2.295948210053802,2.706746672824991,3.0031236358488043,3.1282612253094086,3.177073585123091,3.177463738763243,3.1476856661320847,3.1025560248416686,3.0526400975565955
5.442154156918126,5.14824667765846,4.637101757782989,4.098499905480467,3.7261571364494097,3.552149055503952,3.4094041289875476,3.294510415066446,3.331323154805579,3.579493255680929,3.946622837113768,4.268490213306503,4.500213058106909,4.648396711627494,4.945667263196629,5.352584803014665,5.719825863367194,5.793540085885948,5.419565885390219,4.741927295196865,4.0759597030664505,3.644680674356967,3.4196412154929097,3.255764179330731,3.0752566252600464,2.955294299790316,2.9262547083940103,3.0513670917385127,3.3676222423323225,3.9842010853155903,5.111088233012081,6.662183323788602,8.311469247721108,9.559689290121312,10.046553428137138,9.676688718386972,8.692190424338046,7.45691910967727,6.3745878680319175,5.762282949872178,5.778293687612935,6.374618066228521,7.438125503057317,8.547749664260671,9.561876915177574,10.187449024221566,10.448926565741553,10.288641727208224,9.715111935760186,8.64787255030444,7.1093816198545285,5.329362067763656,3.8047863321796456,2.953760134778585,2.9198817207671093,3.4273298227656523,3.984484625624656,4.196061458476683,4.103570664097541,3.900519505591612,3.892536264334842,4.1786638050956535,4.682169195610399,5.052012652971399,5.155863619045635,4.968856194942761,4.832173897486574,4.871300018771336,5.02984866301173,5.023452488387432,4.815470897299967,4.44710031377776,4.037991617919251,3.702739479209212,3.396648379211212,3.090491722498645,2.7796040664303554,2.537886767782792,2.499649188638968,2.6779056912629886,2.9081439965827407,3.053676912216809,3.0140154462290805,2.7602907798484626,2.4634656816871985,2.363886536619746,2.491204801373247,2.7004912972294495,2.808491672450076,2.7089446253972174,2.5662381333312005,2.6291824882220087,3.0389181324598895,3.648047554453619,4.278395358667955,4.683013908541218,4.679550015791292,4.329149857332625,3.80942024226969,3.3989244603476765,3.319894204041904,3.707833066967239,4.412157292360405,5.2675871294402805,5.908928801406153,6.2656559618220244,6.435232664950972,6.59436268299823,6.742624880446319,6.714607971445761,6.357117728995637,5.775924839418699,5.199036598894204,5.028346171471773,5.112285510378393,5.305589557596752,5.360837114555606,4.983728397597366,4.420333015242105,3.7604541361709938,3.134325689941424,2.5470834736095918,1.941549904898706,1.3167732525894562,0.7656124823543617,0.37474836285145285,0.16664829718753252,0.11475713242821464,0.17531134135358198,0.3294210118253143,0.5380359947300898,0.7301762728438228,0.830875284068966,0.810964594050818,0.6869660809978513,0.5348933778758609,0.4236679335050809,0.39320750956050243,0.43905361947528726,0.5494429984357821,0.700373838388155,0.856249540027895,0.988095210008133,1.0833753331612406
5.764374876872671,5.865294133360762,6.2997153757862545,7.062265930748845,8.132679261621764,9.393248983496768,10.690307809304668,11.556285514229254,11.60532215775032,10.94147826875509,9.692050519352671,8.671235328403878,8.25778490657143,8.555121674609634,9.247647386035112,10.003197311477052,10.542761161261826,10.693519656205504,10.236721490147323,9.18279200091509,7.723272514612659,6.235058538465423,5.06337076888364,4.240868603995308,3.6571648672794828,3.17206609905035,2.641153420739447,2.125729300824542,1.6985053328406043,1.5121212927242078,1.66836888369352,2.1043948972957667,2.7857767906160085,3.6614013314652674,4.699803954857293,5.798436912543467,6.697624245490393,7.122616425327177,6.870052564283123,6.183895003231851,5.320788370104046,4.562480085685304,4.053161132848926,3.841126992362907,3.935308262631014,4.387756167066639,5.150061118395068,6.009609634708969,6.783578972513174,7.338588291160443,7.8607753191071765,8.678739271774642,9.892993202394862,11.38780896015423,12.91257408163108,14.271643795218036,15.262537862560608,15.644096935036655,15.008027572691642,13.719197566706033,12.360371061593883,11.309762140905557,10.579794321704558,9.787979370287905,8.662982682807952,7.218219482031793,5.709637185869558,4.501142747073999,3.7988337861007526,3.511327955827233,3.4952977935193865,3.6030407928142125,3.804176903710659,4.15815241266113,4.7583312863072305,5.726745300501813,7.105978681936456,8.783252951799764,10.377097787493172,11.773905786689657,12.97898954662977,14.032364760089038,15.075613362657226,15.697205681312008,15.760484160080805,14.869280467545977,13.317580201157485,11.552087722091859,9.925335820495365,8.702738901553756,7.993770064153326,7.7924224959039385,7.9728858385162,8.41608826161417,9.039002035344426,9.759593888952184,10.43622395586197,10.832606205414926,10.770862221177238,10.26368689908883,9.54409673662183,8.714505365511817,8.081743817815909,7.896757110430069,8.17866761241478,8.857612012568296,9.704273966803397,10.660938547216182,11.845407303986494,13.477585646583508,15.48643618385385,17.40480998985721,18.73339908839503,19.562806231123023,19.973918640047057,20.261981896048724,20.337626272540625,20.244031652155375,19.689686411697345,18.994848087583016,18.36618110645387,18.033644112333956,17.967664203323743,17.976593889725745,17.784328187154074,17.218052254309097,16.391482607161706,15.564535821471358,14.83928897256467,14.129797457448639,13.126904813958854,11.925397372083,10.696539772118717,9.785465307407666,9.347079326496381,9.067263825634992,8.93578405003029,9.02302828266636,9.409602244720526,10.293915208557774,11.217276324094659,11.856960055819949,12.123390052673926,12.094029611055928
2.9797416957182024,3.0782719287005906,3.1531041059317944,3.17935864017573,3.0916650447850653,2.9596264751910826,2.843356690296944,2.8140295492920844,2.9634078540760354,3.2717514733187762,3.6408552239035243,3.8631838917449426,4.030003302169992,4.330153192338827,5.003360407758613,6.047109101827976,7.169284133470246,7.9778176407759815,8.150524819000323,7.688279166620587,6.836343527934143,5.981697038065702,5.4131064452961795,5.114475344606817,4.9314864842267605,4.682419931002297,4.431175760281062,4.259374181956428,4.152103125172484,4.108482261218838,4.127883527289209,4.062949924860755,3.7812572518908265,3.2277734792789863,2.480996188994878,1.7344699443561982,1.1180448640274623,0.6650625954797162,0.3682899693474785,0.21447861209279315,0.1866056169960367,0.2741367852678779,0.4423288663722354,0.6333443425257044,0.7675876695488906,0.7968373936417105,0.7561985862006242,0.6990041754158335,0.7618224203860439,1.0535175495270692,1.618991545867239,2.4745558492018858,3.5038014792328283,4.5062345327337745,5.294319585714219,5.815374191653562,6.121955858726005,6.087471422384493,5.630667332660101,4.721621363596183,3.7804381420689728,2.993987549996871,2.522883674854196,2.344286750546064,2.3630383413591365,2.4623686217760503,2.6180695164373256,2.8360698777060676,3.194591359462664,3.6548191415575015,4.164517965222018,4.651521780599689,5.059632264207718,5.28778417632224,5.217078723829385,4.924718822679844,4.547023224042277,4.286304357065195,4.272168170143834,4.421457640970869,4.512566438065978,4.426196712569581,4.01887233198358,3.446546830013122,3.0481322364824632,3.099021880785199,3.6566394882997404,4.476042363366709,5.20022698337479,5.581430796789119,5.64153687880015,5.53299498301196,5.3145738020820685,4.919254707211568,4.410943656392904,4.021666177657697,3.9735527365561483,4.283356417311442,4.666967115409785,4.851196532133152,4.689520764390959,4.078117675768611,3.272684049927098,2.543650332114441,2.025539716963389,1.7451343321394814,1.6437187569945808,1.655038442188666,1.7560467544281875,1.932025705460859,2.1334227817260363,2.3703139945936584,2.6556380054183926,3.0008382032900607,3.3848104982470426,3.8681881066609445,4.408467493997018,5.001618751510583,5.48218258464002,5.774101540115548,5.858879667515429,5.640565142018802,5.170472725138243,4.525163113113203,3.7164038716238554,2.9201864092513197,2.269763700196416,1.874922434623171,1.7400832714210948,1.7419891161842085,1.8074033485190546,1.9240317446884254,2.1428702061352465,2.4764261002509405,2.758664097776286,2.913722206125181,2.962582202115839,3.1208736878677628,3.5759335652287287,4.258747889815107,4.889880527061081,5.3331589083236715,5.595326299252626,5.746272661752034
11.201513266673114,12.033585008718047,12.739480095628217,13.268335261344285,13.735621295131441,14.206449098313506,14.82667576956581,15.316315533471197,15.684057656624333,15.832707088918312,15.279041599749121,14.149637301806987,12.83284585956773,11.855482959914845,11.69991691534495,12.334662889131032,13.105666356994993,13.536360176606772,13.184712561333786,12.393887204152875,11.674811826124765,11.496310302658337,11.903955833454775,12.441055549553152,12.56859117808758,12.025635140111044,10.878639057093359,9.547747898411117,8.331699468144322,7.519273290258003,7.108303828577466,6.893658588110082,6.644278452225745,6.171239045359346,5.356164714933123,4.31329732760458,3.221950816556411,2.3997139874978637,2.016831829565694,2.0182009551409505,2.247237841214147,2.4982139047547154,2.652423503652395,2.7300437698792437,2.8704498117200092,3.1257080263462256,3.4679109486754456,3.6749676802047864,3.8320407861733687,4.07156680421299,4.645258071936228,5.649334573017543,6.990163129800152,8.541824548481976,10.06793537009906,11.508146311180838,12.81837819686925,13.957534768271213,14.72729610094268,14.85863352191616,13.970540579334028,12.107126191082159,9.819133515918175,7.804171628714174,6.4895126407787735,5.991851560809587,6.236632585551459,7.009843709397561,8.073029439733617,9.274281476150158,10.604777050090597,11.948064767614934,13.157452729462506,13.9624530395208,14.191147891992724,13.626473875298068,12.499889399385115,11.090725501328409,9.742250146930235,8.652679767224736,7.870568095157655,7.289081420038929,6.790490699364415,6.457155668489168,6.649988082316063,7.64883944851792,9.280706539565829,11.136056491025016,12.518901419318693,13.061135136416151,13.014288716967052,12.348706506812828,11.189594114746898,9.968006981824432,8.837570762031001,8.279714334965735,8.572403863317144,9.585431057439624,10.830509492247984,11.852212701260555,12.213091113742273,11.933996581054874,11.226532862239258,10.378140603675176,9.5846009609579,8.929192629212691,8.39401827589481,7.915865194637397,7.457680090186973,6.935957267990228,6.557998488764545,6.57042427220193,7.251166489718219,8.749097029162913,10.869848715810132,12.974170898489042,14.644574674873873,15.457066989447062,15.637784844666818,15.168105237610778,14.322928344797361,13.504586372548637,12.957053040593552,12.577681777092476,12.15966350948821,11.646962828805057,11.098410102278,10.457761115309529,9.771822726500375,9.26096355921723,9.151719661431564,9.577250506644173,10.417426261553901,11.302892742474752,12.028802593559462,12.334264333084143,12.335787240370772,12.155845259451361,11.729851323091633,11.285229534909327,10.829209723971182,10.469338021810437,10.250698712904224,10.126106643445773
5.0886058418405895,5.577955374560925,5.968340599215676,6.174415333471168,6.118645098795718,5.835388436462193,5.386196503786987,4.83201104081941,4.273360344289829,3.8188941520570645,3.5228331682488707,3.568844286272155,3.873353650546065,4.263500272457372,4.500073908541091,4.432684422299003,4.104369650046369,3.754804382881262,3.4510677839356663,3.1755120074788556,2.9156214703112964,2.7295787295431975,2.6899930672843495,2.7494036418138226,2.785748573275272,2.6613108040827522,2.4029922187743997,2.076100955846961,1.803979874505005,1.6465471234666749,1.6244293003758714,1.6989174627648203,1.8927188757236024,2.2659585429339946,2.817049589640613,3.456088892755494,4.047263326922091,4.5309892241272705,4.874565037005354,5.169351133596259,5.485379004542356,5.880137545706543,6.4302700394172625,7.17122678212316,8.005342310338413,8.70067809285466,9.195234389352619,9.55826906717557,9.806214818754636,10.144227993410935,10.434312205360792,10.655145282793477,10.693295846417731,10.633621014412503,10.411704181894969,10.048598878049837,9.39005434379383,8.443496507838859,7.24187845738735,5.998374090725205,4.956489082920155,4.29740940543524,4.023078391415253,3.9911430306212585,4.006703505198778,3.941939646732373,3.7938824593330542,3.5643739173403506,3.300423638932559,3.055788985909817,2.910627627356978,3.0717452903605196,3.714526823937745,4.8779214101824016,6.3959412698238545,7.84910894038042,8.990019373843388,9.66349738743746,9.991596165283289,9.872345687190666,9.375433897743866,8.499485031826923,7.4162126445625445,6.477147459945189,5.954714326724788,5.811687817152553,5.803312846162542,5.540462780825987,5.0020725133696065,4.384284133694311,4.068511542079089,4.093826968166491,4.3532309269584495,4.585308097884719,4.7734842552976255,4.9276630533397725,5.153768187119951,5.461796273106923,5.644282509508816,5.593512219148273,5.30321704195411,4.924804222901047,4.6037193755462065,4.410674120596275,4.304182905443236,4.268032967257589,4.457265259502739,5.020406628607702,6.0445835510359665,7.3766958222875765,8.708420028129646,9.864235025581117,10.668170168268055,11.093709103683633,11.406982901134825,11.518727477459427,11.60955919795949,11.791669111524191,12.144414258227064,12.571561440389306,12.828569240483729,12.560791725824846,11.496514054824155,9.784598087069984,7.9141599691197815,6.392460785384547,5.47635289923306,5.148803745198594,5.19101172433418,5.323552383367807,5.439124432633089,5.4450801540057405,5.330289967899693,5.195466564859152,5.158665523581502,5.2379355483474255,5.503074793117436,5.957228612060304,6.500224315178034,7.022206060708689,7.399348863303282,7.5682982476726375,7.530394352709286,7.356352166106376
10.040916476838929,8.718884539656113,7.412994768081085,6.507811141260686,6.45856367401693,7.394772316064632,9.072706697209624,10.866573964953927,12.142930941246787,12.742745092041806,12.439639364016607,11.68946020417818,10.828895295939084,10.282820972809391,10.218927900453457,10.588260663210662,11.029667025945734,11.287955018703956,11.209764192712754,10.803723191835692,10.219355807793013,9.597682136478811,8.940943113245693,8.235367172221139,7.63968655559817,7.2230107675053326,6.887794141458397,6.522343212234552,6.176105098655465,6.0316208268336196,6.197218746841585,6.654212609777953,7.211490156404106,8.08701700770941,9.213575974482334,10.72052810942668,12.422773224695339,14.196903486638826,16.041571266040215,18.107740649897853,20.445580529053355,22.756581580108293,24.52962129325469,25.469691578086763,25.323474438913987,24.346801378716957,23.093033769199394,21.664998395671393,20.476529798404457,19.280829212032415,18.103869886874744,17.10519941000582,16.508480775627408,16.56724987998894,17.05595355860842,17.7578719599187,18.160469499371597,18.05172472379684,17.737069930136673,17.43561623599797,17.164852532190263,16.717966147047285,15.910381564431033,14.482001370862113,12.709952785553279,10.917985012364293,9.450525997426404,8.592019993052586,8.456102910501713,8.79008257415123,9.440104125074994,10.08559659195386,10.52991175759361,10.785101864953731,10.67626429065924,10.383458320732101,10.254737559631835,10.558795230760497,11.318496958915539,12.244307331492877,13.065362866115542,13.658363664293065,14.071236784018817,14.22937116783065,14.229932688515172,13.673423555428753,12.532014053794393,11.08055381073107,9.679105533963446,8.861031393715804,8.694119008750151,8.966678206742333,9.45803189049196,10.072046238146257,10.691929593856292,11.098436266588642,11.144321337887334,10.82102843489718,10.188169146091907,9.59829777532234,9.45995430414795,9.847063008240301,10.456263533050866,11.10232437525215,11.714683241777346,12.498259232798212,13.442727075889403,14.246807681637934,14.663326509522408,14.470768855006952,13.850903105307479,13.226119749155464,13.072340895159085,13.52086954332033,14.456063762920023,15.389505673697046,16.09870107357975,16.562847154647333,16.94117614765993,17.363735575005713,17.743272320058303,17.7751160305622,17.37136615395108,16.485174869463687,15.609982853773884,15.21278276791108,15.778300825104651,17.36525766311355,19.493263670112555,21.481384274691084,22.735198723611106,22.90130337420994,22.100770027197154,20.591875850688854,18.562926187818437,16.477975163587036,14.56761804589164,13.107181506815524,12.162425256430334,11.67522052872912,11.277025690958538,10.667770837893443,9.855884583061721,8.978423455399357
6.023108461801954,7.203451193933184,8.743198638719068,10.331815763259867,11.418814736910129,11.741575715166642,11.45383158499628,10.84461046828069,10.300523892613944,10.001170674190613,9.880644917019993,9.798062573337562,9.704570122752848,9.728822295003864,10.077802879743249,10.71101849796522,11.159943271705643,11.097964183973284,10.523200561789912,9.906508370162149,9.799173736786846,10.405075501521948,11.463455361566687,12.299393457444074,12.515865035781198,12.095208437430037,11.530274086825075,11.262478964430604,11.395619202307236,11.739791953214892,11.93485293861452,11.847997317445488,11.35299295622027,10.640565612034749,9.800644203935574,8.955307877644275,8.293918453616564,7.955971514532774,8.0291862382738,8.526433049084426,9.426413434408035,10.600389168384298,11.82051659463818,12.57254547131491,12.822182876770995,12.295443891431406,11.239209029842591,10.004680516647412,8.892729551452364,8.316992987374604,8.3548425140472,8.758653382237501,9.011643422948106,8.820699784319487,8.199145883022181,7.497380347469464,6.989297308088584,6.674594329246023,6.529297679191022,6.452851817003864,6.310120295336919,6.271132206431282,6.345189579268951,6.553072601843948,6.746324684196213,6.843078398646913,7.020454134073231,7.5308462571677905,8.384515697234278,9.268971186855467,9.8768777145499,10.08077900220139,9.963421073245819,9.75435759913078,9.783193820209659,10.028044929171182,10.462850609970943,10.827784037067373,10.887590043121975,10.58829191647171,9.997290105421342,9.2509871435055,8.327357058389767,7.27711171570668,6.1648481700475815,5.001889348140467,4.129946640371768,3.878538413431895,4.479046569017769,6.139971110859464,8.851023663721486,12.341902026694704,16.036311440464416,19.158638519746138,20.879307419603546,21.017534221223105,19.55203470003621,17.108663786000548,14.019733891386243,11.277136920083946,9.537752077615346,8.906647271572192,9.146320825527747,9.463801023007003,9.3400739436743,8.739809179954458,7.880860989151361,7.005615612095897,6.260757781603053,5.765808899338438,5.520648429276147,5.589524210213973,5.921006714321757,6.602055726798526,7.518377074281197,8.464142934339657,9.035882244433601,8.922818482757434,8.129631448262634,7.0908857673829315,6.364212984073021,6.141070154454261,6.279878509801261,6.381086497150303,6.316284034039118,6.117242325579983,6.008522591139703,6.077735741968151,6.247557439659663,6.3131612235022105,6.469214273905751,6.983248062539215,7.963094357850639,9.255714741856904,10.387142338300764,10.644643565555075,10.043766913416297,8.58265297045982,7.178994168237803,6.3824852043521725,6.345467537277874,6.6889562545997885,7.100257468595559,7.399040389394188
6.687996720052205,5.900691502445732,5.0504584273036075,4.2427569475625075,3.7089769342704613,3.579627996502309,3.8738327297255615,4.394630400336886,4.848950281702294,5.076713974975713,5.040217639969637,4.9349543287255715,4.907340617437346,5.003265759567707,5.096902367702025,5.030251219533024,4.68960184751715,4.166231812953934,3.646320218202605,3.252095511983407,2.96544656461748,2.747836962561228,2.5423746685289403,2.3992075589983703,2.3881812567345313,2.502144209489485,2.7201803807341975,2.99376840366517,3.3205920386888987,3.6213817135184723,3.9600082355382753,4.220546866320884,4.321553731708902,4.215746797056184,3.870552324570602,3.357096280767666,2.732982928033485,2.1459927951969995,1.7842417505050667,1.7686983962684495,2.1173124241737784,2.7403000533776054,3.435908272429027,3.975533859218135,4.1394900488867705,4.006483249596971,3.5480562309108366,2.930024503140606,2.302526914810253,1.7592908903515856,1.4499494520781224,1.430501269455303,1.7016399619518026,2.2602175670565248,3.1345646250146504,4.329743941442734,5.742479056855391,7.029982533593695,7.972872024529834,8.240848419157583,7.875444522890333,6.861211182430318,5.640427769726057,4.622137786634806,4.1679909193403395,4.399987573809974,5.097017440993352,5.835775106197201,6.2230078828665185,6.082213584347205,5.680623720527329,5.254011898496914,5.210854053564821,5.536550244854131,6.133220004133599,6.896253733726791,7.724364831376,8.467862887549568,8.954763149790132,9.094323758618252,8.937945586522245,8.708012194216765,8.431092233789018,8.265563789043275,8.006339461172121,7.774341813802757,7.416574399206031,7.098391750251395,6.918226932281719,7.080188853649147,7.476163839876956,7.768303459700231,7.625538551444145,6.976822359770459,6.108340546716012,5.320131995275099,4.78354145445729,4.4850193827642775,4.41685944532112,4.481302535268894,4.464819380968798,4.3892217461398415,4.187189907840513,3.949373892324394,3.798444850076413,3.7331236793143248,3.756881842027852,3.807156087495956,3.882126789732325,3.87040983069322,3.7217803868588377,3.4733502148270237,3.1126447494200917,2.734395985022521,2.5043328867325143,2.5143750443033857,2.8665861816105376,3.4445464476640377,4.043004537574887,4.537955798992995,4.941597622419272,5.381438921096037,5.83854003246815,6.295343846558239,6.7730454098513375,7.227364387270293,7.58352813310729,7.7442102553973875,7.587311935522815,7.2295401696154675,7.004863746241917,7.097331062151881,7.44363496226066,7.910936524482522,8.307800635878607,8.393729999679097,8.15496954513005,7.725809857923043,7.283413262172812,7.050413432708904,6.979889208708134,6.930917776549509,6.8304744056408175,6.64279798927205
14.04634719004774,14.548706534232029,15.031848916252326,15.382628132486811,15.578541322475619,15.653854319900603,15.668991329858654,15.527784331604579,15.09291539077235,14.39623228307346,13.571774160122406,12.791028923185486,12.07492075677959,11.245405883394108,10.273696526106324,9.293756975694741,8.675847387351864,8.611894014039985,9.285753578662097,10.770180339906002,13.133049857212661,16.291924190848448,19.818440557716222,22.804491042718745,24.53249317821551,24.538306063184834,23.050821538443483,20.576803739822,17.86997477943488,15.20735791411217,12.919673280701451,10.941353619740754,9.187309599459956,7.687349582108918,6.365952113814209,5.330695753627023,4.644384475005111,4.307625231574477,4.252638982195645,4.360791920293739,4.635234111189627,5.0102115158050236,5.424424159594896,5.957010549008142,6.707242040541603,7.688511646969131,8.723497015382844,9.658050810696588,10.428610524300371,11.119027357764935,11.54507707462088,11.589990812564887,11.131972013382157,10.091116320820738,8.66156550877052,7.154454092566656,5.872088898411499,4.918252698528821,4.240081720510474,3.681895859244132,3.2020249344520346,2.7328866607908937,2.247996889654874,1.8130697488227585,1.5787629060315316,1.6854854227820604,2.150199488024874,2.910405582711638,3.6763972252774786,4.20721232605956,4.44818594150721,4.453739928476452,4.479418088642259,4.681793090336044,5.093690136236579,5.630580458979983,6.117506006952862,6.530965626812891,6.8732565357784,7.148627133254635,7.390959666079961,7.51358815326467,7.4992167334045075,7.466402320576121,7.619027316927874,7.951460884227787,8.091514733850987,7.8091040505851765,7.137862626346218,6.422165106835498,6.208846257113707,6.602356299408719,7.581852577503601,9.088963980477835,10.835219431847744,12.541603823141772,13.693186681333508,14.044638615493596,13.422710519491824,11.958575006862226,10.275179980766303,8.944982131879478,8.512654818140845,9.132035483978408,10.543131299341258,12.360099228310629,14.208659438937023,15.846098306150456,17.107778996034053,18.12791974444212,19.298261070875732,20.870222995563996,22.79072864590436,24.619090623651495,25.940014895694574,26.838711151986228,27.128463571457722,26.726334230870723,25.529069173199403,23.586470128861993,21.145047769421897,18.780096010818394,16.740778311020254,14.909805216170842,13.005926521225478,11.01961031748781,9.275771375745538,8.057469330891463,7.463074749195479,7.251300007587178,7.322103095635864,7.647476286859523,8.220974897141254,9.111495428457973,10.145951998963758,11.346697294086662,12.503858419843121,13.387960833227304,14.268911457779176,15.208949034601485,16.674204081787448,18.45626100161663,20.28779380407734,21.911683943258513
4.836646496437748,4.887361638184333,5.049071102968491,5.445384447174282,6.13475706543651,7.062893371126652,8.105027343552912,9.087937900249132,9.929945450743508,10.397487050232574,10.509250592523903,10.208486440134553,9.740261123372616,9.460512701362152,9.492773786269522,9.808108382604036,10.30511365467034,10.840155587456112,11.23998527433858,11.344738022060739,11.0226449179675,10.26463270901096,9.274411417304599,8.367971520011316,7.7994376519796935,7.640168303498003,7.735920161527612,7.958379360701307,8.123396522530804,8.25275581556841,8.303730904109306,8.350106019416943,8.543250951519974,9.062186205237273,9.8944736510975,11.172056158764004,12.957457477409058,15.154594280602238,17.38402817017466,19.24123474377047,20.700256068310757,22.174095344248503,23.975191583789172,26.07878451400738,28.108016617363862,29.345093220098377,29.22136621092754,27.437072280925303,24.646303199411932,21.469257717871145,18.954772436626946,17.739848792354717,17.7559308650279,18.790869065683804,20.130461956881966,21.453747191480463,22.560320099970404,23.633120242678785,25.001016250086472,26.522799212378473,27.67443624155389,27.57217017007837,25.763598636079777,22.810356374786473,19.705359156642537,17.149724371818213,15.316826221359552,14.504276154728037,14.615173869115665,15.840352443745111,17.93197628468947,20.22780909139172,22.118835058910623,23.299510674807284,23.27931510427789,22.369399704061887,21.224973869355058,20.268582869828492,19.99187232930545,20.52278457483464,21.585840959818565,22.97274842503105,24.35586055198435,25.285424513596094,25.29370064723473,24.095551662806614,21.9189569531258,19.352843162302367,16.70612020408508,14.342819908154873,12.520922364117801,11.512277561882577,11.213601676021078,11.380828219995719,11.593284880826786,11.468670501482245,11.153637256088421,10.960925172813724,11.354597659133447,12.572521993041939,14.394452065962472,15.918300432115466,16.214196878506684,15.131233986751365,13.505393762053654,12.295480233582442,12.042710161066678,12.858269753191255,14.520897349905649,16.78575550524677,18.930872486885534,20.29372230153331,20.353359813300788,19.150556369100336,17.494905232611057,16.082588146861113,15.266263548868832,14.844553002781359,14.698403866350358,14.505151260663556,14.02622562148444,13.294720803179278,12.794285122601245,12.95460882054945,13.814283213751922,14.960370985597105,15.905143954881522,16.437681943497125,16.51921678090817,16.426167566476128,16.181061836309297,15.78521053100528,15.077503626927076,14.225002421264008,13.418732606479065,12.884989407116072,12.608152825996804,12.358964898425588,12.033818083498398,11.498002205484601,10.95305070126907,10.534479311123246,10.334342178399242,10.326575694052936
4.807412945130356,4.515421654317494,4.220239425904538,3.922725658599817,3.58784509337413,3.2497328287064438,2.908923322955467,2.595031401712859,2.3695033396429745,2.1877628858510016,2.1759565793049216,2.314079081989493,2.6131097913185193,3.1211140721711272,3.8096677810184065,4.6200958289706975,5.388336355273698,5.879244578444,6.029990913526728,5.941494156996343,5.851641350471728,5.918750201090012,6.059982582546372,6.105298404700921,5.910308778591778,5.5309442011382455,5.029471572353227,4.524301327126739,4.1516862895091045,3.9719754915371133,3.9546018626367196,4.061388869256049,4.152080128924245,4.24785725790598,4.447721220784028,4.720665025412584,5.062297695543996,5.19776509191681,4.968177888012175,4.32540994412776,3.4955587053171673,2.701471996278688,2.0628594467020895,1.6590164150070306,1.5130680825897465,1.6010237143763706,1.7871589277852915,1.9277329568375619,1.9458756631654768,1.833005711007419,1.6768096952814888,1.5738031118345999,1.6214878345982497,1.8218811856214734,2.1494094520763003,2.5442023393669086,2.8834318593392343,3.09502239913021,3.1334303711583678,2.9629578676019674,2.6783287264127464,2.424371269974782,2.3418611658025807,2.5090895791195154,2.8674653719146646,3.3512191079861893,3.8419996136800245,4.148711498321756,4.254307294206731,4.161032230712237,4.070678476798027,4.170671635105053,4.476918585310848,4.828609212513023,4.98534495808017,4.907127016239218,4.730527415362417,4.635643718315318,4.588102942932725,4.429114314943991,3.99965746246445,3.273906844285252,2.4503857290232696,1.7998735117935034,1.4643270882846493,1.3968782095110202,1.4617449979929138,1.754075421595938,2.4236096793600646,3.544810499627586,4.862708805122521,5.998376078096742,6.5688539645629245,6.555423990009523,5.976282200906434,5.086359690955988,4.211281802190123,3.5741090560895015,3.2928127898899264,3.384526010363606,3.6974162336773375,4.001178067889944,4.203861923528853,4.341027631792861,4.446283664562094,4.430786634062204,4.195084625326704,3.685315472972571,2.9645860696704216,2.2488443300469263,1.7816613814433226,1.6638443291963487,1.8933541196141388,2.3446554362205525,2.783809620341895,2.9785181021184233,2.8745693811622144,2.6034735945526526,2.3495722647127106,2.2787195865886316,2.4028571331933244,2.7049420233622037,3.050737103234992,3.3466898701337544,3.477853478148502,3.390323127583879,3.10337637201285,2.7877281607281557,2.5614522592275017,2.4932738220960573,2.483847115507173,2.415830461209349,2.2705738898427437,2.0818166121989865,2.003304259456177,2.0962788987999783,2.3455446688402795,2.5730344316583404,2.6586390568599207,2.586073011764117,2.336168989503858,2.0826512956441334,1.8793790345326278,1.7482653273532571
4.294013198787823,4.439194444831402,4.514125018945754,4.50251034009494,4.390580385508531,4.2573664600719034,4.066720457741821,3.7975304128881686,3.4048063766515693,2.966090329263386,2.5925939042909336,2.490790739007865,2.7065511661083246,3.15239846178552,3.5785580077432906,3.786808003307303,3.7076408093311506,3.343060882412605,2.846683158200067,2.330546437003951,1.946479407624973,1.8035622716751891,1.8817147958400957,2.036163715797363,2.123850373550272,2.081666447311441,2.0025953385758966,1.9126640354996303,1.7836151683738695,1.620553470876673,1.4378776866146172,1.3593190511315474,1.4681826207737387,1.68724821571345,1.9360877789920299,2.048673451085068,1.9912329807637954,1.756191041053201,1.4169117667799396,1.1220277636368894,0.9731809445310292,1.0035733655484589,1.1366442636147558,1.2643923505995427,1.3164295585394823,1.2748731174223975,1.2061658418074415,1.1620811717136488,1.2640577819418326,1.5018956685748162,1.8117134104555659,2.148300521808755,2.476494481084029,2.7661646525068093,3.041747753314058,3.344852266118933,3.599285025859762,3.7592651974809894,3.758887333205411,3.5570300790642357,3.219038021114209,2.89683675892405,2.7642357982455907,2.8474313600063863,3.0152485286104422,3.0947137683383574,3.0213348794950976,2.866149929249187,2.7711421202826942,2.8994091254360437,3.174801628443977,3.598446872632412,3.9856152701396237,4.158270593430135,4.053566295868498,3.6657625180539393,3.102930874795646,2.5367943552830954,2.0788473111159416,1.7770597501069663,1.586243661506068,1.4568804611433956,1.409574210659612,1.5215346754259753,1.8769999991733117,2.479841197083009,3.32564854472099,4.305630912015774,5.299694959711243,6.1003191063272295,6.4958254616693445,6.727064864814854,6.883902160649157,7.090983869563138,7.36535955931044,7.572549296509068,7.5927222134740155,7.321474962134862,6.70936772339108,5.744703194607361,4.548276366863521,3.40980701015948,2.571268941885924,2.1154027185195834,1.9758755807694033,2.0236533338366476,2.1086439897755143,2.1415176599214294,2.0918029123477213,1.9670225949826694,1.7998406413992367,1.6820764840774594,1.6612923013864511,1.736125622152488,1.82783317984482,1.9825798593623831,2.1946932327735493,2.5857148067812115,3.1442602342003294,3.6762268153693176,4.041334414292085,4.21624659830924,4.3446605955376185,4.605031885189316,4.945498614947158,5.177902918771426,5.12659448714931,4.858443459419785,4.503523709662276,4.095591731247775,3.569861892857718,2.855130627029646,2.022320605414782,1.2678162038828737,0.7198037413685606,0.43712198192025836,0.33738126026590387,0.32459457525027524,0.382409605511473,0.5252202161498375,0.7632603106004309,1.0461356775655692,1.3103304819111075,1.521910203168461
6.234084688195666,5.923142415589496,5.809696932219639,5.908308658477578,6.174847674774736,6.555697082904171,7.054471420697382,7.627971491300043,8.176008933764246,8.614581994266569,8.903716320290089,9.200203319443819,9.358311376713464,9.320032703988339,8.902123107536694,8.196031447238008,7.435518292289852,6.859606809550592,6.426029386583135,5.973639594733849,5.4679473426743685,5.082676554676202,5.007760189816502,5.233038050046856,5.568290851687696,5.841533706813476,5.961427838663386,5.886660804158404,5.692009021302572,5.39251198819435,5.134041911206687,4.896480234907525,4.611871219054045,4.2458659395952925,3.8720293990822876,3.5703477812086035,3.552858733605294,3.882927892699303,4.4197357322072515,4.959409289061731,5.360377603062997,5.602782601139255,5.6842124703057735,5.6144889932371,5.579984621191988,5.689919611069034,5.8229435411506785,5.810640313004971,5.807187235399093,5.923996976462984,6.358610548843775,6.82683659699024,7.084562212760525,7.038639010095098,6.694857386102509,6.314461252392572,5.935771688330089,5.7105213565895285,5.557965323552946,5.526783676775246,5.480629403524846,5.293878639363914,4.9741177896271624,4.746424194653158,4.847115208352339,5.219714100446709,5.59755569300529,5.826273180633525,5.765715842918748,5.527438163817077,5.1397693104655415,4.624317876773394,4.09873489494365,3.693530793818544,3.599177598365199,3.8251203762604273,4.218019457245558,4.567455317038637,4.818290531595731,5.020329487695256,5.373901729634293,5.947498266767493,6.648924381739673,7.23316310635251,7.608809194800926,7.550959584498107,7.253183563075685,7.140868165189112,7.282515189272143,7.674953457817949,7.887228630952192,7.496572501780469,6.510573870861334,5.191097270276682,4.003585688596584,3.2838711827913554,3.146221942406041,3.504612712444143,4.274248421162899,5.320179627542448,6.552855423814087,7.92750663366689,9.326901040173176,10.483579402714081,11.205774227784676,11.437246959147972,11.351456320372929,11.210707063394677,11.147398889055165,11.163649202296458,11.218677501317195,11.228791521837069,11.231252735011621,11.17963326304227,11.232927638182561,11.075812125184669,10.57929690869709,9.699330906848983,8.580481667170798,7.61723184966152,7.073726801211795,7.049947528659552,7.545548492290824,8.452255484494891,9.658704872891304,11.110992704307865,12.618478370868237,13.80347631339301,14.321534579052727,13.87652990249546,12.900944126597032,11.740166094996852,10.899914861676258,10.633124609029908,10.559900491891359,10.532263139436203,10.147713496516847,9.448452346124355,8.908229463920147,8.576513894457102,8.52120988537885,8.539126864337824,8.50488445542731,8.429635445044747
6.038837017488386,6.4418432942195345,7.08126510089639,7.89805525789143,8.725233595919438,9.424018973176153,9.897676989832146,10.07561756546832,9.867015161461243,9.18990913491401,8.108343679712364,7.025900386122613,6.440979377174167,6.583377576574308,7.190945224740007,7.899828345487255,8.446145879653193,8.893959145210463,9.252722638704912,9.55008270520012,9.598256899568213,9.262303757097683,8.744682676795666,7.88988905092333,6.9164929354617675,6.085651602158953,5.427881504605851,5.004955966756798,4.81634586647281,4.655673958394441,4.394555377125109,4.07499381860176,3.854824846742493,3.9308423434599398,4.352900143437332,5.113774751769055,6.081763573753839,7.149109750791003,8.132323163439239,9.018719788599606,10.098404756789682,11.614849255340955,13.52102312077471,15.454799671260435,17.10685537506107,18.14519591022812,18.476309881291293,18.048759160629825,17.07597354790381,16.003634571365893,15.101939551753025,14.342859205244025,13.650291963134377,12.981485735311656,12.4330935673941,12.045226747881204,11.790714672580805,11.460349288546142,10.94688762845383,10.269266296431427,9.520190260619245,8.999640869796794,8.68916897651047,8.504220801538363,8.26850954675167,8.246730789179532,8.528821581706929,9.121098595231748,9.82047920811072,10.355218075411749,10.533471331278749,10.482665422482057,10.34162134128252,10.379023299608198,10.548160334590989,10.804861159403009,11.373692908894993,12.370632600669875,13.792856893845796,15.188189119437556,16.24101457183328,16.349406300544775,15.42204250103615,13.894998593335924,12.343564435143872,11.219407084558735,10.436125692150446,9.60802289720545,8.703055111919497,8.0989656788806,8.094955824652677,8.640175625791874,9.439227704334485,10.143897445250376,10.560867934476484,10.629152880979747,10.320928580772387,9.654926037758461,8.774818920236328,7.971071494194371,7.519905568714938,7.5291166613401925,7.948953955552169,8.711161736520925,9.785616102853586,11.098660122466153,12.386023333257139,13.385270549120166,13.967846644735651,14.395676744127066,14.859646888771977,15.347326196365351,15.711130679605509,16.02675578152753,16.183078606836233,16.10414760457744,15.7107855430543,14.888580671252544,13.609777640084081,12.276690295064855,11.10444064256387,10.557314598829336,10.54438188858772,10.812621299637364,10.928555590507036,10.952043696968039,10.69747611486175,10.334014829777063,9.953431570245442,9.648412779794429,9.338404441241693,8.701727116583864,7.611459920137836,6.276861339122406,5.200501338000404,4.643070988146661,4.654365519554386,5.145474616969647,5.998642908175702,7.0247523962739695,8.106696970352862,9.137090516017771,10.066855689780652,10.865982434421944
10.41603495910817,10.598693090722286,10.497696275096061,10.273715112519533,10.142836261716129,10.387368408541633,11.110592936066443,12.388730957704906,14.159722888041546,16.184970429284487,17.827004767278694,18.257167285068373,16.933090659191528,14.488751172892425,11.622123108242349,8.993746488003737,6.901058124976043,5.410954791102858,4.527349828058408,4.129324359678236,4.096611737126486,4.167815637677138,4.068541715941301,3.7275845688731293,3.310779217616605,3.1672797952225933,3.425746127368882,3.9494207380070225,4.46322791879528,4.695609584058387,4.71755315638499,4.719319105296898,4.84816126295151,5.173497313527821,5.5554857365709625,5.892256093236122,6.1951002141378435,6.351309184681206,6.469439706729471,6.609827489602953,7.070508481631444,8.01650486116971,9.320110050193763,10.72914103032974,11.947251901236653,12.912144061533137,13.628106693331803,14.079763598273964,14.170585853046124,13.729875815774452,12.56598279779522,10.746268452570398,8.698200957479129,6.910475151755314,5.559152563929211,4.620979154978812,4.0675280132006675,3.93254268759323,4.260784208054204,5.092290975478454,6.505999628673938,8.511412483695183,10.784082896572201,12.86839347326177,14.208293808244587,14.0953444145727,12.758855456148575,10.851110363767507,9.13568299838469,8.151802797702903,8.123398537327382,8.79304432295279,9.977046038227988,11.13071612253927,11.926230453861862,11.971362925438537,11.60976091500008,10.816965158208673,9.924486888946703,9.017552762636281,8.094667539107007,7.421254092075219,7.040161972045168,7.070831452049344,7.351605305010961,7.592000863320567,7.603777254475534,7.356175285421506,6.896150453073817,6.380152150628767,5.943004466933713,5.754581121940133,5.772223776991744,5.995631484591842,6.310086679821879,6.641126879489097,6.896928733100078,6.953142043772196,6.8413843546358075,6.82418313287328,7.170898361862488,7.822879133485021,8.412804918319127,8.567341892826663,8.332310876195063,7.931760019635532,7.786118854702163,8.095620309354658,8.7318011988107,9.456964159812037,9.80342378231807,9.634308746791067,9.156270138058565,8.78282916877186,8.739933984400748,8.864253628173191,9.200836580968815,9.694312830905915,10.373875792572107,11.055017655326965,11.55820605271873,11.600818644060645,11.179402515108603,10.40529851270668,9.394505293876884,8.263427684713966,7.177915592088035,6.257334432893551,5.54713892615277,4.967805424868481,4.398802484942738,3.71040658486,3.00804393524143,2.5905806569281853,2.538940981818875,2.722772074074154,2.9156842589908405,3.0268104890636898,3.132259558979341,3.299899384872246,3.4352607411217666,3.4637001541816503,3.364069752202912,3.158985200371511
19.143946441628096,19.371572531931594,19.1870195380229,18.97975389517599,19.249535914085378,20.11561227451192,21.080785743473434,21.428150229338023,20.844508801598334,19.531049391816854,18.371629643979453,18.115142114122115,19.000714304131723,20.79653885764365,22.343593614853244,22.69261075636014,21.75497671974681,20.01621723823219,17.96004586026976,16.25615574224967,15.1674946217801,14.566900761632285,14.341678797183397,14.343883451251317,14.643087277911967,15.138998914740865,15.708728165916515,16.69375937819688,18.240275906898088,20.130571841526002,21.529392442261624,22.03673868282543,21.39536333168559,20.380136064122382,19.529868939251077,19.095872736830856,18.865054382039563,18.727033711647742,18.53821074258387,18.379784312170806,17.928214264446172,16.95012611304763,15.573639117716569,14.18955529229707,13.308341496035354,13.207713936271091,13.841733722239422,14.855074398814475,15.866203073631647,16.717345167250144,17.531080962628785,18.25839031217189,18.728942632705436,18.805579407084856,18.478282314095683,17.969909049811033,17.50710599268994,17.191027071694737,16.844056049024417,16.59104989033973,16.328056740331636,16.144368723615486,16.236590910191016,16.523208054559404,16.74974581956085,16.80395590129997,16.278522338046795,15.401922063460235,14.420348187950289,13.577444641759177,12.998319422849255,12.723200276492529,12.816355191120632,13.1150699018945,13.608412475367361,14.38439903406537,15.57530589772101,16.68060358019945,17.720436592820732,18.48140094072251,19.124358804834987,19.936774751154047,20.941481068139595,21.746638254442928,21.871301958107747,21.211550816236564,19.86010581362267,18.51884041136497,17.61854789595965,17.272711337923358,17.40981198841032,17.80430960565998,18.277057300093247,18.456021994530616,18.033455332207474,16.95470509829243,15.718770851828202,15.182531652905814,15.968759692995294,17.913719476578827,20.382466051580398,22.70487980648661,24.64785740573687,26.268695881781845,27.604499471452517,28.596567101514946,29.27684837638982,29.674243342519894,29.414744843569885,28.378180938419106,26.509659043195523,24.57756751596996,23.033565197979083,22.48315018684278,22.93324313801976,23.95783379214029,24.915914369829565,25.688808658833192,26.5141724620326,27.61925842794833,28.996794103560738,30.350538647226166,30.785603910489098,30.18164859942067,29.322858863926974,28.92020386803518,28.991681720768373,29.045929454629842,28.477928166952243,26.97123634712922,25.3836896581084,24.754860531713877,25.73682012387392,27.813840720534877,29.804756184367925,30.680566216129485,30.13603107418298,28.518337625015516,26.5416213310634,24.690413153199227,23.057755319599675,21.758356399063377,20.79981955697104,20.08773310524463
22.37622363198433,22.571193032918046,22.94612467483255,23.242257252043864,23.056765492195183,22.26080903140916,21.14260098160395,20.36135338474013,20.421291786036818,21.432929054769588,23.03186480935353,24.454978481876243,25.099416607407207,24.551007417322005,23.306156491993203,22.359380621761424,22.169094961137436,22.746759946388156,23.76449786335789,24.860441191858584,25.8710309472594,26.609810221773547,26.792512468204524,25.71661282977628,23.24339436770886,20.35631176079297,17.80936896580778,16.482010967223218,16.345199810410524,17.28923109985835,18.579938583595748,19.82660938198026,20.925413754676235,21.7239544754378,22.004487926537152,21.580301149566736,20.502346019478736,19.188712684325726,18.131259750804624,17.634199261522273,17.72692337562458,18.167419325696592,18.613730372082948,18.768284760710376,18.56317727105259,18.335538335282727,18.526587775927787,19.466008494286562,20.951300799446464,22.244848513373135,22.538355917556544,21.50376887270481,19.560294400241563,17.8408876558228,17.13340622677155,17.613074389170894,18.545988434758538,19.40128444027433,19.743713704432338,19.741275584828696,19.525986200896035,19.03434322565842,18.05656498319226,17.05958975303883,16.94847113908007,19.15272034994761,24.41706596418559,31.96305628448709,40.38708687488671,48.204401142439316,54.48345778038623,58.94094899671846,61.33885539868916,61.89931764593841,61.13502034639592,59.89644295850971,58.84991089384182,58.40932845908141,58.18328432359889,58.18781357371077,57.89681590542648,56.99787061783978,55.55148541120279,53.84787928112339,52.48793319002961,51.21711500591691,49.57463984953386,47.44067833851196,45.4361474743126,44.51655474890738,45.043908088934565,46.44411087796119,47.76563649648362,48.35660107383805,48.148831724291654,46.85649666664498,44.14646224314574,40.1268793399883,35.56857295458772,31.37373920459877,28.004691571101493,25.378274751376807,23.25231966211157,21.450137967625732,19.762897100003574,18.226477457237085,16.777915231758787,15.783906698948353,15.604132239831511,16.300999017147298,17.49709341864829,18.775205159300686,19.89491471581173,20.956310172543986,22.00303451911568,22.714498876283624,22.84737834224014,22.035435332422676,20.543515408044932,18.684951630694687,16.831673285715915,15.512345328527573,14.907010134637575,15.160716781121968,15.95608326007103,16.983317101587833,17.81600397318278,18.597982691981652,19.63586878556384,21.035889956257666,22.520318471101177,23.521273657855136,23.946657156949257,24.132811587482244,24.515808266375178,25.22882303182158,25.52683664241493,24.804999005664875,22.972714410840958,20.578326331015088,18.332835354426038,16.556854017179532,15.22034696120856,14.179294675959396
14.003471964431913,14.430966245773597,14.673188810511704,14.737138816099897,14.668458361191968,14.48248251351609,14.218194046145253,13.673259789562184,12.627720996734416,11.211284014111005,9.430896157164065,7.5786521751077585,5.928613623887592,4.6646052865461,3.777405305868846,3.225525877864301,2.888898138041708,2.793719589349966,2.8575887070123285,3.0878900652676964,3.460795057884257,3.9001775403512977,4.216946403965419,4.173754754103194,3.7465844595565563,3.1868480224126325,2.7011375232502974,2.4039094449379594,2.260639327241759,2.1962059786923933,2.1942317909737015,2.33476202921639,2.7534519435031704,3.7119309077887213,5.372793889680448,7.738119238345274,10.508133822130242,13.065165245310702,14.801784411615602,15.323541345820189,14.719614118806145,13.169249097474669,11.01031691706366,8.69980048234976,6.710905185988604,5.559926661368157,5.510525552854324,6.592934234782413,8.467813804554284,10.43121205250653,11.71746067045657,12.049508325719792,11.681823033319652,10.868158026040495,9.910516546213541,9.013489243667491,8.305775338167765,8.074903933277557,8.398405928234247,9.250421015704207,10.292913437802408,10.983266029895677,10.839577389940267,9.945016816754103,8.621506553357799,7.345602165561482,6.290521280487163,5.400539977674628,4.558666229231864,3.7013092817724007,2.8884935281739827,2.1995850806192085,1.6749558539812939,1.2811091533406733,0.9712045521166741,0.7305227077212234,0.5927887024664293,0.654822173410744,1.007831520861856,1.8039892849587091,3.160865351115923,5.0758818886875225,7.347646293898801,9.582701685596716,11.427824136766535,12.898133808866138,13.958730518369752,14.815412654775574,15.361172989706283,15.527765278688628,15.1266690883356,14.135762217991685,12.901307853007088,11.65443531709091,10.583841983073972,9.740711353063547,9.106505141196282,8.586296895567889,8.035669446992571,7.416166340377655,6.853415797268432,6.521911944889784,6.509316701670488,6.8216961632293955,7.226482420855551,7.513987529208664,7.491881615594869,7.141845480336656,6.597488119785806,6.064649654814379,5.774851391923534,5.676217543305614,5.661884207075564,5.785521690638128,6.225108486854634,7.163299361890005,8.558485759177882,10.188093802671352,11.76549489410821,13.050499185608153,13.845308107661083,14.06715930117201,13.82906379083518,13.435671853081043,12.899244383146582,11.984028736243413,10.56756720520675,8.689648371452325,6.654659162738466,4.80379802002732,3.382383177978548,2.476779046369557,1.9776444667638549,1.7584351654859836,1.7011055454443058,1.6515624242475295,1.598391114272556,1.516977705876511,1.4008928359155461,1.2948495795459276,1.2050024998705522,1.174331945078933,1.1846186529322789,1.217897556738963
30.57706191555685,31.459558267259588,32.21842226564339,32.89907230110109,33.2424620239376,32.86376539512519,31.456888371738735,29.024084773435042,26.28020288658951,24.280282511786307,23.7563357719281,24.429020980742397,25.127185926867202,24.783737963679297,22.57564368910353,19.282677797985944,16.386288911399173,15.05732564962908,15.700124096820932,17.99041308960369,21.220501652758557,24.846346058803473,28.181017045734066,30.581276464159806,31.714618012593384,31.755741582110794,30.90237954682977,29.31087886097504,26.99005964430369,24.26549808460208,21.51797656472319,19.24108618489375,17.186784125034198,15.053933937342288,12.771358408663831,10.465458969039878,8.619339398645259,7.498350379448377,7.274474368129863,7.772136394923028,8.976658919538965,10.516384034469882,12.23506769233524,13.947080858377584,15.433484763042731,16.575134826375134,17.341110115316862,17.892713473372627,18.493639030253146,19.29078398324228,20.147694884577596,20.698792820277138,20.36327181181475,19.24689269571604,17.453355006655865,15.739884748524096,14.813224188262238,14.619687090959411,14.845851316231379,14.959888709372946,14.580401302417755,13.699752047270774,12.83912900834678,12.513575338816393,12.969719722777791,14.038666759348564,15.277228504070816,16.33294416800911,17.03387790937073,17.389916638605047,17.331838280148396,16.681617867181778,15.389843578710433,13.674731286552147,12.11872170456556,11.220587738681107,11.29849337855606,12.148449606314182,13.351588438639315,14.409804439595154,15.131490247929504,15.44223036242523,15.637537389422185,15.972198781948093,16.57143309494755,16.990816232475236,17.16908982421986,17.050947224130052,17.184625643252286,17.787425248801117,18.866051968973515,19.7830947077867,20.196655780659675,19.972494157496634,19.35774618318246,18.614043199115706,17.816606178675904,16.80389643877089,15.414577999882841,13.614764781815342,11.66985894099747,9.928025460048692,8.768960813868592,8.54662627174506,9.433109928323988,11.329881442871407,14.112363573493395,17.53950178537938,21.474702442487104,25.765917508533796,30.059716991447992,34.147472780539616,37.81351434073122,40.991430379756004,42.89136776114826,43.01396485690935,40.981499193571395,37.28248881167182,32.98054410126885,29.329616441086603,27.230915259175433,27.056382593012113,28.370608579372345,29.941536654696602,30.596339383490413,30.088859678542676,29.11821222831937,28.776229516949417,29.2466498961948,30.428071142301373,31.676049020838896,32.368516890473636,32.11729858415777,30.93749766137205,29.273477722630947,28.098142873682928,27.74066589910259,27.94113090036128,28.76745877773973,30.31515359362747,32.369616935122146,34.33184364143449,35.78213340132018,36.593959647965654
18.63031646384279,19.599957087917133,20.517199437520922,21.34672697697437,22.203065106865417,22.923290411284622,23.56832406898509,23.946894233924823,23.774443653408674,23.02014977952832,21.490193597166073,19.143786380817556,16.477972356578018,13.91755667598224,11.954457328910708,10.846300805344065,10.789338470177718,11.446210958919098,12.532841253148431,13.615680494963836,14.602755188624519,15.691494916840327,17.232619648777725,19.641303997784895,23.198884087422467,27.66521906052492,31.925119233426987,33.97081552229869,32.59047917253005,28.16895149887608,22.0442077916219,16.414568384472602,12.52035049345355,10.629898950007446,10.105767999080303,10.232714284517693,10.75678502208994,11.526368190336624,12.616234904411886,14.002948558925182,15.565982131675868,16.927499228974426,17.727777812273356,17.818005460189053,17.37476085138986,16.73055216881591,16.395871467965577,16.622358797956213,17.343498239619414,18.16809408722857,18.763497726372965,18.888460728626526,18.538575529289552,17.828699663876755,17.13082300841237,16.968484939723954,17.297658700917275,18.05172479895251,18.629114507193727,18.775729012132555,18.058519853139277,16.70558455268713,15.175771221143409,13.780008410029263,12.75463736239434,12.00883582538625,11.492885402098365,11.131193942377706,10.816045195693642,10.565302926111219,10.553010482249743,10.812878787513062,11.354803567188043,12.07670168834915,12.945995213198888,14.050757143111207,15.479599746722336,16.922555503858455,18.05585899429766,18.42712105828498,17.845153705833713,16.42995193281579,14.68855925965362,12.969941894220678,11.610947221473715,10.638760032920901,9.89397952615211,9.141386790669825,8.272784834428219,7.307095312284606,6.633485113514754,6.760101223567765,7.86069331462277,9.680183102576688,11.68353710226289,13.40322295926411,14.721056329882634,15.778011085993096,16.809065936667874,17.829329332665964,18.779510699812427,19.322418517878056,19.21077274863843,18.45228869705052,17.06198210839688,15.498110162210075,14.031005397671144,12.7046625234006,11.442494234381643,10.2385213700827,9.113262268335742,8.188526437657679,7.650910661496233,7.64426418152874,8.288716958411126,9.566729756918967,11.164738760648024,12.738927973610553,13.995848989686602,14.816452176495266,15.33200030190299,15.846825034678917,16.673979990786815,18.00961041084138,19.722766518585907,21.41633556829629,22.65744976976549,22.934490783502103,22.122119896349936,20.6660576847995,18.80311198119002,17.17727515891723,16.398362302753007,16.73553024724061,17.962793277556283,19.74703705719725,21.329069163384577,22.139064547985672,21.728067129621135,20.463102699230266,18.96517113091876,17.793108285767843,17.128606891118686,16.75461703400204
24.28747819632401,23.21245329607068,22.33839058755292,21.817373057150494,21.603528039428234,21.537123186464374,21.507478753137242,21.293274653525366,20.957275687143376,20.528781860851776,20.14416722492474,19.783543555033038,19.309482691055454,18.61469723477297,18.02304865677666,17.809667668187288,18.35383945712331,19.821196288327112,21.91690954139488,24.144364628789344,26.433887449099593,28.568483217001106,30.116535721687125,30.63639755952717,30.06377374939679,28.86223977168593,27.464092385629655,26.25899314071144,25.196824882924332,23.995274211600982,22.60309056766732,21.11848874269636,19.66384826825495,18.25632374722691,16.74579118852413,15.239084925775538,13.940007431425705,12.967504280725288,12.241355454910018,11.62901668647296,10.962439921819493,10.202020746419235,9.355626524240908,8.505430197188254,7.696697592335303,7.236074549002508,7.305566801791554,8.087115306997184,9.226910766243378,10.428930880135272,11.370559647074748,11.914749107431456,12.16444156187335,12.346155441173748,12.39425402663301,12.211480592379424,11.93394465865096,11.477540893216469,10.986755154201171,10.31903388455019,9.396664034746738,8.177518103175617,7.075759778237941,6.561781111349514,6.704397532952114,7.179161271883094,7.664718999381012,7.920517331615983,8.061255562000216,8.293167602168772,8.785337576381902,9.564090301415236,10.393419524306145,10.927913397142358,10.991775727371502,10.67122108774499,10.249658784396685,10.058412407342677,10.291228389935984,10.979107622146083,11.927177182705519,12.906593282412453,13.919199053417469,15.122639630173518,16.749640006785903,18.684292837523873,20.463662220398565,21.550181833255984,21.412297152525596,20.105227757659133,18.116236665466854,16.091327414910136,14.663429599855863,13.864999441811195,13.577637042865522,13.426313297964827,13.054927462490308,12.552539055857615,12.045847870722353,11.869699096922092,12.45492263352478,13.568188940985591,14.88421755802175,16.180932051358,17.286087335218426,18.345526892180473,19.4561660852955,20.64962936045441,21.718801516692785,22.567807470907166,23.386526299385853,24.54346250964229,26.22634381322239,28.351518225706183,30.72292120355212,33.00525228860858,34.744618465524475,35.677462025311705,35.598232981486944,34.70303801902165,33.21506314418093,31.40806502024164,29.296830434541434,26.77928797123782,23.731915971833484,20.480454608321544,17.671327440915668,15.90348294500579,15.503602595301324,16.319595874974897,18.01893715768848,19.888739634283475,21.31973812682772,22.264198607838946,22.987088708291033,24.00927356519818,25.135261353816247,25.849815486786262,25.84567325015444,25.05995818317586,23.93221906394231,22.81374514425938,21.889878261278472,21.28268028617322
30.349556407862337,28.917810620360747,26.956424255447036,24.72203722442977,22.737385674744928,21.435594305788584,20.874623406718232,21.048389991316228,21.950365334660674,23.317171090608507,24.5607345234018,25.53182151145668,25.8284033894912,25.7518800070815,25.038900837298748,23.804185737209593,22.16462895090721,20.372523215482577,18.986621212112542,18.31635878367412,18.868575597439705,20.81888194534231,23.278967184558713,24.586315891355195,24.613277776869843,23.2964824616458,22.24287516060988,22.17809318485446,23.343730669979152,25.30099592649789,27.497959368772566,29.440162578570956,30.538526393830907,30.27212827695744,28.696045982859616,26.512708954758274,24.391504226241004,22.52316778336537,20.785164156703107,19.18272147819585,17.57633425385063,15.753658088061725,13.749348985899319,11.968671181311699,11.03851876372387,11.613128642599614,13.885866017069766,17.476332510876734,21.27030429324307,23.763243023163746,24.63135727635102,23.478461051926367,21.428208670875,18.881665891846886,16.65535546560856,14.87883552420685,13.894205890049689,13.571300218611732,14.047688510207944,15.303575087619043,17.278326361313233,19.1591971358812,19.845722075397898,18.916938259389337,16.709411977743727,14.277833743111016,12.296533965297133,11.063194953355426,10.55766697426411,10.819238722783405,11.846537636312005,13.581918969861283,15.640351331564961,17.526110245279444,18.946268982928068,19.893361482496083,20.366603729287792,20.482922113933757,20.21569971911123,19.6039252981534,18.623159068970942,17.455487074599596,16.14125754394597,14.82528661724296,13.693245851279535,12.911629847291968,12.464182787595721,12.122847850018436,11.81395613099333,11.528420221363806,11.571093406485112,12.010639160408296,12.821117569854083,13.512144740066727,13.758193411447984,13.264780504417262,12.364881011628231,11.66998509078883,11.888951409191266,13.499657856919498,16.581686324561726,20.646222361070823,24.674934167452665,27.711432981783503,29.4108929042607,30.267401708090247,31.120593520139057,32.11379075219078,32.58941400567942,31.79316284919811,29.86545489005845,27.600994356083053,25.77166620493997,24.609884283638728,23.975600715731275,23.259124571529195,22.385735211232024,21.429303875859997,20.742507791280087,20.23915508099987,19.810790910447693,19.093160800082252,18.22148679619674,17.64388121517936,17.606979702158416,18.044480434290918,18.130691779527115,17.794125175127487,16.477000795312886,14.630102725886092,13.011039857787745,12.02123596767319,12.01826889686314,13.216988333491503,15.72692397082244,19.22470276640557,22.80426414055703,25.49362544506537,26.363428327841312,25.540638234080483,24.07453275078753,22.844070795135924,22.215737708560127,22.111281853945112
17.761444080770328,17.298010946726812,17.36352333519654,18.25382509604658,19.838919616098472,21.534376842441528,22.785496179718898,23.472920550738618,23.72503781815731,23.84686859677997,23.686236658017776,23.061041948546062,21.933715708813065,20.294641965572726,18.357594860617287,16.40389232691826,14.651107436805441,13.596200317535436,13.285573242490893,13.842014426347358,15.232213860614673,17.84491191307888,21.916568014601225,26.91685766320883,31.90151241004496,35.907088864055446,37.40511569749444,36.18265977179076,31.757754734640002,26.19870067224884,21.45082331909273,18.44212815533671,17.001675051351672,16.616530758326977,16.774998712597334,17.084681775609788,17.318575923091593,17.486924528318806,17.593782466490705,17.616523533833604,17.482567588241984,17.307548665544292,17.400665876871468,17.99926550621402,19.207288277935316,20.72641743789529,22.17426466422679,23.47372294031161,24.242835219975042,24.607885205038976,24.502941908615302,24.061443887129844,23.575197861972494,23.213424048704244,23.282188550959567,23.968246964879825,24.815016501966056,25.14190921210736,24.345033248504,22.38151476739806,19.724191203205887,17.282612587066833,15.601754639956662,14.691762167741889,14.023473811193526,13.080994529468093,11.63450772688484,9.968830321723505,8.566141642250212,7.956878938931709,8.480234975905752,10.131611307175724,12.400285395895748,14.66883328517204,16.761999127103568,18.806849153165054,20.682782094143224,21.941392269663474,21.995562702976958,20.900260542877373,19.06364343918087,17.13388074711555,15.26761665123604,13.828569821994973,12.67747903022113,11.935854687953118,11.242547512772182,10.271832667952724,9.053488801397867,7.8446730215241,7.084342362611318,7.094815170941231,7.860061093735859,9.137239897297386,10.492579122938585,11.73538859723061,13.005520731496265,14.39462653013998,15.92832759046665,17.292813523407787,18.057816729734576,17.75731695687879,16.625091725568083,15.225858508456039,14.110400284959104,13.459861129464093,12.872986895297226,11.909648201447308,10.409709182877304,8.603503902616486,6.917783317412753,5.714364909738006,5.38464014146898,6.075018030545349,8.002973940604658,10.80281492200384,13.94136415026439,16.818154865312444,19.05172443511384,20.447979277859922,21.105889191736715,21.494247906041824,21.834063834744548,22.318838957629072,22.833145907142683,22.9877094108382,22.44377328557086,21.08257810556245,18.998440445633673,16.472732298230664,14.225552184106297,12.97669761431625,13.070150550493546,14.40257112803431,16.692388484868893,19.226633687876515,21.303668165418298,22.508431835534036,22.696273498773497,22.40406682765209,22.42415541959666,22.951873970693203,23.74069526245207,24.500188724728662
17.69223400478217,18.28116056150106,18.966148531218224,19.784385848595964,20.673132675405647,21.48607455359763,22.01617704309207,22.060738125068806,21.412039464200067,20.08782596885952,18.40993121455123,16.744356632108182,15.259281414085219,13.9395186533004,12.764358724792547,11.948523796614698,11.779854184449844,12.533887085398785,14.447232784031625,17.599795906741868,21.849738987174547,26.66984835198108,31.242481313642056,34.413684968991895,35.3717373462931,34.785401440463424,33.41303562096265,32.05624587495378,30.87239805813028,29.83311574019419,28.802328202454515,27.82518426628383,26.579588688060575,24.654091520758353,22.03230301332338,18.860227589751997,15.78324248041808,13.619158096589741,12.47558565022358,12.291488055810886,12.758738478064418,13.458300778012205,13.8599896104258,13.957617685873375,13.562244517640178,13.107591444323386,12.880978941776705,12.933097088584308,13.449378373264294,14.001735817270331,14.738843383294896,15.302014142875898,15.614527840240235,15.402848115613132,14.622346874431214,13.287517936512254,11.777364697317665,10.410820791718034,9.214845649753654,7.971544014521323,6.336535666899654,4.658484426069429,3.4185537660231264,3.0129714091913113,3.3715174739779394,4.217788098823837,5.32852811137686,6.573056467612174,7.967092661576732,9.401787359905365,10.694929095607337,11.611820928253964,11.842573932154306,11.375239532829776,10.610077740875116,10.246194921860097,10.609082751864973,11.431421625561212,12.504679076256432,13.329531792060557,13.96243542925307,14.519627163260793,15.222162003315418,16.373745773244924,17.924322377011748,19.482097047113946,20.588757033882793,20.20807401057853,18.679955986519715,16.56613961839365,14.923113585464456,14.09229070799595,14.133615432183168,14.421761590323639,14.515645356373044,14.025308430413343,13.000138773633902,11.711920621387064,10.502823438081911,9.596577207029698,8.953154536530654,8.82509089145358,9.181891254922396,9.924854940897355,11.029256433003551,12.549365759056569,14.805767193614608,18.106779852539095,22.458799275390554,27.02794967472781,30.763608150476482,33.505500620256036,35.44313788872691,36.67797052390087,37.47235013014449,37.47777624284505,36.731217553126655,35.37576428352374,33.843540999345095,32.49055037724256,31.37761519039518,30.2211873711883,28.668956912201228,26.845198714853474,25.021797980818352,23.454270149627497,22.467502184289074,22.2448084416267,22.769309138220724,23.36408144695999,23.278348967352272,21.994472239214055,19.625337753489227,16.88869404066796,14.809392289386953,13.84144378777318,13.733275351768148,13.765331410094634,13.633730360285028,13.545239080976852,13.709688309309307,14.11071713679137,14.588515016266161,15.02439883700836
11.542017164383013,11.467088826393955,11.176065306502112,10.577596621300257,9.8337679227551,9.16857256740808,8.663641651839274,8.296659109434186,8.15420817575769,8.429958581516798,9.10458397756954,9.82786751088243,10.043876284789288,9.473942440167242,8.334155511566319,7.151061085025079,6.443778886142354,6.28862842785159,6.564725428308369,7.206189059504751,8.23689703049811,9.947099045946427,12.459811749618316,15.496592120420845,18.39227591396878,20.409702560268936,21.46731130118216,21.666889104053798,20.61825949410655,18.133735419235133,14.660869119919093,10.79204475150966,7.522710499359358,5.201917899264095,3.730392999515094,2.798091223284538,2.3046157549582635,2.1495519148900564,2.244641673542789,2.3970813326375673,2.4695986922271187,2.4592243985371813,2.445135315409977,2.583477234067642,2.8830084434839045,3.3181993521451583,4.025162931693433,4.910444485276002,5.944481269378739,7.101861928140573,8.38279802415798,9.543012635306983,10.206811485177997,9.981549979199228,8.705857442675173,6.856147031684014,5.068908832743403,3.7951133483414585,3.2797016577189138,3.7883569767763965,5.486587618385844,8.38122034746779,11.797651832745503,14.347438106366337,15.244443759447218,14.08649568884679,11.823794516364602,9.266230163586359,7.058970254842192,5.396107004839812,4.23727169205454,3.709379522347556,3.822346954700345,4.736872297026066,6.217169561535637,7.946276537583774,9.373345451998713,10.43121142957429,10.979058633812759,11.20957996907206,11.352444307684683,11.443890813567824,11.681220940691007,12.118921408605205,12.74993613129802,13.239386223202825,13.583736729350786,13.312834487013415,12.62771044976433,11.870604486848531,11.300155645755076,10.779709251452696,10.210877312288877,9.324803549448653,8.220209489651767,7.0150821216910275,6.1118058545315535,5.636387917813464,5.670262927387473,5.786279398053399,5.661418408191547,5.235768848970794,4.901438352757136,4.967179751413214,5.314818523182167,5.595777662805505,5.632128720852349,5.324867106945864,5.019888055666714,5.048099802290125,5.571754789670863,6.581263397713574,7.836836714889613,9.033403996462852,9.657580060375295,9.619570617623337,9.285961117524884,9.304214286009561,9.961916298860423,11.047054812546829,12.032444791959689,12.650379011258215,12.78757579483942,12.486481281058063,11.76952137592329,10.718750278322071,9.70528418876054,9.118928185597595,9.15046056880041,9.753105569614252,10.967280479654843,12.866549988210597,15.676155365023336,19.07573457110817,22.032753505820935,23.12908367139166,21.870147572906866,18.97515946376815,15.858490313357091,13.4233450554458,11.747779695194312,10.591495627189591,9.745328939532785,9.104299078578189
13.174830536835868,13.49798366928983,14.039302888316248,14.743365616801043,15.293704031536581,15.23031726825725,14.411637262596024,13.066198721463989,11.746592891802853,10.846786491389796,10.388843859025298,10.194816456112031,10.07008699196622,9.905455810523948,9.721020614620832,9.36554284863367,8.76345248478996,8.051094596173227,7.584080773109888,7.438074586329945,7.465622898792217,7.41400598507613,7.105283991176676,6.555916939145939,5.949160323922362,5.732451256921611,6.165457161055477,7.127807317690162,8.224440056885658,9.180042289923572,9.923829182352991,10.604818871585955,11.170111659472372,11.714536727421473,12.091063594752654,12.249528747403918,12.104719125928883,11.82240669807747,11.607008937956275,11.35960073647912,11.397843781217116,12.029109866180647,13.2705177057612,14.6645463279959,15.37706724051937,15.206960151786774,14.465227584448808,13.677294554568816,13.129674181127715,12.573527187246903,11.758000008887498,10.524739705150678,9.20495177883487,8.322391211583003,8.381735682918645,9.459972990708614,11.062853409922102,12.557438126980712,13.414093384098493,13.7353020993217,13.547403986655613,13.513102420618392,14.119349616179234,15.394059905628584,16.570163109514976,16.899783090582254,16.17794278776384,15.027745718887608,14.47914769160196,14.720675657242749,15.367544929885886,15.822736553276048,15.91037631018794,15.64183858192146,15.59729786718389,15.786479237940316,16.2104894024925,16.51513857576459,16.08146133417608,14.84390776586354,13.006015831560738,11.109648287171835,9.498978263315779,8.356361764717807,7.790548214630429,8.082034067799627,9.317925062784685,11.40002207533833,14.096852772671195,17.05286876936818,19.849720573228865,21.80927962538867,22.514742652850924,22.04310249841992,20.678116092558408,18.880211628425123,17.5514292937718,17.174612472943082,17.47575811133153,17.340280001309,16.267750891134472,14.549806924413017,12.613825137893855,11.119475747770878,10.140030406870592,9.571628157712416,9.316403517892123,9.402923379249556,10.126001378671832,11.296140948991582,12.650185473051955,13.980626728961642,15.346982569883888,16.717876180811146,17.8707127835938,18.62490054951785,18.99042594995237,19.048273133802425,18.85317975164093,18.553240321218603,17.957793689486294,17.13408883653929,16.13597694597969,15.14597760448879,13.98726634768136,12.483738641875744,10.65824653515394,8.793194101143483,7.350770373078225,6.588984042749033,6.503458488907037,6.822644473847351,7.141889033724348,7.064064498094739,6.653750975083601,6.366409868705537,6.831355612548061,8.127788330402353,9.693404541816992,10.93549081614406,11.585280113807572,11.760436880522665,11.66086796969747,11.441203878812363
0.48730570795997863,0.5494128866462417,0.5754715817168403,0.5439896702342015,0.4720511310551684,0.4280376742055903,0.46057131023454545,0.540463525831322,0.5715192930980666,0.5024608060774002,0.37662735194614405,0.2851326676652562,0.2928604953464017,0.40260445497400205,0.5673257373607205,0.7171750070238444,0.7706319103612491,0.6926724725932473,0.5211746209761252,0.33288412939250656,0.19971194262442407,0.1594688587261871,0.204878168875343,0.2844159470115785,0.3150849659339871,0.27624328940322523,0.19067946718517323,0.10455729381962442,0.045674651122863986,0.01582467669390303,0.004350998680389616,0.001026637516321378,0.0008278086884984012,0.0036550723604799685,0.01602988208040787,0.05557090179862067,0.14576581857243348,0.2920883098570519,0.46600034604779567,0.6000804973532872,0.6273249327251829,0.5257358149704999,0.34912940679637905,0.1822483917180516,0.07604641439559354,0.02554809899275409,0.0068895436719880335,0.001474192315557683,0.00024742390901804593,3.250129810485543e-05,4.235289851131683e-06,1.0441630734980008e-05,8.97702128587826e-05,0.0006134746756614614,0.0032312773564365923,0.013277448477937139,0.04358788613402225,0.11642346960032238,0.2547383919645899,0.457791782016917,0.6701442243861899,0.816782821549733,0.817871373639128,0.6697997299183941,0.44779698277277424,0.2372531900239382,0.10016535202848317,0.03364224189598171,0.009040536482120588,0.0019228759272865896,0.000919561556353728,0.002114307634774719,0.01030954179522932,0.03875858844984241,0.11314863715994929,0.2572992490512442,0.4587677175575135,0.6349622735797307,0.6877463509169727,0.6010855045262773,0.409620498742683,0.22446949677576364,0.09981332323455838,0.03642814733415631,0.019023444622638948,0.023957877646885697,0.06547282527735335,0.1451414712820794,0.2515167768967604,0.3392474743047074,0.373248453705242,0.3599696959154692,0.335557267589902,0.34112558714919117,0.3569538245912156,0.34875804757019885,0.30040590922873467,0.24564771969183352,0.2722381004221633,0.44905425840545227,0.795700063241241,1.261218539149186,1.7249162106095863,2.0669360799092917,2.21930395026189,2.2002043751676683,2.1167314840918743,2.0833128569154136,2.117926364808053,2.181737311370436,2.2228166073981317,2.219431179330991,2.172184768913657,2.106200999620353,2.102942251220243,2.1344999739664203,2.169262826393452,2.0562642558238697,1.835764390131361,1.5441665508637752,1.3308201111505054,1.3797102467885647,1.7025541388554264,2.2585834745397144,2.845227255741245,3.244328494471994,3.254093922903969,2.8918145491736813,2.3323157749954992,1.7826085617523035,1.3937377517383875,1.2394147122587273,1.3166591472867801,1.502584884135756,1.5834724164505904,1.4207048393646071,1.0907939735472483,0.768320995414219,0.5325365832553989,0.35681899083668633,0.21823712486794158,0.11821082835348366,0.057173589108796316,0.02524009453855252
20.35401612069107,19.734240387627384,19.659319613123323,20.258206613864047,21.0406939815776,21.201847385900447,20.430696897970293,19.40748804595737,19.534383869242575,21.8421740986167,25.926635750627074,30.152086759833725,33.13460901061548,34.67132546517237,35.26871860823933,35.444060945642754,35.45121182709484,35.37221538901838,35.299891093298456,35.311592281141,35.45165688392134,35.99014443571942,37.47706298510044,39.94555495130534,41.87151015660314,41.20451930977985,37.9141059809762,33.40215350609917,29.071404599408,26.124261014535524,25.25180392284169,26.203127899266715,28.00599619649887,29.65121767246662,30.46931499265617,30.001292715739048,27.9512192923712,24.975875118665364,22.561927153124746,21.58933586250736,22.17789783133068,23.88004287967414,25.76820018853839,26.878253617447054,26.700477108875052,25.388715208552263,23.692787488735846,22.55174161231686,22.644649276342385,24.115424345056745,26.19712260537612,27.19834491028958,25.85113924525916,22.41583257124234,18.08060069328519,14.058325163786208,11.098138086324964,9.346677548075364,8.591584191619484,8.710794164677765,9.961730064255784,12.87473092929599,17.497345974145766,22.55466539053364,26.332081765625446,28.067001868095193,27.799658210441315,25.9742503800513,23.492761367796778,21.452103339945804,20.46743833650953,20.36880543927523,20.55449491526449,20.616555693973755,20.672396333644713,21.04616252678052,21.579253153054,21.630218584753163,20.85795267656314,19.5712368322611,18.362989099683016,17.64350667273909,17.49625625335868,17.829095495931764,18.544258477043172,19.494443449159785,20.36184165264551,20.783286783651906,20.63757282120491,20.06390934811093,19.19304234968671,18.001912083427335,16.460679151137963,14.724647398254724,13.09740580865459,11.84720193663568,11.111220946679179,10.938997843287696,11.37679679180282,12.486089809715628,14.311756961029461,16.824915686873343,19.783486476271655,22.721887022804275,25.17971374123904,26.843801663312078,27.529906519605863,27.201332776023992,26.043428214958624,24.42196073212341,22.573971766726213,20.48603611703261,18.223143725635857,16.087415040440245,14.339767441361333,12.965285278571558,11.895679301072358,11.261370262172864,11.284119150675382,12.20372981726144,14.419171220767247,18.240948237432313,23.101968725746605,27.67157051458514,31.02186956713024,32.898352588376106,33.31695754671668,32.391991667695486,30.35177627604037,27.68309965748822,25.15735596315682,23.56980389405191,23.47590324839986,25.002440664950687,27.749941918861722,31.085643769893718,34.572238675163725,37.83557168810523,40.12798150890818,40.487711677635964,38.69771838123086,35.78187981162337,32.997641297616916,30.91061474021473
16.782121861159425,17.623110508751136,17.996929802001116,17.985808616596636,17.717343373979816,17.74779601489008,18.327564525014402,20.177953563459415,23.551221791206352,27.914013843488952,32.44317527509174,35.88522965438613,37.2464620788753,36.58734615544915,34.447007646664204,31.3864318806123,27.679678012381135,23.850253766274527,20.00668987514279,16.730016759535935,14.970649201843647,14.711315248946903,15.171927265869275,15.71525945750933,15.696571450197766,15.333254889100761,15.32157641223046,16.718720844618325,19.69404021154963,23.164007500817153,25.400423628825507,25.320610950839228,23.286151410331392,20.355712295877062,17.78175980135574,16.8127426469205,17.96716801423663,20.769734238483288,24.12045847424135,26.717544274053125,28.101091820560065,28.122916708077373,27.393852439884675,26.389890774743805,25.906144181268342,26.12408634520754,27.347893208421375,28.19790662127888,28.346785418201712,26.84999999987781,24.69621197839727,22.441515072692276,20.001882121199923,17.224007409643107,13.823125056059169,10.815742999511976,9.06812778238202,8.830704206069482,9.722603737693206,11.08196639802176,12.419839415973351,13.594071020197768,14.713871848737806,15.591402603676954,16.151563006691354,16.392164173078562,16.640392405301885,16.880658321564415,16.822624915487417,16.0712163577928,14.64732404377651,12.84982297075617,10.707519185122136,8.827404477162286,7.357722253515777,6.737434771651804,7.041283316450043,8.04137876857906,9.388763929761788,10.875969606793584,12.566474218147789,14.421691276387534,16.200792595523822,17.445373053424337,17.67910547069125,16.823599268563143,15.068802167687679,12.78762125470348,10.440372494731532,8.485927232055554,7.226462851120604,6.727011066114805,6.670510714046442,7.004560619799852,7.449954443274874,7.8450449704152305,8.2861094544294,9.148909340200445,10.98854926701678,13.987946674618437,17.57649570392192,20.338640769766748,21.521853950347047,20.988059289089193,20.008580192859792,19.552399598903015,19.767783283067253,20.305180669524617,20.70789387411733,20.987823521745995,21.359448932506247,22.23344813285835,24.16544607827806,27.218419956531857,30.783625698380423,33.698637248032625,34.91925368895204,34.28874847668781,32.08721598422434,29.174546527014222,26.493301990822935,24.834344006781798,24.22534410897547,24.269716685089406,24.358521773579415,23.94745632166005,23.225185169484497,22.629395692808043,22.41339779551206,22.361588901828856,22.23067165084784,22.325502210444032,23.28127721980942,25.979262476319896,30.709153447338178,36.28448271897594,40.96558560248196,44.43471072400009,46.46878844199054,47.82396559660262,48.12225843816956,47.18347639975853,45.17401481518427,42.47356030487514
12.112482326385344,12.14300320267844,11.594517661588815,10.61813642342239,9.511849141745683,8.680733202707911,8.52055836669667,9.139684416573038,10.507005943726583,12.132773218483532,13.388890847648723,14.03132091876738,13.970716327656456,13.689765355216696,13.377582709003798,13.00258529563305,12.580017071113094,12.120807205717497,11.688392333298168,11.427892486371663,11.152625000511808,10.618103432819783,9.798745590091281,9.089130568397179,8.913826423751772,9.296510687460556,9.965955248091673,10.617372069601611,11.059821703613148,11.283347525301009,11.40861781591879,11.375845819249799,11.075543538930336,10.672029636573965,9.936356732207235,8.987620977682324,7.767865955063202,6.594453496869661,5.7082342506124375,5.300934743229404,5.279399209731972,5.627524234139579,6.114098921994396,6.727316337261953,7.410752549552128,8.09822390054304,8.612992035179685,8.909159330473381,9.138229097741208,9.503006699196726,9.993871772039245,10.529345760318453,10.918380419996302,11.098214183232113,11.033183976352598,10.747689497501424,10.238049266933924,9.474712492908344,8.534749903706269,7.580303207847629,6.7505656754071355,6.224834708006789,6.0978263167973354,6.328699736360916,6.800633863667102,7.258033059367661,7.420495876392893,7.328285525275737,7.178246932242287,7.227784703249727,7.560568419582746,8.07368752080297,8.582483251739495,9.017626603275774,9.40417393864885,9.82708833742806,10.438131419323721,11.084067588393225,11.766229043361514,12.291181521231932,12.692131812726823,12.93917631367375,13.057257132303258,12.92313878002461,12.42437987427488,11.466321248690061,10.320002795994139,9.191708429438878,8.40912853837524,8.11034107920043,8.237576380162912,8.52165062981536,8.833868004663444,9.015538181470964,8.953816438866303,8.544341378249886,7.8363133046233235,7.022158169738273,6.321177629455145,5.923890174275059,5.743930321188721,5.653188733307871,5.368325006188235,4.77486279181899,3.9742987807444625,3.180189985844209,2.5762203428228765,2.2700574625548477,2.2797936181051575,2.5535143497204413,3.062565372765866,3.6314921070288833,4.09561167136315,4.407954075030411,4.581617050414153,4.7147923440439925,4.871255376224752,5.09228447387912,5.370338627572126,5.648786306770532,5.870238398210091,6.0906651489354875,6.416215743690874,6.795766490256264,6.971053487791184,6.927686326219847,6.665862573815628,6.33286297707531,6.086344754015007,5.959582489138076,6.018527472957863,6.20677128671807,6.577632090021991,7.070437111946014,7.612352418947737,8.008894686591821,8.213360454394966,8.144520308164104,7.8450448466771,7.3864963422495915,6.901860194687573,6.566887845737733,6.417828162908579,6.427599302421407
0.002228627397472324,0.008904869435280845,0.02992841233894441,0.07756348357786207,0.1546008594934305,0.23848187891297096,0.2797783581326131,0.2592635143739448,0.1919258132610903,0.1123937333891343,0.05287858685778958,0.020023268058648805,0.006095018433507046,0.0014851195854007392,0.0002881403473214432,4.434822934613369e-05,5.404901597908888e-06,5.207466581015708e-07,3.960544724660653e-08,2.3780882210139703e-09,1.126431004721695e-10,4.084840309248419e-12,0.0,0.0,0.0,0.0,0.0,0.0,0.0,0.0,0.0,0.0,0.0,0.0,0.0,0.0,0.0,0.0,0.0,0.0,0.0,0.0,0.0,0.0,0.0,0.0,0.0,0.0,0.0,0.0,0.0,0.0,0.0,0.0,0.0,0.0,0.0,0.0,0.0,0.0,0.0,0.0,0.0,0.0,2.903801472134819e-09,5.056779826191759e-08,6.57726449399985e-07,6.704643721570472e-06,5.407880814454683e-05,0.00034806777595476157,0.0017955842511131685,0.0074298344112922925,0.02462937301316485,0.06529542292391087,0.1381855566409692,0.23279973591175246,0.30567222224337415,0.3211849726894315,0.2654274025275097,0.17086557861043553,0.08827077012006888,0.03669115357388751,0.012225748930040723,0.00324676501890431,0.000682971149933693,0.00011257227432375739,1.4340791578611554e-05,1.4165021776378978e-06,1.0447441802569986e-07,8.792016728533453e-08,8.150676362902672e-07,7.92680797103049e-06,6.055541344943217e-05,0.00036559689566850344,0.0017678424701427459,0.007007888446048059,0.02331932753846315,0.06605945861785883,0.1596177981429729,0.328554693991025,0.583853676053504,0.9207490032528262,1.3425300864824978,1.8182871354106152,2.2621341343897603,2.62278474056466,2.78344426006262,2.767461668010823,2.572795076424983,2.3551810380137734,2.2031563430211656,2.1836045689639887,2.2361025922073043,2.3011620378258764,2.3231869642285483,2.2521715238300315,2.0811738033092455,1.8391049834732578,1.6188424019336016,1.4843414038221747,1.4480093021325369,1.488831577876578,1.5782935668505553,1.7022543488686237,1.8721285040868048,2.0469164780995452,2.275074265451582,2.5693646459473514,2.9347279577859138,3.239727129248929,3.366854119885454,3.254412190679901,2.8701653821156827,2.386286897231947,1.9918827134836827,1.7164114777957684,1.55272022497523,1.4179166168078752,1.2397647770796452,1.029873902563137,0.8224277641708134,0.6339561846935116,0.4723598453380244,0.34346967859981287
2.1338594325899347,2.49493210738407,2.9953478676373684,3.509064675256061,3.9028040805991133,4.187012532673218,4.514518286564415,4.949748462281998,5.348357420285369,5.535031554400293,5.469863489438589,5.210402818668531,4.763770333421839,4.036311629937092,3.0561532327436156,2.1512237409764543,1.6912838841134779,1.739886391063057,2.0547623371710055,2.32101064147016,2.3890706979043466,2.3589993127412843,2.4497689935664813,2.8380482278050287,3.534746567983002,4.350636330430562,5.014589259820186,5.268961563546287,4.99431869346593,4.282428456277922,3.371078195850989,2.5547195723513143,2.084350932295492,2.034313179140705,2.2389498246583925,2.3954798840686267,2.2988472010705445,2.0029476113151237,1.680704332989297,1.4114028236023874,1.2080656007164392,1.1698730567624867,1.4695410256787091,2.1629179631604436,3.088662574302722,3.994123841755743,4.753657729522564,5.38487005073507,5.830429050903628,5.891050035972851,5.437117543583219,4.613456967324671,3.7204012824088744,2.953334723606879,2.378226074368687,1.9967819495138854,1.743958914761913,1.5315314666106645,1.3563614031154456,1.3727235874511072,1.8050214079126203,2.7128323697820536,3.8830126108535774,4.952891673249788,5.55272204408894,5.462407430536016,4.761513331385718,3.7884252877770033,2.898245640495341,2.263596880861293,1.8877436118082591,1.705596577388539,1.6198137635612084,1.5027572084316314,1.2490815227478878,0.8639682159788761,0.4724053052038607,0.19913397158492935,0.0644938144457301,0.01632889580636594,0.004482848708508123,0.007692206909973717,0.031752390066795894,0.11390419048872084,0.3282248241041655,0.7306952474475937,1.2365527233144538,1.6446151669862552,1.8110619739504437,1.7030620782871124,1.3721802019403488,0.9437037986662762,0.5847248479527983,0.44564254930837094,0.6318182033015162,1.204819918060812,2.1471220257603525,3.246308261924915,4.069534972361501,4.325309862860648,4.1426456731647745,3.855301993965049,3.7242768765160164,3.797871123677683,3.9363728685538155,3.967751531668946,3.825157394005958,3.569629678724712,3.2999078430514595,3.0563608004467477,2.8156831188362115,2.5657825917154318,2.3941156182580547,2.4665883073427386,2.836846096514015,3.288573007376457,3.5088001541846134,3.3811517253120913,3.015479360222428,2.590244404427007,2.2598776690330284,2.1537735325304275,2.3148580410088107,2.608529142396948,2.7739491774994725,2.634670153702886,2.264410593548512,1.887522924047548,1.6679174431589676,1.652245200985393,1.8314869726471035,2.1986038068850142,2.760932617992691,3.497558445470811,4.302824860087595,4.982220343060401,5.32312502214829,5.23334479399018,4.835116937398693,4.362708463656077,3.9450454261873724,3.572155297163261,3.2323444930027074,2.9495731165585295
5.073624106659243,5.320625027306565,5.6375397465605666,6.209643248104205,7.2283763706869895,8.717468495270719,10.403692630574124,11.803137734668473,12.64765303342702,13.183181611018174,13.820628862601358,14.594019589422572,15.113791656894637,14.928761840502773,13.844583524213926,12.025461523052611,9.879312066469893,7.831395247027115,6.1938078534615375,5.154622843819946,4.729807892043132,4.750999697271262,5.038764811141553,5.590530278571057,6.510212642953123,7.7698802869320485,9.260020178613669,10.837164200849035,12.142945802251358,12.727816063632915,12.389372139860916,11.168304235284864,9.265463853269576,7.098821543527971,5.22867949316429,4.1215166439153235,3.9527261798699045,4.523645236872253,5.35518291551303,5.923065033587823,5.963065908799267,5.6752755412969025,5.542089983015549,5.949949318838511,7.017597313952871,8.648250203285274,10.566082686925407,12.333799246222917,13.540951233828611,13.912147642569598,13.282126962769254,11.873859585433484,10.369549540094143,9.327548443775541,8.792100636568184,8.488402306568211,8.207955812084945,7.978616236539487,7.964303388750852,8.32853692139168,9.195839752612986,10.594916625252138,12.252918497675125,13.54611131036884,13.861874710125837,13.019865062758777,11.385905312430364,9.572889713088792,7.93536213164315,6.467825196701253,5.115537809306991,3.9284872683074967,2.9821976280367015,2.278273803349525,1.7264672977261823,1.2246473991381213,0.7680305702803599,0.44661500964472917,0.34658513840788435,0.4994580399340136,0.8964290181655116,1.527145782292581,2.433986704835212,3.7135959287164098,5.374183377878428,7.1515322820553475,8.635298867409128,9.663709276702864,10.386696852671692,10.926043995763772,11.107853624421494,10.678531547182477,9.721968692696741,8.67031463669493,7.8816757419487615,7.350146250480042,6.880768925685631,6.4429133643142436,6.206966266622477,6.23780726202087,6.438502137196037,6.702193880841913,6.923808320779342,7.097836945548011,7.379115072155477,7.8238003232537325,8.178787643097705,8.0862743770119,7.374908689686646,6.130516434535878,4.627146856382113,3.2405046872654437,2.3503443161815185,2.163591029875559,2.5775937884027385,3.2789739257176054,4.002586219166895,4.737750856613003,5.663644120807982,6.8592953662519935,8.108651079065444,9.0162784438055,9.373995647916436,9.377900373294986,9.357625172483939,9.410222133415159,9.411197405574118,9.248426920938684,8.895579872998319,8.34486258417557,7.617572387702194,6.828299186422457,6.2320643509045555,6.144960497376189,6.648744710032209,7.402569294751342,7.902292892422151,7.857182254771603,7.354567525646186,6.784952371358872,6.478424597080566,6.409534065764539,6.368033372170259,6.2255095560498965
4.71840149556389,5.196544473409515,5.639377128685341,6.014295603145608,6.216435822882844,6.134638997927928,5.843375642170002,5.581551176974736,5.4863262527454815,5.475318294382188,5.36869768163899,5.070712267211783,4.658210194141749,4.344342140486395,4.35405869588829,4.769293432316202,5.427616901826156,5.982288046958335,6.164579716912822,6.018093572970437,5.805459139035904,5.701857918114346,5.710280997241874,5.926251473226321,6.6221202312202765,7.9518899729309265,9.764754256794502,11.531175996950903,12.486480268090617,12.057728827985892,10.291251983622258,7.883611782603117,5.75175296971539,4.47827804803085,4.102232636722023,4.2926281640615676,4.581010496246807,4.6044672116579335,4.288043022290112,3.8625233050643373,3.665021363981109,3.7900961690774766,4.016337906656274,4.10970967720536,4.068282444511545,4.0656127980108385,4.241985289027577,4.576329008793524,4.941486278960766,5.215866545873066,5.353390380067428,5.42083684940291,5.455157487721476,5.36815865545393,5.117484628005715,4.861679182549738,4.825962286054908,5.045849513866097,5.380702377213632,5.709757552606641,6.002729971041592,6.226787656857259,6.327286927396021,6.320880505477794,6.266257386824285,6.188362039460998,6.110133755031266,6.0894882748732595,6.121207047176501,6.064433432119761,5.7691608581632945,5.250639883578431,4.678760500634651,4.168543046195216,3.6380110991899945,2.9721823883171643,2.289443886375164,1.850775926323506,1.7681140932119952,1.976597056598072,2.398465605588373,3.0029956082935443,3.6951953328122427,4.219092836031821,4.263340209813569,3.7416818280586512,3.0033671585477393,2.523934372117087,2.392000688831406,2.4181112382743324,2.5233181893053827,2.8269834489655916,3.472616717159975,4.476134976944404,5.713931733490179,6.989688101147818,8.053380887461072,8.57677339006385,8.396383618925398,7.755123520273186,6.9672923623375,6.242956489422341,5.811561876980239,5.79397732213662,6.050534146356895,6.285870593725325,6.272530606546579,5.996675460781727,5.599951047455358,5.2303630262041265,4.998968705437101,4.979271852754545,5.0980077324693625,5.0616503870953355,4.61382775679433,3.8999361486574258,3.345173169367713,3.190430092867449,3.3667253812457085,3.7361788327789816,4.227116315203049,4.751777137496689,5.203317106689862,5.605008758053013,6.11471234773896,6.808770149041834,7.56002488094244,8.154046805528399,8.440699555708694,8.352453748944816,7.8842392877996925,7.150454275749929,6.426732898453028,6.032551026593604,6.068005159264178,6.29563073645935,6.363363426223112,6.095146577006348,5.582530251690987,5.044989770832478,4.587106900830809,4.168938931168844,3.748515606644726,3.3324703868976293
10.674962277557665,10.443341981874783,10.132698176074957,9.692394938257605,9.156084568637237,8.621221910149133,8.225825253216076,8.080777702203367,8.14024215183748,8.329380537645662,8.611041273770775,8.952776965385038,9.199225767062268,9.15174162092626,8.733042857824815,7.801560399105034,6.537271471859597,5.202735862227383,4.0561068134375,3.3073375178125284,2.965785719148836,2.983894882832759,3.262337331995836,3.8800829822522,4.888576276101903,6.2471594146958385,7.681029346798778,8.774910458177095,9.188733361988387,8.910816269764242,8.199360042154385,7.3864759509519144,6.706281647966544,6.251720187980135,5.97325793517919,5.729392207404199,5.576461465052974,5.434788517435358,5.371995215307839,5.450905991577741,5.612280424029729,5.957934281823608,6.609175538365863,7.539073315653769,8.661829009808297,9.830276478739659,10.941915199762182,11.77313154031717,12.243262599648537,12.192429945924246,11.631484340266669,10.788616434269143,9.835355890039144,8.907324562113336,8.112009378604814,7.4541725567735195,6.901409818681747,6.528644105758448,6.484877048272452,6.8899895032941885,7.728217321315904,8.864205831153196,10.129631898887322,11.24024267932224,12.017117308984492,12.042438933101746,11.507973902226961,10.454265766206728,9.084494799179877,7.546715819197672,6.07420682939963,4.765209852656457,3.8534062759381884,3.3817430260137846,3.2846694714205604,3.2599994023673404,3.231457551999265,3.154377657984281,3.112271298792528,3.142938273856495,3.241875237337053,3.3779378472180452,3.5564718110425995,3.7184928481924415,3.748799188249838,3.563026827665021,3.198567683597906,2.822799413511484,2.5486046126751476,2.35012529960584,2.1746447155601474,1.9603860446473802,1.7578714279887127,1.729808217998261,1.9911840155278882,2.6029000989631816,3.63206666241215,5.108099966129435,7.025118738444687,9.19007985200638,10.769027689740888,11.407148148123271,11.051686538099908,10.399883548036584,9.693334311546009,9.036966480304566,8.428096973552469,7.9940880395328,7.7162608097218595,7.629563764762293,7.7194366973423865,7.920079850615974,8.189227087867966,8.502965048017135,8.88576591883638,9.323680644197575,9.804821351831547,10.33817721574227,10.87885933344783,11.21447743522583,11.161082040289582,10.577367071490771,9.63994044931675,8.556575338531553,7.473572395394884,6.396986290277625,5.402695879804113,4.538145604486944,3.840201878632526,3.3831278942709586,3.0512157490212712,2.896676786450662,2.9988203257724417,3.316875147722476,3.853545955548241,4.498685935921172,5.124074408990218,5.663688331154567,6.1230085255021205,6.581154797304313,7.133943581174007,7.65354597292265,8.093978822012769,8.430195280988192
6.324192145006444,6.458162741506871,6.943225524275721,7.874726813294191,9.294907666468873,11.168425234906021,13.25541201023348,15.234720989221747,16.788794306720455,17.8128570587562,18.23500610056913,18.384087948392537,18.413310714208755,18.352420140933933,17.841117049236246,16.83273701986314,15.381890633409402,13.842078124249872,12.483041225212942,11.388449528379821,10.468813597136759,9.717989630125313,9.310413880205585,9.544675184025266,10.625297913090703,12.381033279421699,14.225120560241262,15.314360740454713,15.25527284542344,14.227954955096681,12.658822785804428,10.876730483313363,9.113647649369481,7.5862134059110815,6.436659210651695,5.704010378807287,5.337671133251043,5.20174782025284,5.158355293653407,5.1851414002351754,5.253110035592953,5.307628419704821,5.4470106215943535,5.624465287346299,5.956566517376765,6.661436235336053,7.886530624649209,9.640760530792628,11.582018709055014,13.372377295718033,14.557804688235171,15.160301410308957,15.12998911556743,14.761713081155275,14.292284839564195,13.605754218922709,12.672618687348782,11.538847814346337,10.40248890609468,9.567722957616205,9.360228548674108,9.961370282138919,11.218931759872788,12.72225262086215,13.742973425764452,13.761817092830935,12.76427760530017,11.103099409516979,9.28873569108317,7.664158965341231,6.363384397114524,5.2158109240133,4.179386287544805,3.218572917137756,2.376490184476308,1.7231119171200195,1.3569523919985471,1.24202246098885,1.3821102524875806,1.680491348921382,2.094948955463145,2.672908127431761,3.5696518625412716,4.911865337465742,6.69212569023875,8.724100020316136,10.765750352255125,12.622440995786821,14.155330617937116,15.242004450459708,15.74052983153106,15.46677611713454,14.537457220537766,13.054364109549951,11.360330766990808,9.853983488369476,8.72278679389174,8.148515295635658,8.145912654853024,8.811252065304817,10.114167882172096,11.803502787648345,13.201535333520514,14.005762154995509,14.218916425053933,13.923344957059106,13.20298846566063,12.147174265206093,10.863514966618544,9.393249896701862,7.873733973309891,6.428743571780059,5.227806335885776,4.376319215430565,3.8966385794743985,3.7753335865906417,3.9415764411203895,4.270597078204401,4.689478981506227,5.294569485343875,6.24555231569894,7.690050361112137,9.615197377230833,11.883970327550136,14.107508485584571,15.840358089445743,16.61865944462851,16.560752612453342,15.670630372660412,14.379766405370722,12.886529565307319,11.437935625886567,10.018559831812606,8.746184047943988,7.75080901136995,7.128244358139831,6.962531743948828,7.070476983463216,7.186202785483746,7.098831167124395,6.77038903652721,6.412193693564282,6.134762431374439,5.993908122966767
11.706573752819278,11.851534803174324,12.106933937660958,12.59526905187747,13.31783244417655,14.08825986256605,14.771885332172843,15.26392179564062,15.469886799521328,15.220396393313118,14.444001946848298,13.43179294009461,12.393785236498143,11.513687390270361,10.693508303362679,9.847109181228653,8.863214840408594,7.920509391957468,7.039388144987379,6.306092155414816,5.766879207869788,5.577190279345072,6.061029579578738,7.377782971140293,9.612655252991912,12.067759337802366,14.040401495814319,15.396607117880679,15.811760468026156,15.279488666920244,13.976544635734399,12.317580250533005,10.863514229921744,9.951544697275729,9.560392088157286,9.310202145073768,8.885288646234285,8.185558964937483,7.518866528807881,7.2741054139967725,7.628082865049193,8.458248250836721,9.496618143260902,10.396037628875947,11.01246475485862,11.347222182737319,11.507420531826721,11.63971524110301,11.877759180348281,12.182585081874363,12.38398768288314,12.438568503234993,12.387632974113268,12.222098456527014,11.74892510353975,10.96036666678403,9.990868555995439,9.048536163768157,8.461905039310519,8.531196037356668,9.284090027711477,10.465451512405469,11.520120693765772,11.708715012235187,11.15394368213219,10.141701462878379,9.053440103429402,8.116224841671082,7.170406596284295,6.021452182254392,4.729966079892304,3.5167772231315593,2.7129802891966315,2.407774787926976,2.3921901713524223,2.4277440224844766,2.4161532297470116,2.423540341636689,2.4944042062970633,2.8226122576834074,3.5521059734818454,4.7207961363490085,6.277642640987372,8.124244859814063,10.174009685343801,12.244006393655747,13.887542602598757,14.76928919537058,14.81344719266683,14.059953388309271,12.688899284371884,10.878523235708226,9.006675765234885,7.535511644640462,6.760858166739059,6.768856029975846,7.51831012962987,8.75950836079965,10.078321979299087,11.098389756390597,11.742356438243021,11.999926604007333,11.856996738245586,11.429078249395223,10.832776755484685,10.09635864962253,9.33293126280379,8.605070801613733,7.947408767443852,7.304044180475557,6.7960546501067025,6.691378736088385,7.0581343434291215,7.815845652401104,8.742585457425582,9.781404688328685,11.033224072134681,12.431230085036148,13.952478274458377,15.40039753721173,16.35553260222075,16.523002630621768,15.681129638935179,13.9779248232764,11.921114925807142,9.81900028347873,8.066306133166796,6.791794884343415,6.016012237281225,5.683535272084681,5.815523470006859,6.338761371382157,7.121982546764021,7.773041622693354,8.093267651817301,8.047906289140522,7.884344864370931,7.744929685280116,7.515444020862976,7.032702935243856,6.306695955717869,5.52816451921635,4.883792612333789,4.422202849271451
2.7485722574578535,2.910972688705112,3.0940998658921397,3.2888357609691288,3.480410111003625,3.6183689712655234,3.73236889045537,3.762560168812148,3.662799473083135,3.3618932799495393,2.8767517381836147,2.2969478161535144,1.733058826988622,1.2668988434935253,0.9389028573084146,0.7564097292407813,0.6739104575869299,0.6699003806770228,0.7160383897444217,0.7590156358814905,0.8143328740014809,0.9430442814662451,1.2817886428559817,2.0657945093031964,3.4089721937554915,5.188803400641834,7.369535850380897,9.928283935277134,12.786643084709596,15.522475023615003,17.507866162060193,18.32557522109902,17.788138613209878,16.174086902217955,14.000815984588499,11.653487171716574,9.508079040117604,7.825493779125877,6.691813808911149,5.962970807082555,5.3963890721480405,4.820788956254318,4.306958951695745,3.993657204692979,4.018764303235983,4.32241376283398,4.707448395768784,4.923785256326142,4.854424493496781,4.5730941999175885,4.206546189265307,3.846232488183623,3.567089790574336,3.538423371434928,3.9706933518432024,4.98526441546285,6.63471240924305,9.057100141352965,12.622316069596367,17.84908722393585,24.837556551614593,32.686886959452245,39.50810489860023,43.65051262927793,43.72242769481325,40.35673589170163,34.04823516130417,26.49352057905548,19.16187489303973,12.984873044069833,8.274972872267528,5.0931054462989,3.285678401614226,2.466969267986458,2.1667689312136997,2.071902062739931,1.9412007237181204,1.7961565647895728,1.6895546137125388,1.600743037929157,1.5505746344074962,1.4442760291605081,1.330361092187576,1.1775695865750382,0.9979801020998896,0.8470694547647271,0.790995115270212,0.870026727321218,1.0395699304445731,1.2293807170632471,1.4322552961780395,1.7113708023374652,2.1567879031626633,2.9116176151158273,4.257637525669621,6.678095274652676,10.598438613022529,15.741379756463942,21.04391547550452,25.475998532830133,28.45071897760279,29.910131581475493,29.73775367126596,28.12258303586127,25.16428725674834,21.125558759231467,16.619362262669064,12.41846302368441,9.027656810972527,6.53401243248573,4.8116741557811515,3.757775582368609,3.165465828904024,2.956560971677331,2.8847220272593077,2.8063419850363664,2.681611064843357,2.6836086723248727,2.8839952571698513,3.2014651251003934,3.549100130395307,3.8028000789590437,3.830216973339694,3.5161185578342735,2.919872322092221,2.072502979444827,1.2755796953459768,0.7270111254609539,0.496935631278183,0.5627002570284221,0.9012070837169293,1.480264331626554,2.2841116387397173,3.235459548482695,4.256779149179833,5.208974369599378,5.943511693843904,6.382435258783288,6.514311698834286,6.415377568325068,6.196317805942002,5.955953224083535,5.758456392580378,5.630364886368896
0.9781579827063392,0.7938551241206375,0.7798234062121544,0.981866071103635,1.3604308731550758,1.7642573911141233,2.0267765294922544,2.1689837426750382,2.1261051624870544,1.9222542594863812,1.613704837094472,1.2135749208990707,0.8478087592504155,0.5802879351099309,0.44453487532719455,0.43035162722636494,0.47628091272055895,0.5365553746237208,0.59612084391358,0.7101028049091472,0.9177544832783572,1.1842754043808101,1.45394573052374,1.6830365307807886,1.8199833044437141,1.7746954973210158,1.516607521098613,1.201798109309733,0.9801548320649627,0.92869594273448,1.0038533062722104,1.100776592925606,1.1685676439773118,1.1684161850996042,1.1134320654034477,0.9935142278092002,0.817710788672279,0.6057175785759522,0.397932541178174,0.27068261276486943,0.2919031466977581,0.5198318279090972,0.9351640573285074,1.4272435582251723,1.8507319969419582,2.0515659341735724,1.9710817308634068,1.687172406003547,1.304551824676604,0.9566422451948462,0.7301336907481761,0.6274654448649399,0.5719081624482315,0.4826785916547353,0.3582522663513021,0.23668537765662798,0.18349411849451658,0.21968545044933332,0.3316784175823488,0.46045569456391194,0.6082008993896024,0.788211683284408,0.9958000991310327,1.1833652497774354,1.2509551590638817,1.1768547121161494,1.0256347181920196,0.8892834031691792,0.8261851984019475,0.8212956280980717,0.815280776690599,0.7441276188052196,0.6168017166232203,0.521158542851606,0.5563196095183099,0.7579347441266403,1.0842651184035716,1.3913928381521614,1.7021380196872828,1.8926956522049365,1.9706320967389752,1.8818232411048024,1.6425072242382135,1.3113864206321588,1.0479259636533471,0.9240803599400924,1.0317986261431984,1.2173620230421285,1.2923570804264646,1.1892703509228726,0.9520125539752559,0.7302791696484889,0.6193227560853944,0.6131804592121594,0.7031014513651229,0.9261368368545803,1.3279160913796304,1.9103709181990545,2.5671987892379424,3.0170138613853097,2.981709746474209,2.612906436059843,2.2662426888972784,2.1118739674188127,2.0911722090861558,2.0719249014060503,1.941968584375458,1.7544324186454325,1.500064719836582,1.251585095132449,1.0505138581510727,0.8830976216686014,0.7636769247451095,0.6480212584826317,0.5357106535921651,0.4217943775278059,0.30820247080638885,0.27444521025540936,0.3314123840479581,0.4556543475728459,0.5986321273026637,0.7327028966126415,0.8627119974145004,0.9705482363716889,0.9890105664304177,0.9031786350465144,0.6962246917328645,0.45886890409235126,0.2716899254518967,0.1908301037876576,0.21697968730707967,0.30950859686892285,0.39552593701174926,0.4430253496260803,0.45596872239164377,0.4817441128027023,0.5328341435210684,0.5927380383797863,0.5962617946360526,0.5768479712748344,0.5582052662969538,0.5399215296737051,0.5183928319779912,0.4895399922773608
8.222626171620604,8.795569691676251,9.37740519962798,9.844170480371393,10.084652115274634,10.073955377516658,9.83269340950931,9.395236384176188,8.792846436287226,8.159980024179104,7.6910930311246695,7.639977394410513,7.956247387317914,8.390929666495792,8.55416138373666,8.277168091273266,7.533371115491383,6.612694118517945,5.681927210965686,4.929606299767327,4.434312869615878,4.226602543321039,4.463311142350986,5.0199892275266045,5.852284985684307,6.715064728708755,7.437288255718359,7.8765011964601594,7.789139677152701,7.292069253094028,6.584111484105699,5.752959876173511,5.115000903385422,4.846800098117534,5.045889754209999,5.470949104908225,6.086897833062775,6.731233500940061,7.261076269254289,7.6168750836945005,7.710306547353268,7.721094688333318,7.86598734651431,8.167942324418282,8.721741434450413,9.411314587520936,10.110205648583813,10.671952852084292,11.049168002292399,10.970302416627659,10.421199208493455,9.365049388689899,7.963563592247111,6.402322822384185,4.955752009746107,3.8304026812185463,3.1587754935511967,2.927948623560146,2.981501867676013,3.068939906807238,3.0672042919835145,2.9642607447019667,2.891434471248107,2.953896225235499,3.1797224804676523,3.442810497181353,3.606467354584015,3.6966068250644892,3.8183085204095875,4.033280056818522,4.252528461107218,4.371692968553465,4.403381521094233,4.488478306324323,4.7592317996428655,5.208898508555898,5.722933561787775,6.216961369732555,6.693040648294135,7.175792707108389,7.5472600931917855,7.623720288674752,7.33963089220192,6.707756786181227,5.936221057685628,5.271599204134416,4.7855895319276875,4.484354561866533,4.222140664808657,3.9305096945797495,3.6143496068936916,3.333900553252917,3.095872177283385,2.886775266748148,2.782743002880136,2.805045969134773,2.9227970704196866,3.0521408331621753,2.950774785501179,2.750907266152131,2.449806618250759,2.1079988445820224,1.7602459246147009,1.5032549432761257,1.4529944163726174,1.6767260668043267,2.1387647418593194,2.7914269926104507,3.6027675583211662,4.530435811983219,5.431794105028944,6.257407750681626,6.816993274742907,7.166886704336639,7.276663183016186,7.268273802014358,7.209226097192433,7.052183471300111,6.7141395364171075,6.276424234717681,5.725880233724153,5.252638209809864,5.035116034111723,5.080447698918177,5.185418875501179,5.233118253063383,5.237351347152096,5.135965100736499,4.929193963877866,4.595614327279913,4.173284099059514,3.8184611183049855,3.6023655745719854,3.5199113174895946,3.4371239728278136,3.3097290854442276,3.1292818561287086,3.106203779366558,3.402407840858145,4.013702229754106,4.807753770331018,5.6446037195647545,6.432347162622215,7.139802974790656
3.266376566824302,3.5826244967089207,3.926525289897662,4.248352861386247,4.5027999530716825,4.7492253925552825,4.963791559772455,4.960500308802242,4.716277488982201,4.33965634852509,4.107854848758479,4.181473461640906,4.522675210584449,4.985309415126633,5.450178684388391,5.8610183929007444,6.187313660379399,6.219837659342986,5.894114637658635,5.08829360315088,4.013437424276571,3.0657260576741314,2.5401784215673424,2.646760596868306,3.413281231429261,4.506373668328563,5.448767305011093,5.90684717050544,5.730301911168279,4.986079101730051,4.207199340716933,3.6910610457325563,3.6575913628488013,3.846937078389977,3.990672472473534,3.989597627690497,3.733196740630868,3.51437728547392,3.6432167550901795,4.0536575648024895,4.497578846514046,4.660522767629821,4.452730298844157,4.1087068074993365,3.8979157254853782,3.8491376009996747,3.842669435076043,3.7812315563128984,3.6618790399708327,3.4991308341698564,3.2243337866882413,2.8584422116157975,2.4776362405539536,2.13714560034232,1.8833723563856042,1.762515043814928,1.7457706522339005,1.8176715415454605,1.9262272839572452,2.075775481042211,2.285027522828499,2.4719904371159958,2.52374568007182,2.3899992085325517,2.1164721852660233,1.919109470688202,1.9971194608039013,2.2898347792684546,2.6666058730020357,2.814438333384846,2.7405064261041683,2.5065056090724926,2.3242307498330317,2.3239846395618238,2.5134310817794834,2.832347108985588,3.1156737260545464,3.23676282302965,3.1349053414916845,2.8776916038067775,2.8630995409452895,3.2460448363527528,4.0060241379104395,4.723671024696671,4.92675932414724,4.506055803201044,3.7874205849704987,3.1506008197651516,2.8661089938857462,2.752304279339222,2.502187821229052,2.0228439746373947,1.420377899242472,0.9707692704480881,0.8455608599553721,1.0226959042096915,1.3435769498631522,1.6045060909087665,1.678029571191237,1.5774940607579973,1.4346631001677395,1.3901172224022345,1.4846217395353825,1.619790926874276,1.6810012320526013,1.658643167271212,1.6013007330646905,1.531721654230999,1.5041962614104873,1.5590015365202807,1.7472570816197877,2.0307997175605537,2.4002849473938235,2.7585316484326246,3.0416027828577676,3.301050856601541,3.5402835064180467,3.6353713485975323,3.6821618628320993,3.5794489105298064,3.2581699402522584,2.8105636817169874,2.238237266555055,1.7188844128995704,1.4313871912249845,1.3604504211296846,1.3927880279582174,1.4298868175061696,1.445426606459748,1.5200256242904209,1.6612203660500855,1.8716804417529294,2.076987368341954,2.2175729496557377,2.2611392514000292,2.2268810194877218,2.3301081190194743,2.720947042974975,3.3529202084501537,4.022544038522657,4.503772488395997,4.687011373463907,4.619257722485144,4.412220014042593
14.280947631852921,12.71440038486314,10.941552834134596,9.452878718168956,8.609127979249687,8.32887585860273,8.32928183861552,8.528004157166274,9.040747044073582,9.981132215854467,11.337779914493876,12.814861832030203,13.922758671665148,14.342236631471135,14.06100087681243,13.510766454480446,12.990432208869152,12.62995318714682,12.402575220267355,12.281277588612298,12.208035738266444,12.170955729323806,12.09230517479756,12.261076108265314,12.738609503831464,13.652943744418037,14.843654902592224,15.9940022074155,16.51542506489702,16.211826722075457,15.091061520164356,14.155540400299236,13.966592044076663,14.63703369147253,15.734748372011987,16.20956810703462,16.285507074883743,15.724122500102538,14.492706725698085,12.523921751250727,10.405258020082954,8.587908504095822,7.6634237464360515,7.665435825656291,8.41657998655097,9.566146267620613,10.827134363133723,11.846388262206801,12.187349984611938,12.023514323580283,11.245625659016742,10.121211372308704,8.859468022752267,7.651286303501108,6.605567381191919,5.731037304024727,5.132590457793975,5.066668457584339,5.8513968990969625,7.584655310515656,9.92141392518266,12.077292511109844,13.488527524562032,14.005830478087088,13.586271821587626,12.990745881747433,13.103087047711702,13.85143012147113,15.348326747460584,16.380366801213317,15.957280825277838,14.114625154460208,11.297250008786847,9.000776096702973,7.964542476703359,8.459014984099563,10.34144636142563,13.001851608516517,15.921335440783084,18.236665223532988,19.82578574675839,20.128712813626887,19.29382178971658,17.477827676296634,15.078360674898224,12.412711004810976,9.94558217957055,8.080086343724103,6.642976046048733,5.712752831735529,5.302529427909766,5.657953661532586,6.890025388178526,8.746665628586685,10.825204281800271,12.635610757797744,14.015482631530023,14.985923984565185,15.690194298150505,16.15666619055598,16.673227242134473,17.260930168568223,18.156453090228,19.352264245305662,20.874023778790672,22.34249489253824,23.023316627948635,22.78957875005451,20.82506744468529,17.779307419204184,14.229429170748707,11.03435609608818,8.824973364982798,7.8627964743815975,7.5678196893745495,7.530207468084893,7.526376839875688,7.800728484288351,8.386699304573067,9.088579500169919,9.448876241230652,9.354685810625591,9.035384177155587,9.03146082069402,9.699632287320982,10.953532155094209,12.345040964953657,13.376512768565505,13.549358997454656,12.878765642405885,11.604167430839285,10.071313695755563,8.631846389683144,7.554221273430869,6.884142459805263,6.4836672838176055,6.174597157542885,5.921016103410617,5.881447592498667,6.214041893572363,6.9155576052347785,7.826489451653978,8.728554954332841,9.48772744377612
21.842459281240792,21.758629674522556,21.12806236557429,19.703766736343443,17.954143835357325,16.62728007702311,16.112723479191786,16.28642348061973,16.62604457445272,16.742083543413717,16.503129501971678,16.05557890765858,15.612474620016139,15.331373784786255,15.092997215910747,15.113120566563051,15.53751900763989,16.471517392290423,17.78293755942294,19.111697516506954,20.268646706822516,21.03892139200636,21.067342519289145,20.256807305731453,19.044308966107586,18.322500403418186,18.474567966596233,19.305010983574128,20.530373169921607,21.726470672528503,22.530462262144273,22.435433964034825,21.299989370186175,19.66686924896806,18.30933060646669,18.00649605124627,19.31572234687951,21.589589849018726,23.598342775439736,24.47579454608149,24.36585508130437,23.784216943830447,23.049849708791932,21.879703891652063,20.034572600799425,17.623512232247105,15.049683193309587,12.873630287218557,11.52808758999004,10.903645844694848,11.249289465016792,12.094787951911544,13.143755745246846,14.178193363635204,15.29909695631859,16.911346394896366,19.601956607071845,23.630932970670383,28.370468351995992,32.36317085835088,33.67808626812344,32.43784609773325,29.211723457527103,25.399703706591033,21.996423703989326,20.01719396522619,19.495557915878326,20.107250285114194,20.598551188501997,21.3256853567656,22.108966494250996,23.025807204212242,23.852406557252888,24.07720203577202,23.955487530385046,24.088326155417274,25.162672800765844,27.193714246249307,29.774934849694073,32.510282430061984,35.0312807047243,37.1190701604949,38.003633959277735,37.68179135577265,35.66752232845472,32.88898464902504,29.849226952674947,27.46842566016256,26.136360418645484,25.78330533934157,26.583188865911726,27.855230831566843,29.278165880922785,29.86310429900664,29.537985337726727,28.3812215713711,26.653916701842853,24.66043485366965,22.147428167911613,19.39679748442405,16.782071991535183,14.419590166732885,12.595064844461223,11.605497685750468,11.74492849574771,13.151971322048585,15.749104563713301,19.25589533251986,23.331270787057246,27.586827631187532,31.518306239831222,34.51032885345713,35.58725123796803,34.25933627232125,30.917989096963968,26.557058190486877,22.3802850397181,19.051818399760702,16.643329686582124,14.928913672353556,13.527610805881903,12.31075848672405,11.430427295610599,10.92845357634306,10.921512885046335,11.330225096824218,11.881091346372443,12.274490276726256,12.298799386739063,11.855557836799367,11.149177652768017,10.324005247420198,9.662988231174092,9.344187739211458,9.392717362843765,9.566790024114876,9.906970720941375,10.999620523578175,13.224155827997237,16.255146187062202,19.27530797886144,21.691998572337834,23.410642492000648,24.6735504019379
2.1207127407371837,2.460532945215458,2.8386204742909564,3.1447570760782293,3.1576466359907807,2.9264276881933373,2.574051784944558,2.417888938190582,2.6190336102262446,3.2079205689432677,4.028962980750169,4.619710263085885,4.681162222554722,4.301304268706029,3.7415842576791696,3.2870929894963288,3.051975975344968,2.9714847007259206,3.021778712103377,3.2109615580784654,3.5828590771156317,4.041074347304549,4.507726722184801,4.627098215338003,4.303746157050161,3.7506697996636595,3.5063797915528423,3.412006098238293,3.459055061438762,3.6813075682502734,4.071627349314787,4.603109954539989,5.1636322378248085,5.313379185641207,4.57473998599708,4.037176088521069,3.6306011618323595,3.157872811607179,2.7928851631361993,2.593375582455624,2.5404511261447085,2.4543580791371564,2.0433373622122586,1.775465398279431,2.0492990412049807,2.5436933207221077,3.1299531809064702,3.415721501296545,3.3604064090642995,2.8713932785110234,2.201212171183796,1.7688292568449435,1.5246000484037256,1.3216866814523425,1.0493668572156238,0.7996690528812344,0.6809314595883577,0.7411207942627376,0.9745589546472873,1.3256757635982142,1.7040573154070104,2.014640329325968,2.2607135177445117,2.490477194683388,2.775256355429749,3.095860953467336,3.269062438361444,3.2235826423736618,3.0465222155176637,2.827852685333311,2.788051374281506,2.847578140883996,2.94831332191245,3.0255615098521083,3.104025828343737,3.241572477159209,3.3860398359063706,3.4534532179924953,3.2583461627556645,2.9937628987339635,2.8268830827971203,2.8910030586926516,3.1186043877426113,3.336137304704344,3.317373497014179,3.037983504031584,2.77007942433327,2.688397185990364,2.8008312966715296,3.070713578028107,3.3760195151121555,3.3908832946299468,3.0672667252176997,2.4936748289427837,1.9783296946880817,1.837995015459364,2.0752968086140586,2.5426196923352644,3.0425252684082493,3.2585210936186213,3.1351154396619454,2.872173547793995,2.6688330995569616,2.6613657741353243,2.6392126679740757,2.527764616226772,2.3447986854043226,2.1330844609559745,2.1080083889314323,2.2069580348755338,2.2985414605163155,2.2573224839771777,2.109184487878532,1.833937318897287,1.5045654501777197,1.2368702022222624,1.1260658047537517,1.200149409406857,1.4217259373708724,1.7018913123182624,1.9408100750068198,2.171120100624693,2.5285862614388415,3.123471322086795,3.762182610518795,4.151869417663044,4.144665019788629,3.778064774508323,3.3287824059897915,3.0227795574861838,2.9235080516952077,2.965639082609419,3.081214731408235,3.189176187917803,3.1655037103498946,3.020024966397104,2.7291477545248175,2.383059740554289,2.1178510410866433,2.0143861980036557,2.0344142667824654,2.1101860744975554,2.1948346746722103,2.2707243869405707
34.818967805130974,33.610850681662626,31.501721063888134,28.36841392375712,25.258718435197373,22.212434821432723,19.559651464356534,17.581325590796823,16.29521554485574,15.68425394892788,15.636833842837206,16.22573689068913,17.237238366304407,18.510020449767524,19.770133817095253,20.63268363197567,20.571807503239338,19.425377966902634,17.37413805609167,15.04491791980244,13.137406076311317,12.24843119600062,12.603125725623336,13.954741577820274,15.79076250758614,17.89084517325721,20.05999121232061,22.38232481427048,24.79071920268621,27.519853452596486,30.940320594309103,35.19405834556983,40.112442649412046,45.24314688003732,49.632093130415086,52.20263216133989,52.44415667897186,50.091377433135264,45.638010568830005,40.26796095468415,34.887300262520355,30.006773932612813,25.843268949094945,22.455836430272154,19.87053078969103,18.096801231450286,16.9850228746341,16.170805631059498,15.206158648283633,14.14092823524095,13.088613629525248,12.296827464819966,11.894530433620496,12.092283297778607,12.817353193809272,13.550687461775333,14.104886048366152,14.354160445764949,14.940263582083247,16.672806853296187,20.033864229554446,24.639519334562536,29.387314074392158,33.01813321169366,35.00867193263778,35.76450549984492,36.164264605689105,37.01402705140512,38.732085649771186,41.29361328665767,44.42018079624327,47.27247317469639,48.366660484194604,47.52714353649824,44.80205312080414,41.15981069582579,37.17156184166372,34.393428101307165,32.25358621830146,30.47214137112904,28.716830783209115,26.756994912185235,24.365550835509183,21.59763678683458,18.773469643747887,16.200674952465558,14.032363751382492,12.392201336616301,11.518801246922196,11.28312719809261,11.76847355308118,12.74091468581771,13.65788003838245,14.711270500619214,16.017550834922215,18.58180410865875,23.327567651848543,30.691363658637428,39.711630796561025,48.080187980932074,53.985870707900865,56.95665665169434,57.849574391242385,57.52017069544058,56.48253795544451,54.928257069088026,52.955202301946585,50.94095910946858,48.716995867254994,45.504042791065956,42.01758213531264,38.749118063417114,35.78599915617119,33.33727075217886,31.35060327350691,29.8273734408823,28.835282260585704,29.010215837973647,30.210422931451237,32.21745137792012,34.467968907076894,36.553985133454084,38.34359611406973,39.399233759379136,39.520840582347105,39.03388973451476,38.58255446312916,38.54787161137281,38.54514611779311,38.29735196771545,37.51209796474824,36.74529407326036,36.75166250723183,38.37387250119551,40.8199602374904,42.51274932780223,42.24216310861019,40.45265335668227,38.062690099350874,35.78854266997402,33.914565941401705,32.46555281779365,31.30659800286148,30.36475339688443
9.950044368479238,8.117661921507187,5.9081824845070905,3.700982268195847,2.3573905051195263,1.7764076044201564,1.58016436005221,1.528524587578648,1.5379642729696774,1.6484048436113916,1.8662636678545306,2.133221743462568,2.4012058673179806,2.671615789876624,2.957139089903517,3.2321693158765212,3.41706219706618,3.4038253760780264,3.1123939139486128,2.6049634836753266,2.1753214541434107,2.0734119915496696,2.2954627308344233,2.6703317825284176,2.961619393397115,3.0607064543631455,2.9348508978268626,2.6967671019714796,2.3879861792217083,2.1753550269301183,2.23409601292391,2.6484863715456686,3.3400726786714445,4.088197728938073,4.666836264808179,5.039716087423563,5.342797004084878,5.715650051218729,6.0762632642007794,6.256699075229048,6.064705001516028,5.412978530673491,4.447489938594918,3.593529769948225,3.260761235169413,3.5498449374423644,4.229435328586034,4.777022409137943,4.89212881006677,4.659307069942213,4.283899067751677,4.096329826231951,4.226111649646611,4.65594942771678,5.321758167887084,5.889934948124208,6.366339365418228,6.583684782276041,6.765601581188128,7.034759251236437,7.4722252591904486,8.168440758486687,9.187027319790198,10.487248434419074,11.853533448248562,13.016929392765668,13.860319585517571,14.335645354350232,14.424462388317062,14.075106579431752,13.078312155724833,11.736680875245879,10.490454419417842,9.821429465951423,9.738956051526461,9.8116313943197,9.415730521360684,10.3372270027932,11.534556562858583,12.670137606389948,13.288433920358903,13.16661658214923,12.449433627467743,11.423930659663043,10.317386643836024,9.190424110957133,8.119963074815264,7.2670897506447005,6.732185496688647,6.465696313388062,6.341709195031862,6.235482525192427,6.060626168766197,5.676487868607816,5.129365228539064,4.395279179833148,3.5749092384590626,2.873690610664193,2.5527491149782615,2.812624998268934,3.675178897877993,5.018299963885911,6.670093313070546,8.435867093218501,10.077537834213997,11.249219846874272,11.53560459704807,10.869174615856357,9.819670591828816,9.391958705829508,9.596118062882658,10.226017979974504,11.16370248677861,11.810969255372253,11.639751358581334,11.047510737710164,10.072460005187965,9.23754965246101,8.657096190946845,8.402515436134449,8.604282834983708,9.14017691476434,9.86472902567899,10.618695542497717,11.377527179282179,12.14214011824588,12.725312692125078,12.877932571198587,12.701795545309972,12.174538580524473,11.506954768190566,10.582534713010464,9.259011999652772,7.694288508077525,6.473305813245958,5.922293518505142,5.87356647995087,6.103243704967025,6.360254810315991,6.5449909874019845,6.634448359168684,6.682702706955575,6.751295812849307,6.8675423334075125
2.1829308285841433,2.1909535013174066,2.029996781296855,1.7142614013748312,1.4188746203202203,1.2795401642861084,1.2982782580149252,1.3296422149143103,1.2803790595597044,1.163503961856115,1.040902188832506,1.0183085147343334,1.1676307725556556,1.5135111435291329,1.854779365004974,2.0589552348350724,1.9550536221331065,1.682791412094762,1.4302766608681436,1.3280403040555073,1.416674352126936,1.544539240219804,1.5844789579473806,1.5100372130677244,1.345221364268937,1.1605906520199827,1.0478870901511452,1.0866344223433189,1.2353890574158284,1.4364944759283478,1.6748578104535778,1.9322799267749304,2.189858371310058,2.3688813983973906,2.3873397631895883,2.2532632098579093,2.0922390782090283,2.2159732753486883,2.743254498046652,3.521662918282083,3.9555603828909893,3.841243439510701,3.080247845380613,2.078212459196615,1.2663543697170154,0.8171603663406136,0.7199101903642264,0.9520821485571983,1.4568929668513992,1.9573825315232416,2.157926563187833,2.1483429728341297,2.0433073445570407,1.9580343452036548,1.859074634672804,1.6598815386656711,1.3344121088048984,1.0187806458926485,0.8794325228307124,0.9344558496118974,1.0949766599527184,1.2261892157757546,1.307623652522573,1.3953753543771736,1.5629552867780294,1.8522294921887277,2.1835128952285734,2.4070491832523584,2.3689086160150374,2.0586733517129874,1.6031852216609301,1.247588919879996,1.2343632951901033,1.6681892837319803,2.4050989362714534,3.108410555302889,3.4757521270774427,3.4338631752141815,3.1894391180592705,3.011665701164322,3.004407076844771,3.0763089298134667,3.0358738581420943,2.771663771562723,2.361558788194796,1.9879202104885423,1.8027992169514457,1.810649654330333,1.8919147447806197,1.8416987370956373,1.5838593945496693,1.0821433859865974,0.5778082881605017,0.2449018475580613,0.08363112668097923,0.02352727404401167,0.009305553117932007,0.01875020617586681,0.056880468304078245,0.14590333175122777,0.3052709732854848,0.519492016478545,0.7243356405976534,0.9048945552088326,1.0677468551540055,1.2692457497194802,1.5006877993634054,1.7055346094037351,1.9500991473182225,2.2065114371722085,2.5109019842421874,2.758528292625962,2.84277247302895,2.7133436772994273,2.4382588020124984,2.1290674320387692,1.8591309915005616,1.720792843708265,1.7104408189024498,1.767057313244603,1.7605416055155167,1.5546612072863655,1.3113244443576952,1.131175884965858,1.0147628060500813,0.9350381754889358,0.9040421751523466,0.93094405294813,1.0182513403897677,1.1099094291701952,1.1308595286074303,1.071239923529538,0.9562776780214329,0.8578879856654069,0.8363240180734989,0.9405541551033302,1.0421510245430328,1.0124999116021904,0.7802865953002327,0.4828635343210993,0.24196758349972258,0.10047836678955509,0.035769026492005085,0.011320137192218822
9.935020614986179,9.612299981381936,8.89990672894031,7.993107655193045,7.105219416757297,6.273404133856992,5.516302764914898,4.76232525642641,4.198492351719997,4.008350203223634,4.12848607763515,4.396016746355741,4.537027804386553,4.368821064749324,3.9656690501091467,3.4113526303996493,2.8891209173157533,2.5002500217191894,2.304534756134237,2.313650755383258,2.468555456836315,2.6946197382031616,2.9194343115962273,3.0986884468794926,3.2129573983857433,3.1609349045041193,2.983169198401248,2.749490174810235,2.5166770986771536,2.4195066394390623,2.4968513167221946,2.7309422029091452,3.082044560573995,3.547626240507546,4.172076253138919,4.900290853758392,5.544487522530987,5.794842691648519,5.604622796003885,4.904756782373777,4.257310026502039,3.8275632800163617,3.8202351291741525,3.9061229833498734,3.7829727780498104,3.479279352149724,3.2387804561977753,3.2599110366812725,3.53298133119745,3.8690860305314576,4.106099250794049,4.186010563403578,4.214575946185555,4.200558687476731,4.003522638340285,3.7333582700838663,3.279041680901973,2.908291650648486,2.774192017550626,2.910295171015533,3.2119114240839046,3.5440173602698612,3.6233514972378202,3.4693853055390647,3.229514915267748,3.050525400382935,2.8891434638185274,2.772228270807278,2.772134395420367,2.9174333811659077,3.248205484832256,3.7647055577370585,4.611741194474586,5.813535762422635,7.013511668705507,7.94460856560181,8.499024714986005,8.661294619914365,8.372083662124433,7.742275577904987,7.089988807922361,6.622856709376626,6.265572081973783,5.896938853381441,5.440682698649963,4.994628030410471,4.712600867494437,4.531537623557116,4.525872901907644,4.521070451802325,4.462142175892974,4.297700633975233,4.023713962575968,3.8494232908298227,3.830781337970181,3.8403833340416096,3.7731445382437037,3.7061355533407023,3.7567493036430513,3.9501988937154535,4.138605563597649,3.988572011373127,3.6405201008658614,3.283004655397793,3.2293987407582785,3.5043962087996077,3.9506071630287156,4.373542866674672,4.648527626330921,4.6064596834637825,4.1256187465679695,3.2749274565911315,2.3190292135676027,1.564202235820832,1.2244059918365078,1.263305875166262,1.5596732725966795,1.857083942416803,1.950804115350437,1.9097772380329427,1.864402552242532,2.030571149501019,2.490444999332176,3.034970214354875,3.402590586123743,3.4591768341373488,3.1789390129793507,2.8785190637788,2.8161598028127104,2.984034310150981,3.246903411254074,3.470774626766165,3.6263355832146216,3.708655840523515,3.81411407826153,3.9480690454748393,4.099768202269009,4.059908577680565,3.684252349267817,2.9871033998397643,2.2348091202443645,1.6947831096845358,1.4009066236640133,1.2701958436156926
5.286223825591322,4.980288884297441,4.874265704421257,4.8711429906440475,4.898393152232345,4.890000233715118,4.735616043746523,4.366360957580068,3.8367310239500205,3.3061849614391385,3.020814810542604,3.026566043946066,3.1382352523306722,2.9812781213980295,2.615975687135067,2.0466988588717623,1.6101671476659551,1.3872907300139663,1.3311167698054347,1.3643364963773954,1.4356970532017104,1.488294061649524,1.472672669466892,1.412021809810464,1.357664185148626,1.3198286992254948,1.4058731231301818,1.6261319851042302,1.9488651936812353,2.1939396268784632,2.266284385880464,2.1157662616270576,1.8866935930939366,1.6912986767582914,1.7590917821818473,2.1838202110823186,2.7410107375583057,3.26152132891511,3.485140376508837,3.2409229377882864,2.7162512161211962,2.1730979690261134,1.7962621981971474,1.6672347336150442,1.661927730952111,1.5759150215161137,1.4023897754611192,1.195815340028656,1.0192899669365492,0.9127609294026902,0.8519264024948191,0.773688891629085,0.716225546961235,0.6893594930698665,0.7272761583470868,0.7971307352547835,0.812999833311028,0.6991803752231089,0.5345909927061865,0.4404823483348169,0.5346182327279071,0.8846131237151088,1.446566087651902,2.0280649718641586,2.3548665379730687,2.4310525171675272,2.258194366829634,2.0629032118627912,1.943458038580307,1.932461702939451,2.0796256368045865,2.464510776048851,3.239845733885789,4.404892215806444,5.668355293998337,6.632845707010081,6.965465605382266,6.579381301179562,5.732513597236016,4.810041050134634,4.004489393328831,3.4998917337177646,3.1356542518741923,2.9158453027146014,2.826796289415164,2.90316784678066,3.043127363063927,3.0210330846936175,2.734809304176928,2.16474504125043,1.4590126410817115,0.8555652470874324,0.5147768120974126,0.4135752090323136,0.4896501913963955,0.6202796897194615,0.7114910253362845,0.7564028612433465,0.8020731748060828,0.9022572134372645,1.0868997667980402,1.2742549744372145,1.4332569697306272,1.5331626346306062,1.5748711066640102,1.6777774324274735,1.9278402775614478,2.3408712872090183,2.8738642219037174,3.254931345047433,3.181789111298788,2.652321505817953,1.723458518756777,0.9358294738096976,0.5206037720164852,0.46210680173126306,0.6330238831365145,0.9146536045611965,1.1846687307779735,1.5006619234956007,1.902543497632481,2.4819106325110245,3.2891949038095305,4.110764983651615,4.658513018809075,4.637235917600177,4.207656737731979,3.544196823749368,2.983077313938766,2.595025460492672,2.3606803553857363,2.214226966726605,2.0871663288543574,1.9524734735913558,1.7857605461088724,1.6235885833014254,1.562855776164353,1.6559113429721244,1.9550099717737766,2.4196380573498084,2.8829766688518648,3.154698904564391,3.211334297895064,3.0407018493590314
5.1260747254383965,5.387948265826158,5.098207181863576,4.390381828305871,3.359391859096803,2.365481619177267,1.6371888549814624,1.2230049561690925,1.0115368547935197,1.0089348461081744,1.2020662688332007,1.524607549321499,2.0087472793766774,2.537467216085275,2.930527661409243,3.012503894891875,2.8872666334882062,2.5027942498895315,2.103450336949826,1.7382244284975024,1.4326373349212498,1.2134496109990671,1.1476891725743283,1.2523789382328727,1.4230616222102845,1.512645102831365,1.481859179364654,1.3486045984444825,1.2311941771444725,1.1913980567075493,1.2286721470485376,1.3571806898547245,1.5711834961866717,1.7842712287895153,1.9467794909903204,1.9321080484384985,1.7061104788489985,1.3921556080836255,1.130930925069813,1.0294045979279975,1.1203652478543757,1.353316321627235,1.6502424098336355,1.940021176010235,2.1766319671576766,2.3098478043983843,2.2227880754544045,1.9479196646172412,1.595625519787684,1.3719572166087803,1.4001856545735305,1.6053132448968488,1.752625710607574,1.708546892447363,1.391574031073985,0.9485673643347514,0.5990285073108442,0.45313147417204036,0.49422301695760984,0.6253638476448538,0.7322210466569619,0.7378909565229261,0.6704241860169119,0.5613781320008253,0.543566941371544,0.6542871127108968,0.8512010599661742,1.0640017676269813,1.259378817733264,1.4202217660302374,1.5367720042188193,1.6395038826861632,1.7048318552830293,1.7185241376817708,1.7215563824292428,1.62994284055966,1.4998008904260236,1.383136052907253,1.2676420659392367,1.1290461071517268,1.071859703123331,1.1293629380698997,1.44164131289921,1.9345044140226673,2.402324966492789,2.695797557711605,2.63039935109587,2.238902712015225,1.6832384864335252,1.1026156324796539,0.6341513290417866,0.34789049844378617,0.25271986002818836,0.3267833872192013,0.49250695526565336,0.7020740964313636,0.8852192391774226,1.052966917888795,1.207744687884444,1.3416279568307332,1.4613662158585372,1.5758906944199977,1.741396195855679,1.859763473847482,1.8774252030468914,1.758377091026692,1.544005953679121,1.3324187131070653,1.2058191539222722,1.1457439578428663,1.101067478053444,0.9854659038260362,0.9020565336198807,1.054677819215827,1.5096583231408274,2.155052988673078,2.651361054248521,2.7069092010147613,2.362435725893208,1.743741631913234,1.2016862705006262,0.9627460863272692,1.0519652280624499,1.3451425621376463,1.597063080085113,1.5870978203083048,1.296950051685585,0.8621229718870292,0.4628369961543311,0.20428333795907108,0.07539088216359062,0.02356026293230464,0.006251118813491416,0.0013925366153412456,0.00025689300450088313,4.0523862186337114e-05,5.4665064355636e-06,6.15000350507267e-07,5.5511100777421614e-08,3.932499589380035e-09,2.192125602034615e-10,9.35235468514769e-12,0.0,0.0
10.011010702074623,10.088334969918332,10.204947676229413,10.237218398026474,10.076399835057469,9.61824846800723,8.62464619264776,7.186700103027933,5.6772531700875755,4.504972470780352,3.9389826100370477,3.8724127836323547,3.958854144897007,3.912615108131571,3.680109674207656,3.3803754565530637,3.2764069603563186,3.500885505766463,3.940886264251533,4.3986889688379875,4.6333067266933305,4.535877025848068,4.11935077220445,3.7304966381285842,3.7490415885131467,4.190383076265979,4.872457075429046,5.538183464376028,5.97530918604261,6.003393241343654,5.763521318298732,5.270581129295929,4.812925840492165,4.549463721190495,4.476572571889166,4.55877506477989,4.710289649323133,4.90194358818359,4.928378129909515,4.553490556574324,3.737578518042903,2.6860686076961056,1.7718781352068445,1.3023843727702444,1.2766545716827054,1.721143550665373,2.313796374917889,2.786925953327748,2.965932742134888,2.9662327954550562,2.956031166833573,3.031123443160973,3.0725687472209673,3.026545002671254,2.7769328487563283,2.391464708564114,2.0041473524255613,1.6408927134693798,1.386446617635372,1.308312558898077,1.4024777562461146,1.6540608649748905,1.9744720303030974,2.316914652158864,2.7097829351608604,3.2644591002669756,3.952223180285125,4.6247363745776395,5.138799946615626,5.404878830208675,5.638259085166103,6.017470885107583,6.540972943734166,7.006670302006848,7.13740310283506,6.65924107474095,6.103226977008608,6.019504294079861,6.691255896055298,7.753802504505705,8.579288796966475,8.740436007912006,8.315991771882128,7.5764876966066055,7.101530808702009,7.126247577372712,7.4708976294137575,7.766621656145096,7.594412302486331,7.195920258375379,6.4518624356952925,5.65163715774106,5.035018542521485,4.541267173189658,4.21132305541593,4.003540846340636,3.8575362860840534,3.713526858884264,3.55754235556917,3.573702809061931,3.7529847172087356,4.236914938086207,4.80356436313612,5.364814359634366,5.819183245715895,6.193236356297059,6.591136172085195,7.056326339682537,7.570675223768721,7.861169003495329,7.8069988823041685,7.387413537594924,6.847126395783263,6.376731472328214,5.778407445832099,5.034503452146607,4.328851970324875,3.8532195460194543,3.5777582806943284,3.421089157045171,3.257364349401512,3.1456716538094627,3.111037057919026,3.179493343035241,3.36121682595038,3.6481961857389087,4.0057106678871115,4.384694808856232,4.517495817020543,4.366110604935558,3.966832248289548,3.5058787387452908,3.3181938833522877,3.627562948822688,4.4537138848564,5.549332225184119,6.448179938460345,6.97240872359937,7.1780793377131555,7.32934351274835,7.440879086797709,7.481337467418202,7.411414229630675,7.263511578416063
11.266925344352535,9.583036480158638,7.997232593486897,6.605124296034885,5.531129654072048,4.925928005589915,4.895947569348984,5.4228684987163716,6.247263114524154,6.930668186530416,7.160342153115868,6.929752843540866,6.545212754191146,6.515539325167983,6.863170676511293,7.771899873797151,8.856836713563201,9.74871118052086,10.352415344274789,10.742357325861345,11.219940471201548,11.938371333004131,12.951073706714292,13.87948495048283,14.529369835626502,14.81089339044227,14.678540331149,14.124818334174927,13.22209515123286,12.113347269639368,10.786722435877051,9.2519371031641,7.568149146021999,6.039970413914757,5.086214655974833,4.870359412633787,5.086550542642456,5.4509203147517225,5.778728136620107,6.173789421918842,6.807545425837179,7.721810802576043,8.646290257341045,9.189530864473653,9.521642950664901,9.834105765927841,10.601787932810408,12.08529778193214,13.981903389789272,15.772295101055988,16.91117148471485,17.2842248522786,16.934916914003598,16.053657848090303,15.012469391222362,14.179887572600526,13.777388171888845,13.819985156353336,14.01851648208375,14.171835755369338,14.30958301765458,14.63045510522286,15.095239670826027,15.481297018560733,15.613509262572066,15.18106106264209,14.408123277063263,13.535104183141579,12.67698105648858,11.770587572294918,10.743371435386639,9.681795520786718,8.812993534793605,8.331503681828467,8.426617556105523,8.844137193490182,9.11714074268256,8.91235670675383,8.322386291309158,7.727439282808982,7.581159825836979,8.070046427326163,9.238851839707332,10.864160563362404,12.4830434380378,13.634377378636355,14.012570601718844,13.844234016480026,13.502031967059102,13.285106858111448,13.177701331149228,12.945952621900243,12.432169294734305,11.680364554711147,10.899946314198107,10.320701186861026,10.098357499626811,10.301663077079517,10.719762496240554,11.091432928299913,11.187140400962374,10.644192560354806,9.743954566415505,8.64950096212086,7.746949373648713,7.202250859743846,6.958186647917273,6.832445081588996,6.6326700811791826,6.279751013816883,5.808473703846357,5.531091600326999,5.521938683803909,5.662592011497789,5.772809163293362,5.695251353395039,5.626715859919989,5.7481690285134475,6.081098216119266,6.309154561737091,6.2355436250190355,5.566343581089181,4.4722296748844474,3.3324833844753967,2.4718151502779806,1.991579757712175,1.8510759058106525,1.856930393454978,2.015122506091216,2.374644324249381,2.913288095187244,3.560865067723168,4.287008093576044,5.107851701345168,6.049198877815057,7.061206131779843,7.832036168612094,7.997413915046461,7.435706195420697,6.351708066608252,5.167244108442743,4.207470406510482,3.5653439029049645,3.1746860081435946
5.263931808534651e-08,5.85193164108825e-07,6.2877405329701755e-06,5.277366339794032e-05,0.00034373784722657903,0.001759377531976407,0.007205060742687887,0.023867929269478425,0.0641261895599918,0.13996867622697687,0.2505134234510924,0.3721920186688582,0.4802060316661067,0.5534931698147609,0.5991441246360526,0.6378675938143519,0.6684780953808981,0.6608002472364254,0.6219798465881125,0.5362766094056601,0.4388043792784074,0.3738622046009679,0.345513913022748,0.376260228252236,0.4273381545077485,0.44848703620072494,0.44789087232138414,0.4299207561655273,0.4343603327727632,0.4714023071670694,0.5511483203692266,0.6632399602145125,0.7916384625243329,0.905994452245441,0.9927465037241395,1.0893256937510112,1.242284748563059,1.4475059890516466,1.6281366406824203,1.7129049171376298,1.6817012295362093,1.5500988732044756,1.289912535625764,1.0084989710277958,0.7131939408128141,0.47545861233782827,0.37164885727094565,0.44474629092017515,0.698144350179804,1.078863280125668,1.4966089474475195,1.7884607654735243,1.8623091342049871,1.6633932843967698,1.3045476609121416,0.883621638843293,0.5274330156849969,0.292013838932035,0.18404843839649476,0.18082004365532203,0.24130851189957972,0.28837134974302575,0.27701391774691553,0.20631982239895472,0.13242633446704866,0.0823413970119773,0.07148092886993032,0.11536054031245509,0.2334750555879439,0.438338263314609,0.7093316025582402,0.9517818521318645,1.1023473996980135,1.0401470477758166,0.8474862801301531,0.557652247048597,0.2964588583843093,0.12539499300600102,0.04198492250959385,0.01187364043436662,0.0066333976890314795,0.017078047867765615,0.05670854967864781,0.16007163827022655,0.3661965704135693,0.6755267880532964,1.0247254377464714,1.4024439494452166,1.703912019578317,1.9313360654903087,2.034168885515958,1.9750760105958742,1.855843989427677,1.6512276433560475,1.4270562647430034,1.1423493843222898,0.8127539659019756,0.4983179721639963,0.27096606373271814,0.15191258467743374,0.12724451500298167,0.14599003915116357,0.16117388047881281,0.16157862781517865,0.15437727771920068,0.1800902596490996,0.3165797800075576,0.6726975212306698,1.3136757447818554,2.170796283832347,2.960493656901516,3.3606136601347045,3.193000859622516,2.6190477993093664,1.9501401872339224,1.48275246678158,1.3241368735219088,1.4996277641667628,1.8245160060093208,2.1393119585371867,2.332689474636502,2.3840029072426376,2.409583273355539,2.555040361835277,2.8351387476342165,3.1191713882250296,3.274249594523144,3.1253972396570115,2.7155631048991338,2.1970685318995917,1.7303088897905614,1.4488129329039405,1.3457591893835632,1.4055610423804827,1.5534409648426792,1.6940565949600577,1.7522180821336777,1.73654388091343,1.6503737043355018,1.508032165041115,1.3477011324013746,1.1805192070726698,1.0350016367057415,0.9195957067420472
4.444557172764085,4.42663659482091,4.575470126418028,4.816662072352353,5.024692985223106,5.025050626656913,4.771445804885763,4.3087939370792645,3.858785085624518,3.5962414971486854,3.4881195110605416,3.4172685642283565,3.2412090306706363,3.0558977681573736,2.831825222706179,2.6881483990628023,2.56402461554022,2.3688843051459383,2.1158089020095154,1.817458564526587,1.568390335932036,1.4078284037280477,1.3239956813841645,1.3102390687339882,1.4417297335214216,1.7654337874245039,2.320451518218607,2.93089607226032,3.3228782275412865,3.262348121097098,2.8552428397608725,2.356289444147908,2.0054115715354057,1.903736255642446,2.136498716605667,2.588503637382753,3.0599451171175374,3.28421703231607,3.250629730455051,3.1374474036014717,3.114732052578917,3.0488263037984082,2.931950838125795,2.710576881242885,2.5668916188429862,2.611683760365664,2.8574642995381905,3.222932598507401,3.5939685216474375,3.862876627125429,4.024101122768172,4.075358571190524,3.984327658761072,3.7517136495511667,3.417971599446052,3.0928961952897898,2.874189825497666,2.73469054870891,2.598752583105143,2.3887256346766113,2.1799642071592227,2.043449394422392,2.070125139873776,2.2787829887584454,2.714490903187796,3.230168313586805,3.5941176720309547,3.6953580298775193,3.6161948532380452,3.5306250356780313,3.646382800620175,3.8659775908526246,4.370370458723676,5.008770285238376,5.676964298677692,6.371082071231637,6.937045328056323,7.167417220973215,6.937336180446682,6.21721267929238,5.201558319749812,4.224930048086094,3.333812038687145,2.646741958127619,2.0960804102083173,1.7229604566095598,1.5598862884103604,1.5596804676505085,1.5903250853770161,1.5742963191302721,1.4503843131743632,1.2920310938911066,1.191928919464366,1.2151253464309468,1.3641456404645125,1.57458786777028,1.7580338670052849,1.9015490712778038,2.0331550216230543,2.1892715927567634,2.448831082901181,2.844891835836031,3.398238534135587,3.963990619922349,4.39186674044458,4.571181150855893,4.516145756760403,4.318060290741007,4.07683009925556,3.8022262461317187,3.6176609286411905,3.505507536153344,3.5890108488209367,3.8081429468144807,4.0502270488130385,4.178971697887745,4.196585861343907,4.119271553400403,3.9859651250145705,3.8416528624693176,3.6914543082534403,3.548121450951992,3.4724299291038467,3.470340768591312,3.5961622201216,3.776817389517933,3.8121423795902247,3.5335343793326968,2.9790550646611935,2.2766478447170377,1.6924339326749525,1.3348928075681181,1.1868902865210258,1.248282961016837,1.485207429152154,1.8832700307399706,2.3737333208526086,2.8376953715720297,3.133062447856247,3.276174760047385,3.2908158681129054,3.286674456773984,3.326562935792833,3.437960997026756
13.204809488897759,12.895862386377456,12.26240245587342,11.335026894995615,10.215943044829311,9.207856668414774,8.383403947651642,7.910804671488973,7.905978065867489,8.245739380809301,8.698074365881176,8.952979588401254,8.828956964994916,8.337981642949522,7.527954942530029,6.612742831367708,5.741955966885862,5.026262532046498,4.462978947689043,4.006196223466231,3.630156401087413,3.3236200462317953,3.172462422052163,3.273504514065523,3.648030928200535,4.3301446472494325,5.318554826965658,6.78969556541713,8.762977751496509,11.134872907826066,13.666170064547153,16.00865034331393,17.91102474560224,19.082051778812808,19.464208938477245,19.084927687562654,18.191404045042567,17.215848568201643,16.550340290757713,16.191013185850167,15.892984218057371,15.366114185167659,14.695026924989675,13.876436867137494,12.965440175649155,12.100646286431527,11.622578430816578,11.770623967323225,12.603537935577192,13.899205296839485,15.148751174532112,16.013415092669653,16.56757700721141,16.679967891264265,16.5734933071264,16.47304938291029,16.330701409865114,16.379841028394626,16.845398936064925,17.952689441194597,20.00224040573855,23.284288823399457,27.74487285818913,32.97820881712769,37.92662939579546,41.51229278734081,43.07387154916175,42.72598941864574,41.263404599009206,39.48920078093252,37.75586662864518,36.126630748663324,34.423690678014644,32.56491814438079,30.583997114492238,28.660920126905136,26.545228887176062,23.97722099153075,21.223504750553275,19.014977602407697,18.012538258614573,18.11555534218239,18.79490650189488,19.437570449500583,19.57843530561685,19.111220938515274,18.491011492684628,18.138660004359483,18.030013557747456,17.766239992500157,17.035836790393404,15.966081413530441,14.757166394560546,13.794282937708566,13.329316166646725,13.188965470756274,13.119260426926305,12.884867328497698,12.318020839008222,11.17354577782247,9.57163552004752,7.648242785692966,5.885057484786341,4.503902832105307,3.6509199568704074,3.3272718799383245,3.415158834861349,3.7082908706662625,4.04165763568419,4.358160123205025,4.667036039491404,4.944046402673226,5.20371606425962,5.425748313063737,5.8378361085076,6.715986396251617,8.33842717152386,10.541645833014737,13.062656295143018,15.476613815852575,17.55746913221003,19.232515372705187,20.583970690356992,21.652011902679654,22.35628078873677,22.739268148707378,22.73180757536466,22.488190636146744,21.90465256170374,21.17186948196688,20.398289664129187,19.52800709423477,18.496738897905086,16.999590819000097,14.879423434815974,12.329819249540618,9.960953322673346,8.431768964241686,7.906578879553519,7.985865593853776,8.376160623700777,8.682942088659196,8.789086204438288,8.687654664099343
8.058124441348081,9.347761765901403,10.315452049958502,10.617621616177145,10.189928969901624,9.313462775929377,8.342281442677265,7.690173251505672,7.476757332402104,7.492479243778257,7.529498775891941,7.42442098200134,7.050309111573671,6.620531135944062,6.120620233889653,5.834893981062268,5.847418930485016,6.167012970242667,6.673072332325966,7.239118656648272,7.765835636364551,8.223406341641843,8.705615186135923,9.203880295899214,9.69987608986387,9.982611088351744,9.868620232039172,9.186051964982214,8.0122279572644,6.807823880648192,6.063870566649462,5.962095450543103,6.400689589732021,7.111778953778486,7.675241239926444,8.047488270239596,7.8098751806001845,7.3279848134133125,6.946951797497843,6.816083119640979,6.8628188459930275,6.9258896743434315,7.035199817050372,7.451448656197846,8.374490745534517,9.614959416628777,10.865752361100206,11.698362292414735,11.802926742104557,11.3196822941718,10.601342170955432,10.109258515876997,9.898315144196381,9.941404791826885,10.297745464819874,10.585652843973275,10.824810127063943,10.91215267967865,10.843600517994652,10.540608855980956,10.023887051129638,9.416109225054127,8.848666134362858,8.355160793885004,7.85076546342217,7.142667832906469,6.2456652235883405,5.408183652637555,4.854743085764603,4.677046707685316,4.742137680446288,4.980524490871637,5.283469797115261,5.6653845054828755,6.008543455407449,6.443257624558753,6.922480042711374,7.362292024003679,7.520174837462959,7.356580125055799,6.940153773572822,6.6540151701648815,6.454928924534567,6.482546063913918,6.596876629823163,6.715774527658837,6.861202094609169,7.191708961168854,7.676948280880199,8.317269314794375,8.821489119654926,9.026404469593272,9.066401936459847,9.105080530664397,9.489392980103029,10.245801350968593,11.145069216068322,11.926227848176774,12.430657692003654,12.8545745221355,13.161910738318152,13.186131311238421,12.738341223603747,11.477322750354615,9.786080377882266,8.031256663490092,6.541323448409204,5.458316315969814,4.730234579547966,4.352867671544879,4.2261076090748295,4.295093558971996,4.490714814160971,4.69800700601925,4.9562694020196645,5.203758091350857,5.494313971243344,5.900833018831246,6.51846184535099,7.3239133596994614,8.068571795018142,8.48645389285896,8.435343218774484,7.856302535737391,7.075930958556111,6.422235036664481,6.109609433229955,6.226865849909919,6.587989547694324,7.063734502181506,7.323051509590086,7.416474062335379,7.3674172705579375,7.496771568172243,7.987743523776527,8.842764768859968,9.778134107644961,10.255709322786249,10.415119788215625,10.142096558527186,9.773031578440602,9.370966034224827,8.991253617658888,8.618176320590274
6.229208232462722,6.013898244801243,5.967349831703681,6.279272714000063,6.940782317475975,7.859258589419752,8.518773804362795,8.863267127698304,8.66397389510543,8.159637321351969,7.475565186587795,6.758536865735022,5.947848069965522,5.168172862287592,4.423377238912591,3.6279032767299046,2.936777762836162,2.3450689047912845,2.103508624127226,2.3649195449430214,3.0251238741357493,3.8344783563358074,4.490589144490564,4.858667366055695,4.979008945180534,4.839671555640777,4.590551904461845,4.286185519616988,3.9709756632485296,3.671971607935325,3.421777314583957,3.2790681861493174,3.195566276159488,3.224924042295957,3.352571516600604,3.4899193188721753,3.570895968816735,3.475524741547368,3.194052097978805,2.874610249107493,2.5801940790433893,2.3771379826183705,2.2400864678969543,2.241746249528946,2.417759826290293,2.7247669378754185,3.0256188266483246,3.214904364435793,3.2512229627911706,3.2273130738902016,3.1387445513202663,3.0966922282130285,2.986384296116087,2.80810138088972,2.54653646700037,2.2275713997078737,1.929108702280927,1.809713228952595,1.8913503733415185,2.161595005376835,2.502579180462782,2.895287328950132,3.205717479917966,3.422515077743195,3.37383474309195,3.1516714546482363,2.8260671891130253,2.5439040174498255,2.356129335809816,2.276719580079979,2.3040214666630026,2.413199322907593,2.517991503238397,2.539981917897461,2.4941711423565076,2.3871204757180675,2.347170911666438,2.35401310830575,2.3032903353759067,2.267364844146695,2.2457115988828864,2.3269589460075437,2.474647050210567,2.7511289046062846,3.0440008239495344,3.3031773061684415,3.4636404511898364,3.444319937832223,3.2306225152631667,2.8860194829629817,2.503923147440783,2.232417317840825,2.2697117784390937,2.5923000841468666,3.085507586721138,3.612600803908172,4.048480268156219,4.332379930585824,4.374832679794005,4.090219225400551,3.415078762341046,2.598674584091424,1.9434792643189496,1.6039159929831797,1.5545571794853599,1.6023885161925067,1.608669105041875,1.5899190091340991,1.6470659408369712,1.891133282643878,2.3640257641227542,2.9285161105349986,3.259367305003597,3.334732811868506,3.095864225928294,2.9607655692134163,3.138357518944899,3.5495943380667057,3.9268695954692503,4.066166050936979,3.9750488353310898,3.7063937196943444,3.449478675390651,3.2905374827013647,3.2184096299536935,3.179675296142759,3.130088276260949,3.1202901115118498,3.1735730244873483,3.345795294749274,3.5625068913522484,3.724675361710692,3.7019658803798325,3.478775733496244,3.09617732443205,2.6782899327909537,2.352614994152837,2.2252362068962004,2.2373263210442973,2.330973913249347,2.43421530555209,2.5117840935939437,2.5371572980358765,2.515387663817213
3.730937237991509,3.6091785452011362,3.418388111840386,3.1637158319484864,2.936475008685853,2.811480166895709,2.896757535525815,3.267767332187312,3.8458398377180902,4.406289960032468,4.748321612692972,4.747100773579086,4.414441970688634,3.9234028995695227,3.3457660555200204,2.8694518773427147,2.510850510753554,2.295031942493241,2.1665965633862143,2.0537260894712057,1.959004574846206,1.9679874351530102,2.179394245635673,2.6301447661358144,3.180564708618272,3.692981301682371,4.023823229466319,4.014610746732024,3.7582723662782063,3.4163078451492312,3.1298222496014203,2.943679502990366,2.809787898707048,2.6562655022425963,2.408409899403141,2.0970914489332757,1.7160902331257004,1.4080193577263223,1.229864559588339,1.1767984003613299,1.1803244639505766,1.1578971064719175,1.1137049821719907,1.0662166012157062,1.052684324690711,1.1104095131834015,1.2075749437257974,1.336224054300345,1.5009617508456308,1.6853604597908358,1.940433911685063,2.2933207166322345,2.6376873834427244,2.917537847588652,2.9528429364806588,2.7636222690364147,2.45739816124565,2.1956759841743,2.0732261329046477,2.124425065213046,2.3387577863679585,2.667406356426701,2.9943170446879877,3.1505858245967633,3.1288421357590406,2.891572928989082,2.6724277393524023,2.5831288269142383,2.6081176539711177,2.6453595070543554,2.6148285424044415,2.502820652412366,2.3637752513958437,2.2242034425614654,2.183368343587603,2.1473762655827087,2.0442472745699622,1.8102576896960052,1.57604287381164,1.38955637995375,1.325473699606624,1.3243615453734199,1.3205808630921447,1.2869350180684804,1.228383434349058,1.2241122714151984,1.3244915232018093,1.5313886672092545,1.75673054419126,1.9467920515034778,2.0285817804007427,1.9532824390190433,1.886675199748794,1.7812236974525453,1.7591582445372644,1.827451800882669,1.9665107940002216,2.1197838108405134,2.214177293149943,2.1640519149074975,2.0515539739879234,1.9282846213806806,1.9642040605352662,2.0745407852552322,2.1559876145912944,2.121923913312913,2.0212449754729467,1.913622583903143,1.8212080269310602,1.7152694607531302,1.5781514748097416,1.3842704754860196,1.1461538958499722,0.9495700486389609,0.8831122509538752,0.9200937936656001,0.9918857879144217,1.0295200299507024,1.0157363102758614,0.9655234989829533,0.9268957906492973,0.9762399853046412,1.1043902226548978,1.2516314651666696,1.347036711039333,1.3747241468717528,1.4322677906096701,1.6322807995717385,1.9295986611280893,2.211985852611538,2.3049601200985608,2.2687853366202635,2.0865847693034163,1.9552970856495975,1.9431324897333766,2.047917637281173,2.175199323153822,2.2605934898778575,2.2923184032287947,2.3004827151513463,2.342571897665788,2.4377654060765206,2.5838410690569664,2.7716098310549007
40.78254634058477,41.52643202719484,41.906992070376944,41.447742759506916,40.66849542121815,39.64342974600249,39.04901985703817,38.992706481485335,39.08363362978653,38.62455989877899,36.9067836967265,33.8404499756526,29.632763240216466,24.928254539766556,20.471461882738595,16.810290449430337,14.165307851097328,12.620273470674483,12.275424543668196,13.169567033887791,15.052731511159775,17.538144081004962,20.276596175339616,23.002918429227584,25.5574966128971,27.78016936530347,29.63649820830221,30.78205599842026,31.057843523625618,30.161889864623266,28.13692179508104,25.139535518424125,21.6772046983372,18.301827895673302,15.522726140952614,13.581170204668974,12.34567784143634,11.631054837600137,11.296666397576367,11.419422118495287,12.084704607211512,13.121737986688826,14.288519810302931,15.411960905841203,16.301021873781337,16.995554802371306,17.30223482210482,17.261672870023535,16.902041624401758,16.317069559768928,15.507310139416733,14.656820078098137,13.692228021948777,12.74134908043781,11.808027255387502,10.854204083539067,10.043503252104614,9.618684694788422,9.873464882489127,11.059023078122692,13.226348367003707,16.276297829048033,19.432643430691815,21.60488590237062,21.983377588977927,20.503691229938163,17.847240250402333,15.327199605894952,13.63043962215153,12.925569514553077,12.921928942489501,13.447092738984095,14.176837809856693,14.8883203399237,15.424773372873762,15.857430874383185,16.201894425436823,16.534404108825523,16.78441718469664,16.781579261707346,16.501088113739286,16.135537020213775,15.609493346734434,15.016264604130793,14.174092938836298,13.150889437244654,12.197314946442663,11.41426948898169,10.76349926052144,10.158209724888144,9.700172760712062,9.588144114265399,10.18464708542415,11.565477905651125,13.602244752559592,15.816477362762013,17.986306663092076,20.21579916536352,22.632383167216258,25.022900590631444,26.583828183494028,26.76806706575719,25.498932738612076,23.92611387970568,23.07751070591037,23.279243110145636,24.173932516948692,25.18070258091195,25.94462049737042,26.082312265534878,25.527605986026348,24.115111772073384,22.27623625565706,20.463475128418267,19.287166063425722,19.051377528016022,19.61311780513954,20.47407771571599,21.188257091144827,21.46728793849874,21.54335796688576,21.55740822171184,21.780628691460354,22.344433683357472,23.093834673138986,23.717224975836952,23.85896326473785,23.503473861811337,22.85254332948639,22.362113440413882,21.959840031144807,21.665414057495557,20.945927007710345,19.766489601255838,18.062986327589712,16.253548411941015,15.045027900098528,14.595781579187504,14.830137921522434,15.180700179014615,15.456708099882496,15.556267014576603,15.48774067631299,15.321377082512397
2.3885203580648127,2.5389806262492307,2.497858386904698,2.249586443239664,1.9220144950143323,1.7022114910100494,1.7367089578000372,1.9956610549709113,2.393508809839642,2.802378281207801,3.1898183685931962,3.561341229451218,3.986379083081476,4.384938950001252,4.5652131335726365,4.368154949363592,3.8387351939637284,3.170522127804447,2.6293939014599426,2.345660446043247,2.254164027199985,2.2468758503493707,2.268548334251491,2.3854696625998186,2.753660786308377,3.4798920533473954,4.28163791696496,4.841985632542178,5.1525432483127105,5.318040415472792,5.263284826054035,5.0819426646917965,4.832182112362019,4.602239922757215,4.445115702534626,4.340524340507559,4.309427619474567,4.307683795279091,4.2777493342037385,4.079492180579929,3.792433069216045,3.551277388012502,3.6473698439977986,3.9765401799249553,4.431890765661211,4.829939588479002,4.89489454647447,4.553190887576533,3.8743562500142468,3.0325029089448883,2.2687817481041965,1.729221910417215,1.4808604409649209,1.5212325053560274,1.7797899850580265,2.1404474068813686,2.504648792176505,2.813774235486438,3.0488681710322063,3.3483783250648074,3.778684840384553,4.293733107917595,4.840704447587714,5.222853512181577,5.482151032573,5.586197565733021,5.802955167532886,6.140277748468238,6.622954015698609,7.2167701954364984,7.827034172169418,8.169611159728047,7.889230895200031,6.782136406358009,5.082937841145562,3.318435566512499,1.9705739604726076,1.3440055165592242,1.3250968150644422,1.742915095968822,2.292703881133258,2.724168195634032,3.081179532809404,3.474831347043317,4.114018286164929,4.986114797685285,5.838340703208053,6.372896630199568,6.547006198609706,6.279214800711547,5.6549929754697015,4.706825622852043,3.713300110644525,2.8384082030471753,2.2282442361512302,1.8792429469120013,1.713279913548828,1.7544407336669257,2.111768893981183,2.802207581066044,3.8362389303385362,4.929789431190207,5.875972028465673,6.5536136520244685,6.9146540940541055,6.881786423800176,6.482246978268896,5.839141204838969,5.164333431003803,4.636504030646506,4.26399864759442,3.9581524628078357,3.70905340331431,3.592434033048145,3.630687727021013,3.805793083034088,3.897680188375964,3.8443337450878863,3.6069053383520715,3.3621814065640048,3.2023790626916875,3.156478472197687,3.2050134530095034,3.2673402404689034,3.3549296595752724,3.5604781936344914,3.9125235124682796,4.357791384615572,4.707755082437153,4.859946306939556,4.759512452291929,4.497946651348528,4.238638971162858,4.26217413302991,4.68422722808703,5.3647363012100096,5.925753089512017,6.067068867447773,5.859244951747572,5.477721512768943,5.116851314128814,4.843495160637339,4.642558551192406,4.4951588703669625
7.6135700871079806,6.628251973985697,5.68008539455884,4.983041057600603,4.8728740139652995,5.1508682444802405,5.937597683783099,6.8983701733177,7.860778513723668,8.75856875477415,9.562549618942379,10.162166115772004,10.232840182317105,9.620246979914047,8.456041919387605,6.92706806875822,5.273805649492416,3.727798989940484,2.468238742467826,1.5999417322329368,1.0757431900741072,0.7970921811441308,0.6681900928982126,0.6641893005098524,0.8393334288647593,1.1956387606182894,1.5890107640261864,1.9897142272384956,2.6041720773555275,3.658216099498116,5.1753143312190355,6.931774452872836,8.631657685178533,10.085569144466348,11.23394454602342,12.059539435799072,12.371384179335081,12.07071751375005,11.520774967033867,11.011146097382936,10.583013042708986,10.004236178319038,9.261820020769145,8.444944706053759,7.901525231222853,7.783435192195782,8.104178419861295,8.746825746922331,9.622430622938328,10.673754752545062,11.728529425540572,12.500341032231733,12.639293827552056,12.226872961980467,11.375322596727994,10.46642085713781,9.923315973980303,9.770383177278898,10.035530936849403,10.545659931901687,11.401605230802407,12.918649145487118,15.279650860619556,18.269366137732508,21.37241933897159,24.09378327338177,26.342341297532062,27.994719269001823,29.248644900499073,30.253690796875876,31.140697337184275,31.936059571206915,32.36520894728894,32.00892250973243,30.5007977399649,28.171415492506267,25.736781080746557,23.610843476414043,22.00938876354564,20.613026536840646,19.307026913863442,18.017595252836365,16.73706698358531,15.635056542433366,14.860982269729918,14.530077910985261,14.557814595880282,14.751130704254379,14.93582220960557,14.965898251376373,14.849059146507011,14.59850394114541,14.300905737457919,13.981978538251221,13.648554057493754,13.299079798413667,12.748890981729621,11.878864248423039,10.591086454367916,8.982340440726448,7.132730246489217,5.305889324273262,3.810397720269878,2.8200965049613833,2.316400923099497,2.1594669401289033,2.160175563564416,2.1946080458648423,2.254312211021566,2.4499501053070576,2.855519151415382,3.3699134403846855,3.828698187924751,4.27492698569121,4.991705759251168,6.311940264188379,8.261167724841759,10.433580789429952,12.452399253943556,14.086961694596186,15.382025498365804,16.586297437936718,17.994702600243183,19.684889741056374,21.296693971057753,22.384807808337655,22.7958159881328,22.260477104974566,21.24866688003898,19.952220388009646,18.616838320527386,17.315522145994695,15.992326230257897,14.441918618579598,12.55760178864091,10.573990568142403,8.850572476504171,7.837694269742834,7.642253521228686,7.998717853629367,8.759673202656495,9.660863946621204,10.545339060416646,11.340997745709577
9.802595836495144,9.204768993174994,8.806216696956367,8.669657350124478,8.643480148349356,8.838686432773116,9.0472326500739,9.284528820277572,9.416371887290948,9.381899135427657,9.144299836999389,8.598260682710707,7.980173610050841,7.547478113368592,7.3972012676051415,7.388483238937299,7.491020614064843,7.537946662673752,7.76314879136958,8.236540446047055,8.95462949999086,9.705459285930615,10.34480395874594,10.911367175498807,11.482565395147704,11.78788199334683,11.59410065774758,10.939909908198985,10.081452044314696,9.075577839079642,8.033102460101595,6.89864891993522,5.835080787187018,5.033359712246203,4.598461381844561,4.562321502326925,4.786988787367717,5.056376772310182,5.301101264871791,5.554944562819496,6.000921226685435,6.7565405424935125,7.781861935527981,8.946144218735672,9.945791618403263,10.504396467279577,10.648929909153479,10.503838483345419,10.504817520843357,10.793088714790818,11.095151101110549,11.324004658168798,11.4312243802834,11.66027272574606,12.120428756321962,12.70337569750534,12.948876692464538,12.831537659660317,12.416587521472549,12.044647289728784,11.761150048885844,11.524677585541928,11.283163682644224,10.731870909977143,9.891147695209039,8.661900005852097,7.304693578262387,6.097695202706139,5.204523191576072,4.657396232041852,4.684606994236155,5.187205933890465,5.9887253708419195,6.67011524053744,6.851172573050775,6.7295670907810266,6.7239639342839395,6.88680824107769,7.342944909889381,7.80094076700463,8.02421824208102,8.30956229870463,8.59786981300601,9.082377139397039,9.506821053960026,9.489760973721113,8.767467891510249,7.686949904191567,6.4319584279622735,5.469560494448008,5.0423977734241054,4.979418574798922,4.921945128724382,4.7181949174421165,4.471822145937745,4.546548514808476,5.180619697544719,6.372159314990127,7.871716301304412,9.057335000702556,9.488092552949386,9.10683093431805,8.109717669277194,6.830616699254753,5.419386990777225,4.04438509155733,2.8646044270091893,1.986925727532592,1.450637308979304,1.2177653733726772,1.2534976103100828,1.479186220500435,1.8519326983023443,2.4288473288030583,3.303108293440663,4.448842310024605,5.612500029533953,6.498537657641082,6.79073246401341,6.4931575129212495,5.837362646718676,5.151659954605878,4.651088359533223,4.53348743310277,4.87479666450337,5.65529707398507,6.724379607322175,7.742539222661115,8.501275262817341,8.84381938731345,8.922045998151566,8.935243959850558,9.0020349618636,9.176102939876904,9.460185884278049,9.556136040200348,9.597076624783694,9.325457486697056,8.975660994189997,8.609688849941069,8.32304611842,8.15044203648518,8.028502273527293,7.927579201192175
8.600890597486496,9.064500501545176,10.006855381947986,11.258737581326987,12.411144061516762,13.032705089251397,12.910555904245056,12.196154716316963,11.15748689808629,9.996435814633802,8.789997528602614,7.561665364646702,6.540606599322387,5.836486780294057,5.526345903983336,5.510430933700973,5.618679960234017,5.770061908396528,5.735453968981122,5.655815014460144,5.484125564351076,5.341995741718404,5.360888004044372,5.718983043713736,6.768079356035847,8.771924037111832,11.274613006351311,13.607511519029957,15.675793748866905,17.70577309234323,19.641341135332038,20.924544501623966,21.087289385794925,20.211277060725592,18.349349688112245,16.11411378701975,13.97322254316614,12.358138044370355,11.25564653376711,10.548011811764239,10.278774306786557,10.756269282560268,11.8870091928373,13.21768804026063,14.28904313732086,14.94825475445671,15.337837561630733,15.775231500723205,16.156279009341258,16.29266177462451,16.043407649850064,15.543500576629642,15.047038779242138,14.436500881119771,13.742826594035678,12.554305731768821,11.182308677937504,9.793757545588324,8.79119277725588,8.336702624635413,8.594661342789177,9.787105986249893,11.850775570129596,14.084807652881413,15.58610163608424,15.726590360044042,15.076929096812913,14.139423863416113,13.579341994266112,13.500431348884915,13.965632387396331,14.863640193552929,16.152263552980894,17.71312582309222,19.263115886795067,20.63194585688458,21.727907055171396,22.590616110361633,23.207852008221856,23.55085785099705,23.326009676252145,22.255664456259748,20.504251712092827,18.14911283707967,15.580964120653286,13.239222032383113,11.582210756235986,10.79305776556256,10.65757115558728,10.726267127981206,10.875020885243357,10.669027239626434,10.422194024984433,10.329776521852528,10.486163958843065,10.988334005084718,11.8958265440376,13.149892331099071,14.460205722771324,15.132915394870128,15.001324855499346,13.992532731501331,13.152511895320838,12.728141100907449,13.188862539170444,14.495298138532736,16.147087879926335,17.54020359063954,18.059073262939442,17.420210418224347,15.691990224235042,13.534340209566622,11.71894219470475,10.869819357264868,11.01164749743639,11.784103520613646,12.693520838858374,13.276837535593474,13.32166218242887,12.69034854838497,11.504903949075489,10.057602501358774,8.709598523137728,7.766079822733117,7.2411040674822456,6.957252869703581,6.841650384758524,6.728878561760325,6.712715873745795,6.745187513892614,6.704680868857513,6.559669598458347,6.264042459993301,5.886087246536748,5.420767171857096,4.953569814162765,4.573722635700873,4.300279793441235,4.3098492169378675,4.637656399905504,5.231209288084521,5.987434212441373,6.821879984378417,7.707281705709357
5.455934789133166,4.791511232026963,4.182843889974715,3.647534687518651,3.09128296434107,2.5270253768570625,1.92209003965946,1.3346630022394539,0.8480820101493026,0.5236827201714157,0.40659270756179994,0.49168650456373786,0.7579007665846602,1.188726966657089,1.7733584617898923,2.5477345258563813,3.4538626095241476,4.398046706952093,5.2109407295359516,5.759676654101225,6.1157590966202875,6.255859059684236,6.2394626007964265,5.966098335723343,5.2588446100044886,4.158969553298883,3.071811075874804,2.414729885864609,2.156226628095816,2.109061966951631,2.190258151933546,2.3219145867510513,2.469913568144123,2.620673597492819,2.713732221757676,2.7315279646452377,2.6748041551760986,2.6863370792254138,2.965765124436348,3.6177156618725475,4.564471980725442,5.515763504859991,6.290014668792158,6.4997381113668125,6.185376484039703,5.61058835549215,4.965121516404213,4.605059337098559,4.533539627259423,4.686967510245906,5.007625704805979,5.433014472036049,6.054751690419386,6.925399996966322,7.8062323912632365,8.57753767433171,9.159860628924905,9.3295665061474,9.095775517475904,8.423755967083448,7.3773617577538015,6.113796277495219,5.045762884257938,4.424556869552167,4.397114320407643,4.7507911725379275,5.398004678553901,6.158501610064524,6.975828256607224,7.655115013337096,7.993466346583349,7.89816622463787,7.403664314906828,6.740222846526941,6.169941913598923,5.900703047045566,5.8284518147436115,5.750084365868778,5.383831945849262,4.62488829700142,3.5058420972658775,2.521783186469434,1.9584637123788622,2.003840693570559,2.4510764061336494,2.9542149997644005,3.3874394851969964,3.741888821305243,4.05499839855091,4.338973285527326,4.4226352303917915,4.434440312969888,4.333117580369952,4.081435952900729,3.663392385726407,3.017765102405828,2.299571503587175,1.7695857770224062,1.7184424290263702,2.2466326812661412,3.2182648917951733,4.2980928526241895,5.277665602387407,6.120537614941189,6.930382722673715,7.745459752264926,8.584398098448109,9.3901647668358,10.08850429318115,10.565178709218202,10.479947000093544,9.786088263510376,8.467280392727497,6.854078264275543,5.402575711881505,4.265189112984847,3.400700195459501,2.6898682207816407,2.0755994291672084,1.5393664496478017,1.1214963022558035,0.8769932272987334,0.796165254065936,0.8292054443387892,0.916289957977747,1.0194993968776838,1.1783459485049534,1.4285859864750705,1.855046750481074,2.44620126929415,3.159912371899414,3.8893969229314744,4.4771671555289805,4.677184016290922,4.424820907345775,3.783914984906411,3.144939646121422,2.822783160873685,2.7716935903002446,2.7914010955905084,2.729920082280761,2.5310355786858145,2.232742334346782,1.89018217218514
4.894132305566932,4.813784445968422,4.592127085822596,4.250792370532173,3.9192847730693856,3.774101234780671,3.9085115308425222,4.341856498830229,4.921012251409147,5.384641897914346,5.552399888986034,5.264345574277489,4.735515524740415,4.186432928248946,3.7741318771998937,3.4758039589482763,3.2405324271815235,2.9859541994421903,2.708503944187013,2.506887929034839,2.5332066585574675,2.8155068889350834,3.305738844483763,3.84178260668659,4.208268868619857,4.339714874135935,4.3703672865758705,4.472316382041562,4.637292826534052,4.852706582217695,4.96606270944274,5.021084623256442,4.9983934979173705,4.983630020834445,5.003824557965121,5.050860930801258,5.107734935496341,5.16385349097748,5.202802385861324,5.043047608309374,4.679891176886762,4.13544955494719,3.5762459081498275,3.2257265498409478,3.2529273461871018,3.6105641430931095,4.215854051215167,4.860396469238135,5.338415185153402,5.418235140589958,5.104476906867483,4.465172581483769,3.74361706530613,3.2316417284134564,3.0615259072861183,3.138176085719159,3.4066751248504543,3.765698062072469,4.120596915779423,4.370643240781936,4.477803026920551,4.50076873813793,4.540362213158227,4.633835526381164,4.689811151294447,4.586075642416876,4.3956584934399325,4.0954896739661395,3.680782331114342,3.249890943699399,2.8371127940406526,2.477244263597905,2.151207910302493,1.8670091966168083,1.6225446548928235,1.5496114010693953,1.70860200689125,2.124903371224825,2.5640732200790293,3.022656417876949,3.3306281875928585,3.665678412422715,4.156834966060837,4.868619584016475,5.628462740731591,6.144601546965621,6.197545210501281,5.846570831340058,5.214017867027379,4.4757158594846596,3.7589267694428248,3.146035180775711,2.770756326795573,2.659915307921269,2.7904185212569463,3.0795664045177995,3.3801611202603112,3.592143085282328,3.750893413307184,3.917036777273231,4.174355477225443,4.510161709052952,4.848416771054281,5.0765682101668155,5.138919663070343,5.02605164543272,4.730093891320757,4.401726722301855,4.1871109419947175,4.182991295030361,4.25750370660267,4.321765472370012,4.459604534514738,4.565880657448325,4.592872427453109,4.491416256647518,4.2054302429240105,3.907564814114149,3.7045153727245514,3.7008365578779143,3.8521486944235908,4.021667598934394,4.1643650457825645,4.093655774667325,3.857135952380946,3.5658164392954577,3.3681561200550756,3.33260809173462,3.426910238810808,3.5408220025916752,3.538034118111587,3.4729444850153093,3.4136250434909368,3.407211470840055,3.4200015106104145,3.4374960127524448,3.383090416861315,3.353758209844773,3.2779989003992878,3.202978803079905,3.1335628401719826,3.092826133886514,3.100375540008452,3.178750139756073
7.6002786426945885,7.276260041867453,7.013787209100841,6.92737790444704,7.026708561979799,7.392577710387275,7.7442730709655105,8.171755950355552,8.47638423035617,8.688008471595428,8.658093903092484,8.299811957069057,7.465096038238941,6.227816031547355,4.837074838822781,3.5743863265955014,2.6078249908791156,1.931353003730049,1.4291298689132064,1.046824189485112,0.7439592940071454,0.5337019246916745,0.46974916239472514,0.587434063419197,0.9404687001565496,1.567758445480097,2.5109465481003785,3.812813050153882,5.506243183604078,7.537973819605482,9.608999032692008,11.367528032308956,12.306661515985116,12.305624581037375,11.589272333729856,10.57820761287137,9.745620229380409,9.405341228583575,9.694835105445254,10.512140501801433,11.568912197055337,12.605539983224455,13.157896151718107,13.340245944337376,12.973053580178345,12.477913210438182,12.142783497048054,12.172381685607348,12.510211205821303,12.920829364715473,13.129267621987413,13.09436556893413,12.964890827936177,12.915387549621785,13.07116257462339,13.441413290320071,13.920869588492156,14.54975671017313,15.337596813468322,16.548478339379606,18.482888329387745,21.315844961310276,24.826439023548225,28.22825024482832,30.774087023708777,32.22704307692395,32.88543224688047,32.954937036518565,32.59942226102656,31.77634788967708,30.5298969684851,28.85003737936501,26.73470275034705,24.255913209098466,21.657657154054895,19.188586367500623,17.270619078061223,16.030477453292715,15.604884468255962,15.710937301311738,16.03122089629555,16.192805063221876,15.979837877404606,15.430777570226013,14.697997574327228,13.976836195681479,13.269770535847089,12.551953306818925,12.01619476121658,11.659601386550953,11.69451307963867,11.801880256131804,11.746367523561636,11.340701679665763,10.456974023373501,9.143048757909996,7.443260480607848,5.573446886238755,3.9002764623777555,2.7017279545340074,2.017234787883147,1.7948296040915381,1.9170551079054394,2.361768156665852,3.116753239158266,4.138696163398484,5.326375589692343,6.441921295283671,7.330217792825527,7.985157664158882,8.558637720015534,9.044511227308691,9.571344828478562,10.327949840668127,11.385223352290684,12.648214162654938,13.953445958449619,15.213416129272089,16.434574406562504,17.509052307522783,18.283419810834012,18.632668813831113,18.67329608643872,18.53301529572317,18.2276350432168,17.76786214657889,17.134680844409896,16.350666057892962,15.482690466676855,14.519008241533625,13.400635955580666,12.054898515547949,10.522762887912661,8.996384680703853,7.797153471797585,7.045390604704418,6.7900373656824975,6.90437529814321,7.4316385271111045,8.246653801199033,9.174765298576448,10.07946962818239,10.850083403055098,11.489897195762117
4.29737466431003,4.11928360121125,3.8836917242284446,3.6982187339095,3.6213416263443583,3.6302835672782203,3.638062476996315,3.6047383726922773,3.5299766222898774,3.4963763348257917,3.5008894209413906,3.567411064839602,3.686272068267304,3.811803035063365,3.8474018881346166,3.7461105444431104,3.468893989853073,3.118899565820224,2.8392511821800843,2.749300892768546,2.967415870386447,3.4168135678696725,4.002145605197635,4.601035842589882,5.11350026956519,5.482332940838594,5.774799799037942,6.041846283059731,6.339392004553195,6.605028835591548,6.778669089431204,6.765592241689031,6.5839317590920245,6.376035637592684,6.288214361005815,6.286193723407949,6.338390723017555,6.306736748216883,6.155662205335162,5.931827376283679,5.691400911304025,5.450895447350304,5.061879170670332,4.555288295788396,4.0304599151333225,3.6586433800270894,3.5351352329122596,3.7279431764222584,4.1782941767843065,4.637356148561972,4.786710504334749,4.576487859009373,4.068306954692161,3.6223363629602194,3.3984735265080874,3.353760092144523,3.4544659754370217,3.597907178481258,3.8065644952211866,4.132340988210686,4.567950129127488,5.028700076690901,5.331474707102486,5.438382247637035,5.4047742455089605,5.287242332382426,5.096499591632134,4.939580257179244,4.768692246399186,4.620211175047389,4.478696902073119,4.270691951028748,3.981073860388197,3.6871381405419963,3.489126625342502,3.374405370614849,3.1597355001894503,2.853684694032262,2.5291451760914248,2.3326798291468975,2.465984279662379,2.922979339460724,3.5559981713077704,4.166148849331524,4.559575049855052,4.656839995675794,4.56001090416595,4.3659592519999935,4.141160320538912,3.9131340568903683,3.600156729381531,3.293061458665996,3.008304725807683,2.8805573099968673,2.9482965913474506,3.2138363600177646,3.6738198394279657,4.298106969455895,4.996216112745641,5.636190170126797,6.127393896990889,6.426590040199831,6.590312547914099,6.667248804474794,6.638172673617669,6.489822950719988,6.183952715763052,5.83836299630202,5.723869617767422,5.987458297940477,6.4113416949456346,6.7380208474602625,6.744197872460598,6.490832691578622,6.085350022871418,5.640572117571465,5.183042824735129,4.8047120265092,4.5787478069375505,4.525261700244526,4.588484903947248,4.638315631716171,4.603557016344039,4.446197660247545,4.1420489068069175,3.8034889986545233,3.635065378886686,3.6213397303150896,3.7724122100789645,3.9152683197043086,4.01493719407361,4.107125216037202,4.202203514744462,4.207020918856544,3.9682159714958565,3.543178539964178,3.154941749358519,2.9641053216628115,2.967052822085044,3.002083917578659,2.9374833295060787,2.7952547731723287,2.5878899137784948,2.3794635357959733
9.517303100961003,9.648562893243755,9.483145887701141,9.094793973543414,8.754651540462252,8.769549231460955,9.183882652515393,10.081632111265527,11.259800531190297,12.674910280390524,14.269615518382693,15.979356256133265,17.530674806976574,18.712175603521732,19.23037223392381,19.195693355498978,18.796023552181772,18.40179932222617,18.225286154970327,18.387864482390565,18.606920846027716,18.68532916065176,18.44064437260503,17.992872574701074,17.53314109762018,16.951738082401032,16.0842391308748,14.649418414707007,12.824622578967363,10.935548228778199,9.541351841097638,9.013488510806509,9.342591381379492,10.356322120519799,11.635623979621322,12.78256206555935,13.44563064189994,13.431944155866464,12.67487353166089,11.531953487563392,10.287477113850647,9.126480710378202,8.112245012997137,7.283400733111089,6.654425777597978,6.224948875512295,5.8817598756412615,5.475407514054263,4.988134408470443,4.604836886000923,4.560406052719321,4.987107826779283,5.79588196912532,6.943325110446019,8.154063812129722,9.243828138774246,9.987987882826284,10.340911260228742,10.289470099194936,9.88687313705805,9.142136854534193,8.044976771317401,6.758994362637667,5.578794381060279,4.658791746617027,4.013618976337899,3.564183793905102,3.2342330662087297,3.0238254621295373,3.0589389343498725,3.4669162612623956,4.20650748020586,5.077175998162673,5.793645279098048,6.119029723394226,6.0520724539782105,5.639725557851334,4.963506975902299,4.182814320796084,3.4962005257475193,3.0132097546095147,2.7912502596712705,2.8860114973705753,3.2818237499843526,3.9523694361625923,4.811231842957741,5.85318303248142,6.911799578353085,7.842130300231757,8.174014032497185,8.136172723270166,7.789134133054956,7.546476297167738,7.488211183516473,7.465937910447603,7.298853071471556,6.863140899399793,6.201113607206855,5.529228541017617,5.076462337886956,4.932833237753569,4.992965461063033,4.98981483946919,4.851940606599985,4.496920995219589,4.016703262531039,3.633174249901113,3.534128906271721,3.734956789575001,4.109510029934322,4.433047199179664,4.893640018345978,5.44855035746471,6.176944604842076,6.994600177707088,7.650608639803424,7.938683474601699,7.86128920594104,7.28983807484207,6.55106827784166,5.943744202341748,5.767569233898795,6.119844385049339,6.846160609911194,7.535182298406279,8.09240696947065,8.419712937449745,8.660528287524151,9.004619890251824,9.434774581515171,9.994699364412988,10.73988019571122,11.728895997892058,12.954264564595507,14.342769049186517,15.802695114039354,17.15328952173542,18.150870566292916,18.685830368165902,18.887670818230173,18.937700072840137,18.936188545660578,18.95742129054508,18.97852365309563
8.667406078511661,7.686149907850678,6.905667797855447,6.370634887495995,6.008739813983542,5.649383917107291,5.168408237915906,4.538420980608025,3.8817300898484928,3.2952137197715934,2.909267672572073,2.8319818497919638,3.051884645344901,3.454804808839522,3.8612957159221346,4.33652338047515,4.89539294921165,5.546869088337029,6.118223295014541,6.412928988856273,6.28291957672315,5.926383950454048,5.478951408632854,5.156435990136928,4.935736397517782,4.680686707469378,4.396723257267805,4.246654181693867,4.370297159849565,4.867889517382112,5.633389822297138,6.451169519916247,7.2218502044244115,7.8697456445360325,8.403723167491085,8.85011081410172,9.028899727390314,8.685476867265834,7.746553430356586,6.483448190642019,5.281838463114001,4.475235177536254,4.099875791341931,4.042723469831628,4.229297375353196,4.579534296896218,5.02596770154346,5.510954232514431,5.946813685606906,6.247787318573014,6.4011655021326614,6.461676689932355,6.552977537932353,6.6973616945412235,6.9989933797329,7.431718026388061,7.908938134552159,8.117508513631735,7.987089560623523,7.436087083275053,6.650364959895198,5.8896041520507065,5.548243712098451,5.731225599718849,6.476130875497854,7.404633644675797,8.17517265058824,8.578233429515755,8.535883296561666,8.129130372986328,7.595418151978795,7.18824537756423,6.995996825258564,6.82703455713142,6.353901032215133,5.490953885316638,4.366225858028846,3.221638691508343,2.3351709081266336,1.858964006499278,1.7350455902485904,1.943357037363172,2.360128208487863,2.915236465485182,3.504930811853704,4.052862305402175,4.548162193824501,5.0473994005125515,5.670223524468933,6.323752502807907,7.014894482263021,7.647305403367813,8.169683879690242,8.491668783484501,8.455079690013243,7.944905031680098,6.95592413019377,5.899262498282724,5.387341930623681,5.611986336449712,6.341341334306912,7.170451707808409,7.892193557515161,8.505669723830795,8.846249287415615,8.826391596597771,8.178743408317054,6.977019705153325,5.691513942570331,4.693010991154906,4.040600918312547,3.477206305685218,2.8843241312425145,2.2815974875879546,1.72830687109569,1.2841846140015418,0.9893400292709434,0.8103116857089645,0.7584470737388241,0.7935578822483687,0.8155131683383614,0.751084052981989,0.630747370371033,0.5301279813101285,0.552512349950623,0.7558214922141689,1.1020444224971309,1.5728456050583937,2.0781212242528584,2.6089254717525496,3.144810357217821,3.6659970962077013,4.123327780439751,4.437214766617091,4.437354348467981,4.11631011279961,3.559055709095806,3.004466977288553,2.589348602725297,2.3616013989318074,2.248684133511674,2.1889306771644295,2.13124623431487,2.0575624591299913
3.611811931194915,3.289634425575459,3.0463266723838487,2.8783559990094694,2.779101994010006,2.6684696448967347,2.522989157597666,2.4039215588287157,2.2445882250949896,2.109116178249782,1.927653633104284,1.6719495859286886,1.3882929407144233,1.1714862093458271,1.0888660000877022,1.1166002265029444,1.17497269236944,1.2290089359593024,1.2607781880153655,1.2525100064510932,1.2390056587440852,1.223709940524924,1.2328101769229796,1.265817008169228,1.3430759838682211,1.485759852885842,1.6445663658580025,1.7318871657403354,1.7002224337682807,1.6063604998961212,1.4649780358182758,1.267658941613478,1.1058165875400296,1.0135910474120655,1.1607552959202345,1.6130820843900866,2.307166357802697,3.0416650293064547,3.488577297034897,3.447281701455559,3.171625946109404,2.7838652128425045,2.5301224446684363,2.430250596781244,2.3263845114875163,2.164044155515653,1.9243562277109258,1.6852636355422512,1.541463230665235,1.5371880159465516,1.67634143091515,1.8790158526108187,1.9892638613243594,1.9632499514004889,1.7617638294678775,1.4826376243033275,1.296581008360441,1.3285755193314412,1.7085367197859564,2.5032791828158096,3.657643289896844,4.980049123583456,6.156528683459423,7.031901490778811,7.639444988098342,7.9978698454685,8.266534781986616,8.486866878301656,8.724793694520788,8.970891670813787,9.2180522196766,9.4096409668845,9.596884701814567,9.855672246431851,9.935334334835733,9.643729628560369,8.819159285825945,7.793783231997417,6.90211204419053,6.2549220805669945,5.729224123883646,5.12162178016175,4.201605681058949,3.168316520868463,2.2559596004875964,1.6426572367141334,1.3184441019704844,1.1812471120302241,1.1552929481255059,1.2140779467978862,1.2948806240245525,1.3383390683464225,1.4000753554067416,1.4464170181462672,1.5632536725684214,1.7654349535164378,2.0286936086451384,2.3681531012760413,2.8738546485114043,3.5871682754230694,4.550457659037168,5.652644237218117,6.878826573967759,8.075886650588147,9.10331555024999,9.935276194075293,10.412310485028724,10.726896246878349,11.118144255875206,11.724189061200857,12.38741139171116,12.742985653023627,12.370138028678543,11.350635541701243,10.071645014403106,8.859269172769746,8.116884293270106,7.83291917626642,7.77045097060727,7.71966260704906,7.534975928808395,7.284090181778518,7.111768599192591,7.110856019638293,7.297228250733598,7.459022194016597,7.556205963339194,7.446250175652125,7.2331698176489265,7.036298960384182,6.889512278405404,6.822061040539916,6.825101287092824,6.859037729476089,6.821104608329394,6.704801319310154,6.44580794084264,6.119007091777787,5.7722935014135865,5.471926789242579,5.337125332390882,5.313220749787017,5.364461687807685,5.412745578234468
8.706098445369777,8.84277363563643,8.896986530730146,8.894511521968653,8.990018330606391,9.128182874276959,9.28125382578453,9.351174314774754,9.213356613271673,8.7874969146553,8.063201503467816,7.020711149493271,5.84744669501613,4.756149178908635,3.8490033347253174,3.107975302492432,2.482084077185147,1.9217670912829743,1.4901060617897186,1.2703611522222489,1.2252361254631958,1.304475487995068,1.4744908635330296,1.7588215372046543,2.165241518708572,2.65264420013074,3.149177171733961,3.5839678900298115,3.889694537463941,4.06061621778582,4.113234148501402,4.1836679040123546,4.409019823433152,4.887793382388545,5.606192921935624,6.550826799273446,7.577930853233583,8.543404808727383,9.32807272378789,9.91388642679585,10.408076117396302,10.964248478225995,11.622683767437424,12.314053021418971,12.934590753103823,13.316841176041002,13.362676879668983,13.060964251702547,12.391957159388907,11.50548148894296,10.505243110621647,9.579468225842705,8.658685871487744,7.733071131322176,6.831007388283488,5.939393611570693,5.0841803458774475,4.253405478558389,3.5323145914172636,3.0395067547944334,2.9131292759489176,3.200956005280429,3.799928739480939,4.593609973440104,5.476929238191389,6.359969167724907,7.176070758570467,7.883473314010661,8.379106842077501,8.654475432868876,8.878344946604239,9.424090320279518,10.559437390527908,12.07133285669917,13.51044838059342,14.395871700905348,14.460210488818147,14.103542871045896,13.278859980101625,12.412314472548976,11.47188184984237,10.654672176450864,10.160617141952113,10.195181547424665,10.705895700901648,11.336281434800757,11.725246688393533,11.690963924682528,11.233685391172155,10.328718832360863,9.105644108267306,7.827239086004129,6.76285683483689,6.120859306412528,6.047771339411464,6.613820156011125,7.71147694731407,8.933253450174076,9.720601499309907,9.7470041946292,9.105590968630212,8.074722528301058,6.923323414190478,5.781972366445932,4.735280101215628,3.8184000116841705,3.257687208332338,3.213177384955792,3.766692196902366,4.734971568277745,5.904134445104812,7.1437546887289285,8.373585677746076,9.604745342364094,10.642644545346972,11.439648292827927,11.952495794826042,12.17600934985807,12.245864557399026,12.074924071875428,11.572100621284124,10.768403457533246,9.879188283887734,9.013075515392952,8.22087086750992,7.350799324906122,6.30814370812328,5.149911939707561,4.021212243309018,3.109596920701059,2.5107896622717574,2.192490056739334,2.0872903181341664,2.093292860173529,2.1252665966092446,2.1297716841659797,2.1022586387222884,2.1168507168935493,2.20968085412054,2.3526979183171837,2.4935209648780914,2.5739467890271728,2.582454017463484,2.5352048762170543
7.087800955313947,6.617313342808515,6.1998059180742455,6.011168073899728,6.217888651531415,6.75966691463765,7.495162718444067,8.035977872137945,8.16237657328089,7.917496787812278,7.4843910253238235,7.112078582243147,6.964878851333189,6.96431480724782,6.98564698390251,6.811715806347169,6.387832685234211,5.679543796343534,4.750582080106788,3.750427779637382,2.865514943079364,2.2414805479897058,1.9161162367935396,1.8711682558397986,1.9453601039518773,1.9978422367633186,2.0921723275477335,2.2515856825109046,2.609650903668348,3.2436583544675814,4.0308882066690925,4.788386969947331,5.376456840631844,5.6792444835180085,5.715841500743866,5.501677022553513,5.088241659928887,4.621428970974963,4.291468725398363,4.226727566828452,4.467742267009489,4.888791968156027,5.267791872059787,5.48500651298807,5.445896100698297,5.2378515037552,5.038129063212138,5.099525203594295,5.467705622532858,6.060100670166362,6.583016825429672,6.797204041908495,6.734718675183653,6.6493324630955355,6.676237361672593,6.945699234880005,7.359230151331158,7.801656975485164,8.138134728883136,8.34697491923212,8.522940723917063,8.94288335320336,9.959868871704263,11.791761955429926,14.479733100937505,17.778757440424314,21.180536159889346,23.98528059320034,25.72264423480339,26.422828425190886,26.37779584706042,25.993628307955994,25.41501899062671,24.649204757994678,23.69660685990369,22.552202531561782,21.45543269198218,20.315240040916954,19.092104984199942,17.823363779967806,16.621478980027508,15.657655831168446,14.957202086587149,14.413112340002451,13.95961311119996,13.520199805734265,13.083329508428358,12.738157668451702,12.338230882885156,12.023112039492176,11.780102111393095,11.65963467869933,11.624560696255891,11.688799913579945,11.812369635118333,11.883191648530943,11.671056791895236,11.038724424090399,9.947894768772292,8.447624598616922,6.720608124760085,4.997695433794574,3.4914530952809173,2.3502084606826417,1.6082395267122749,1.2156638413981278,1.0988215775507602,1.1288479560559754,1.2777877378679858,1.4555158647011939,1.6247684922870935,1.7229573590346512,1.7651450346414528,1.8783266329335202,2.2356215791736447,2.9378563594043228,4.024408506629364,5.419067386354448,7.029311438352343,8.701503316333156,10.269478559392834,11.63351137199897,12.709050336433126,13.55983485320196,14.304423460055435,15.022847240516645,15.773405648857539,16.47790384189969,17.220520356377456,17.879794898363407,18.25600467747781,18.26428984924221,17.705989970885952,16.58489592269009,14.987083357522087,13.0302524710906,10.864928571433504,8.732886081980169,6.887600604180301,5.486247336826235,4.522819272305909,3.957251698970847,3.689515377919278,3.653322728012257
19.723964702357502,19.845122921849008,19.59340409893077,18.910810478939716,17.83144510436408,16.569555010675234,15.162869521276232,13.87702776671134,12.825610430463442,11.900341541904798,11.139872603726067,10.560405990906759,10.230760855281485,10.209727920831579,10.525599420258484,11.236995296357996,12.243511236452285,13.308222388744138,14.335514668984805,15.180358423629126,15.82508944382911,16.37261812229341,17.02832555989949,18.15146054916393,19.99516743227602,22.35166163419069,24.871147930412345,26.86174496114101,27.865414915573332,27.20232485472723,25.045687348579037,22.166965680697754,19.25592941885959,16.742486258916557,14.865155129406238,13.715254873077047,13.200176531419055,13.281997819214004,13.564743232388144,13.92905264912766,14.207559294671318,14.55787521879795,15.024652936954515,15.59802190713197,16.07015791120926,16.3396497631711,16.384216501620212,16.24654252367025,16.08948390617406,15.901890341183428,15.642213833690851,15.15440096139283,14.420094625759237,13.608379827268184,12.928688359276132,12.687013110184704,12.767147497252633,13.120921537564792,13.482014764322534,13.790589569695047,14.236511164448093,15.219325830088925,16.986402705705125,19.413649763450927,21.86245038304613,23.495467715912778,23.991496056426904,23.242751932210034,21.657977376274268,19.721495778956147,17.82394083352605,16.13708576839418,14.839565855186162,14.041582618232923,13.782309109502108,14.044545575515283,14.800586939559881,15.974092340035956,17.23565217475035,18.26701186449363,18.84602005928382,18.97833407647416,18.838709680058585,18.556389327554843,18.187013651586437,17.70139287651757,17.166148389911918,16.58390317817384,15.959117966581468,15.459923024384986,15.18682741566784,15.201277540289102,15.388501083182252,15.585008768002698,15.65278168276787,15.723026586550159,15.901989370448877,16.42560411617431,17.367379452429404,18.517151623567973,19.263136518801854,19.056695463876974,17.707775644549574,15.720335803724007,13.752509911753188,12.180928047650198,10.959785795460082,10.022548168619666,9.291612469903452,8.754210211658785,8.480751071187338,8.532369312098943,9.166656300128988,10.542720731665359,12.649210292929656,15.127540903771926,17.435875601551526,19.05201086893971,19.870015668921855,20.01657038817239,20.02807677126138,20.14107556358004,20.41077310790121,20.64240300066898,20.646788101762233,20.560029004346315,20.476674049295873,20.44260671583248,20.34131090334474,20.125528344785984,19.827551355605138,19.605320242857047,19.639027608437477,19.96481161996217,20.665050119222407,21.75785688566002,23.210811939710325,24.72009402149491,25.860275532694118,26.514439307531823,26.81755231865109,27.01441374385691,27.354869401414096,27.898071472894827
43.410376359790774,42.65341793542538,41.06125951390465,38.89514843978749,36.65911516509561,34.91784019745221,33.850742389937494,33.34482583848449,32.93098369300014,32.38692012594898,31.587696200261,30.415665561112405,28.636318371304654,25.99639370571994,22.534555959577474,19.03982197390726,16.447861385959108,15.232949096315846,15.124040426281919,15.6765384463602,16.5604212463748,17.676628797908645,19.506383230964488,22.532149878714446,25.92011092019474,28.570195568673515,30.792595704074124,32.6954169288793,34.322621712065974,35.562714838724624,36.332918655467964,36.82681346240945,37.38383901240814,38.3376297988045,39.57595185045734,40.58994173124982,41.100051916334046,41.189936991019245,40.789164446086914,40.077367765109116,39.69387652263882,39.9002098567253,40.64409191218288,41.40359583546548,41.81796797660233,41.88847352355616,41.48867596986255,40.80301213423798,39.49472320463046,37.296555698862264,34.488007712569456,31.273039465058698,28.411019792278264,26.537125984915022,25.59903004443021,25.408361118259652,25.79043015458609,26.27218032932514,26.489515684082107,26.275247441345996,26.268936713763324,26.669043550870775,27.461809545991095,28.158101489055674,28.165511634079966,27.560607876462395,26.747524841649156,26.407868532716666,26.801713961311084,27.923144335579003,29.93858246694515,33.269184610322824,37.818951557599014,42.45820038382316,46.174486890560544,48.713693512305554,50.12495954357389,50.54237710532877,50.18664185589225,49.34966202718944,48.04449563381551,46.235446279690834,44.16168330331738,42.30418681198443,41.63433569931953,42.16322850843592,43.05924129709677,43.29452046062872,42.42739473967981,40.452112233472846,37.91431003894849,35.21357827263055,33.10897528395358,31.959945862335164,31.79587807779155,32.352599564816416,33.56143942571173,35.26340052416852,37.0106744954968,38.276840678108435,38.99578392133635,39.78918211557769,41.03294801699833,42.5446401833177,43.84667151265109,44.34699229545603,43.93180470950829,43.10422380251993,42.67458905656016,42.83229599989358,43.08112754708689,43.01518647169082,42.6567504677234,42.13966208417127,41.64470150697048,41.60200902260745,42.35200981894419,44.14033965614059,46.57340732538887,48.63314050215914,49.32541385531444,48.885432227217706,47.817695967983404,46.88472330371825,46.34576067551544,46.49119539639313,46.84015017719167,47.02930927253703,46.47122674866778,45.16985196345684,43.05892173378386,40.027467976621175,36.11054452910129,31.824279059594367,27.67248879752939,24.107746918140347,21.39292669446949,19.602048316414447,18.566650580014763,18.084464332507014,17.88239695417996,17.789171466222776,17.698045082660975,17.566358101792385
32.69080212957648,30.555545694050558,27.98609136385079,25.262003439155357,22.749279077705953,20.854926899729413,19.99964273868466,20.20314670274532,21.154913478959937,22.013789698588045,21.948572448547036,20.937499006565677,19.51809103666127,18.31336579370501,17.64291645639007,17.577543107332822,17.6993006877611,17.89384371393087,18.171810572817996,18.56998634521336,18.959262886819403,19.36972234528744,19.903009458006068,20.636823674387927,21.81641898801291,23.081859081496045,24.45484624938478,25.87419421429405,27.21214959950809,28.305893774256422,28.98247274631191,29.0577548807989,28.557071207914866,27.5420149539876,26.343239944031684,25.390760488803878,24.661853901242374,23.882377756734684,22.924271003002204,21.727545442921755,20.336288921824135,19.049265399684664,18.305970003926657,18.51775656666271,19.44643270243984,20.316459595260486,20.658162086455487,20.187426014296587,19.675273007600147,19.746485013072004,20.318848965531622,21.565404561998193,23.076485225723143,24.77453720967873,26.3829029066917,27.651491282611275,28.019820311155016,27.792437983559346,27.224791273544284,26.860774460979737,26.794102408295252,26.601116246239272,25.871933723852642,24.396963511755715,22.482751287971645,20.768976100544226,19.846308722796927,19.887070577900978,20.362118971316892,20.836441424439233,21.172226914949928,21.19368096652464,20.6633139620118,19.393633860728297,17.609145027300947,15.593193524392584,13.758760807773578,12.354422083046133,11.47045906574512,11.003304390380947,10.675763266592956,10.3454186084312,10.021839238315653,9.740510734004825,9.618709618285207,9.843694625128308,10.003151435799156,10.632161280257495,11.474799247517877,12.5120410151385,13.727154838998642,14.670077071568294,15.59647715286862,16.6550224391846,17.976505376687637,19.871305826715744,22.515698279729083,25.852777524340897,29.226617731464312,31.587145496157174,32.570552542002694,32.45556902173249,31.80490516940197,30.9592930524333,29.917563714625974,28.799719506934366,27.743691140432244,26.793199268443654,25.74054378884965,24.421560273239418,23.007756792383848,21.859573709813745,21.248080707257657,21.17996941931849,21.653404941723885,22.436865843023877,23.092147031399424,22.907229432515724,21.430320325122132,19.50198035945545,18.15928099463707,17.439809099487864,17.15245877714441,17.001417831324247,17.181555634864683,17.73802538158008,18.82514583994883,20.31406672320738,21.94067891931637,23.604369394568014,24.95883127225383,25.71236810712772,25.847920363051465,25.447574980595405,24.7929188181541,23.9056406228418,23.190811265712235,22.76343527030036,22.695897607581347,22.784155673984415,22.86073157541063,22.896307644263103,22.917829421469456,22.9574906240912
8.261258058725561,7.9276333262472445,7.759390212129209,7.744446832573937,7.788692751975597,7.757202647836466,7.562629778925176,7.113133346534173,6.518727847049049,5.972346971609919,5.708538951630624,5.7344871209899155,5.96208478889421,6.360695431904399,6.937873127608406,7.695548558799901,8.407962401767175,8.876859009975552,8.990274353140695,8.989976112872407,9.188053320545293,10.0064943932367,12.063857496558049,15.260829080575167,18.00610987737816,19.116008432746312,18.80405700717637,17.486771394977666,15.647601355326934,13.558710437831877,11.474858338824145,9.744893501077035,8.619138299334601,8.240126722474502,8.408911909805466,8.64607217711357,8.6928826028806,8.528752041798985,8.204458376409018,7.813480369733308,7.5281918738215845,7.487352029931822,7.632014399186146,7.987647902004803,8.469699375902119,9.098229831659935,9.56484225700503,9.643988077654253,9.540614065716579,9.26723366269156,8.959462290782215,8.649255407337638,8.268693180986087,7.732989833319043,7.106924514592887,6.552817545011376,6.37688858071269,6.919143628986719,7.987797021372847,9.604510725329318,11.394084306986475,13.219474710370067,14.94900562136505,16.290412228310558,16.82541878623189,16.20786581109551,14.706146192350108,13.009397035572231,11.576993501879922,10.524938626263985,9.727371732517597,8.88195307221969,7.77705963958057,6.612557159137195,5.669010657290951,4.920409631011387,4.319120626181581,3.867719257835488,3.5815280824549194,3.4997042088371844,3.651280724550191,4.0869627705506195,4.696441789567119,5.337307253440963,5.813182221428472,5.886457096246243,5.611852467358044,5.498140396857594,5.5738370036945115,5.7856167889911525,5.9241566655780975,5.813787074125125,5.416732759469667,4.90354902232223,4.562474032712853,4.483385636230458,4.728575518907475,5.0928687870583085,5.370743140499277,5.348860269696429,5.127528780201853,4.889808376948033,4.710547324022645,4.618492945478066,4.546303458229459,4.450426541198289,4.3165951473144055,4.288887211021185,4.5141919301210915,4.972425731592462,5.449514579657701,5.722416456254883,5.745834678068265,5.6506181772612365,5.5386884329513215,5.456498946212227,5.474240179103128,5.532869807738724,5.8120045589644755,6.307659462424429,6.8874437252641645,7.180220474759333,7.187614343514958,6.8687937543920174,6.413415965295328,6.041879789544459,5.898249377016333,6.350480087484479,7.170542625531742,8.243477169975202,9.308548161791066,10.025191950699053,10.31117427517198,10.144854544861486,9.856258812496922,9.642007047767306,9.659224736730877,9.898894171737048,10.226911703144744,10.454488936607216,10.430646975233497,10.193225673423864,9.894799912859044,9.64296992053358
14.814813236874262,14.97485680482371,14.881803999580496,14.213191993428438,13.001106135328875,11.537046673650444,10.300951085751539,9.57536390588917,9.422879495355842,9.669103306118254,10.180757545349223,10.963636443651186,11.749919992749737,12.517870203019056,13.069221405452739,13.364316987332048,13.293509038502638,13.121653343540496,12.945411479234405,12.789322438999942,12.689929375170761,12.572156443963479,12.647294435240806,12.940564811026007,13.384871116670364,14.0695887921344,15.014938060216755,16.20450990508815,17.44064534632778,18.487581301539535,19.12180246873422,19.106808627458598,18.30180186368349,16.5274421004297,14.33948386117179,12.798302469808563,12.330454368749692,12.511562144221509,12.751510678368723,12.781720636240513,12.515246556193103,12.061419159498719,11.552958886034766,11.165900323814187,11.072378606806783,11.262374255162184,11.967496388052929,12.970830411640558,14.082810456737807,15.416845231069372,16.82900469558467,18.31401848755487,19.546497986026804,20.059327622925043,19.930700184199967,19.20626306122002,18.347559313391873,17.59313305728301,17.308696848700876,17.527556673697212,18.034113694058757,18.436964359948693,18.026496922295358,16.899833248805265,15.219721875213928,13.41570486090937,12.128002004412624,11.544332589123817,11.478717155870267,11.481906620475048,11.237239441691296,10.511013881362915,9.492868346326755,8.779432796130587,8.608334041491132,8.656940277451925,8.622989830697508,8.393501207063844,8.080068695273088,7.739403480894866,7.381101972694932,7.00154149671899,6.591607536187358,6.396845852409521,6.563751487461781,7.161107627876858,7.863684918624563,8.327682366557177,8.369736299567368,7.919053940470652,7.264178515342385,6.993112347521873,7.411034377503911,8.403317101940885,9.671714483918269,10.953021765250583,12.247603790324595,13.800838675663236,15.56431711931907,17.261525745278114,18.519665780533977,19.261695069786693,19.591904617355716,19.461170135832937,18.711211168193902,17.376846744962137,15.825778619107089,14.741323399159254,14.432307704062984,14.618743912560177,14.940597635066915,15.09538367187714,14.948470864288343,14.57010677462218,14.251004309696079,14.315370030766513,14.738990364685352,15.34071517827141,15.639979890866218,15.313010093832832,14.399427284653935,12.848780921888157,10.975291278139302,9.369280661257228,8.671856762110147,8.867050380437538,10.032984485703862,11.44274140323279,12.720483991882606,13.6068339131505,14.067913110755423,14.196635401670811,13.995742067102372,13.796807559629894,13.847756723718227,14.14815802551004,14.676344398686602,15.249331712562302,15.84653482181007,16.35941468414437,16.57668184100142,16.463745672819066,16.018527143031836,15.319586625063463
22.86384513956201,23.124975944631355,23.03806885057511,22.481850873167847,21.499101667153823,20.24251484574534,19.097778853397376,18.349601030802287,18.26060503090674,18.802949373144866,19.986990869319147,21.669340564617343,23.492882288686353,24.96222511331978,25.749780083057935,25.84614635884959,25.38113600879938,24.58143693091764,23.80108525395274,23.220378482622614,22.91134262054794,22.737758963057715,22.629860196027067,22.616425331513945,22.920879706750693,23.577866335866435,24.49716953946395,25.579955362078465,26.9718353779085,28.41612955335099,29.8610495768973,31.08677808035404,31.81225569333209,31.781059916517858,30.87809513274843,29.283648445593112,27.094507482032736,24.69662031514687,22.577538462649038,21.015788250582407,19.922926170197073,19.42026321125668,19.72879243106634,20.937030440883856,22.7247096027764,24.351173262283584,25.256884471615933,25.401496640580586,24.802928096867923,23.77954378450409,22.759124864620485,21.810167091246374,21.395913440816663,21.70357206911914,22.608027118429394,23.74496868374173,24.649275984348588,25.12689888719068,25.303661352147397,25.536461944397335,25.51391180889766,25.12336275532439,24.19014413885383,22.85437505498937,21.461344779802758,20.295254756997263,19.3955451099031,18.77294316809779,18.38440830703364,18.268454879503135,18.40445885808994,18.704478131020874,18.936664831384256,18.5459722527246,17.710095555965076,16.165631437520673,14.4071895154977,12.940076264204055,12.204089591586575,12.292447547030493,12.877541218343453,13.5288619342582,13.740495956160917,13.867358136538844,13.67239072522786,13.646783670296754,13.756033781312517,14.041328948665067,14.411014978550462,14.933742122321537,15.626289649460269,16.555935776292095,17.7814092579755,19.32324247530807,21.176322878080885,23.34034526199966,25.6048758808638,27.66839226483485,29.008451578619407,29.35900999675046,28.988196383612994,28.606198640699983,28.47083365714506,28.496917864661487,28.558883352693936,28.27137858959805,27.668160241939628,26.700620370801662,25.64442214168667,24.48185892044045,23.01586999429422,21.151177271046283,19.107798536425204,17.295823713173604,16.083959499972732,15.412767617157714,15.280036751419834,15.581880277116962,15.955862951076218,16.38062503940414,16.71789112946858,17.088896511796793,17.490805178850906,17.94157152603956,18.26144712097344,18.53915754062589,18.830859588328636,19.23806210305116,19.699857757419547,20.170237668062256,20.385639201466116,20.314974556093617,20.029109465544035,19.757000530518326,19.784385724881414,20.162828119248108,20.833641532261865,21.45679756825922,21.82770651953237,21.96403832613664,22.020607103386432,21.98828293437768,22.035453784097015,22.18317551059169
1.6041964554128312,1.6534967695742628,1.603946045441274,1.4686212797470621,1.3153859790117959,1.2521846786315725,1.2992770722737026,1.4074705659054656,1.4257610523939035,1.363301214943136,1.2127013714903478,1.055311470744138,0.9204070783750431,0.7824056709718679,0.6531183337781223,0.532697058933874,0.47824222067332123,0.49816783899418127,0.5481281028249512,0.5838636083564078,0.5622788972937334,0.4906285405962784,0.4131940043017553,0.4100975943218993,0.5290120652573266,0.7584104221156941,1.0692515107154847,1.3736522747679107,1.6257799989679558,1.7803507812939228,1.8790215810084088,1.9390487392964675,2.010448120166284,2.0547098763311666,2.065324885399032,2.03543818857118,1.9629351511042223,1.9056271241099945,1.9256832740411898,1.9806658849542413,1.9493216949015861,1.748371216284854,1.439951417026304,1.112899055612751,0.8344392819224952,0.623102677792043,0.4808283331708862,0.36191176509329054,0.24985340680094076,0.15693629237274956,0.11133129929171606,0.14650618522208594,0.24124500637847907,0.4026222103334104,0.5509392236841308,0.6202087215077519,0.5843643384852204,0.5040878308807403,0.5279383789208791,0.8010779673169779,1.3803561025254196,2.15466997069082,2.8423923914491267,3.220740875082149,3.234566583523917,2.998888303629575,2.6351857131703036,2.224580991464115,1.8187495747907148,1.4084037181794895,1.0207244643672555,0.6852522559717069,0.42467255838261353,0.23563939961415498,0.10785435915295304,0.037529870099871514,0.009821013357974192,0.002190314239622848,0.0014906046002282872,0.005215099462801887,0.018286830723986618,0.05153583162646624,0.11597555614516489,0.20967182812973834,0.30573451781926775,0.3506263169537694,0.31957642900735583,0.23211357494627577,0.13286534950437595,0.0629737172554173,0.033445806688811724,0.04427241031026074,0.10265655384640834,0.2245972018060609,0.4219430474119641,0.6878139535630228,0.9700466976529475,1.2200054285555124,1.3036253536196756,1.2573724729231324,1.1720205853341683,1.1780640294610807,1.30650273394804,1.553260849799771,1.8953539019483527,2.3505011920907943,2.9106390058442773,3.5036541993676895,3.974103650965543,4.194401870087045,4.233068888376073,4.199748722495001,4.164623563850799,4.273577806096639,4.476666559687917,4.884891123287017,5.338042635538023,5.739276809804675,5.974492196942636,6.155727585871253,6.1734326733629326,5.903260163811447,5.227487453031907,4.33011613433834,3.450052951337194,2.789282958669843,2.442160653268642,2.4775582517176935,2.841442348335418,3.3544255029293804,3.9189240637064406,4.417313796360674,4.76822927953916,4.9513585289766615,5.0632782829654595,5.250015831190828,5.615102615957311,6.048300803231101,6.41061563729826,6.512168817790315,6.418125157902771,6.220450753118725,6.042638881700507,5.938354649248309
3.1677533639723197,2.651704782392885,2.2216771450346458,1.9307118470425502,1.7619942951007521,1.702973399742786,1.697747976073782,1.6753029217840747,1.6513229371290437,1.6419711341868344,1.6421729566505836,1.7173812726160909,1.7983237082646661,1.924272310141207,2.0726689386852044,2.2117004467682646,2.3747621037821074,2.57069220561697,2.792009084169131,2.972504808769626,3.057824662517437,3.0072323847683737,2.8056245926263426,2.4594733269702647,2.183340247448164,2.073531253911929,2.0503550312134955,2.0695011437089006,2.162790601949644,2.305753352299674,2.3991012063523,2.3610024331384136,2.241152500742181,2.0206141823848704,1.7288727302694933,1.4224451594909149,1.2144230478768852,1.127284851257213,1.165366510614305,1.2327500898529509,1.2777779167948657,1.404033074733492,1.699233598740252,2.166220769521591,2.7332730055971703,3.2694931310603974,3.7381000039511156,4.020989231770532,4.005470918284691,3.696990720917007,3.0841165632886676,2.3307731756420322,1.678704099023245,1.298992853760341,1.2067708530110466,1.3521661267179583,1.538932984921807,1.715921525901717,1.783319855240646,1.7350889060465726,1.5888406916505358,1.4685705337848765,1.5104817302017124,1.6866639543099307,1.903386058821316,1.9959890878145115,1.970765306107143,1.9171574073412418,1.949963101439355,2.165846039451497,2.6224230953304706,3.2473129205204825,3.895657274057613,4.4428356877154,4.767643602611317,4.790999443380667,4.3568496671654255,3.629280066009279,2.9160361280465685,2.4677969212548208,2.302324039963054,2.2579139840044657,2.1655699295024466,2.021532271776306,1.9602490186189538,2.0953444847902762,2.3194039732868372,2.490853566657495,2.4413370622693096,2.1917015768649617,1.8365278853547453,1.5448502436816658,1.3410477494468542,1.2464395089629106,1.2633902221139133,1.4670208093375618,1.9384912851606724,2.6948262922661663,3.527290363592798,4.17027088379152,4.539024801909866,4.725665852095774,4.846506210573562,4.941374746595193,5.009348370397527,5.079671525064173,5.201709529884965,5.3859506870497835,5.654972683486414,5.949417227764912,6.236262192295511,6.38569335150669,6.498429242858303,6.327053614384857,6.068727472751082,5.775958296608961,5.491367665222658,5.171326283668951,4.783598973095659,4.274274112565027,3.7590180421099717,3.430543302900638,3.41309722179196,3.671512362838508,4.07025474956116,4.53771340877485,5.069919081060826,5.561380676696818,5.914376929832728,5.998154097543374,5.9193349744270645,5.737076953558087,5.472463618792437,5.134140350904968,4.6429190683550825,4.115972049690141,3.6608593964587204,3.3252926102802074,3.1572066287342646,3.1038328190576485,3.0913079951734264,3.101095121691423,3.1329617490637345,3.1771617505454968
12.435695871677067,12.060657551684086,11.971603991008966,12.230712144902808,12.638683032807817,12.876735697885689,12.489658353737193,11.52747272703714,10.223651396231721,8.961797600651604,7.990814565669828,7.161329294710263,6.364774664154534,5.648135593782394,4.964623630206889,4.407278589185498,3.8725508519946668,3.3742818279261755,2.8360552940661625,2.3438227655219457,2.00971721899652,2.0322491422793396,2.659097035176125,3.943709675527145,5.443022111236009,6.887741687900787,8.289622947710996,9.56408247623233,10.399057891843741,10.839516684805627,10.701059610210317,10.381279225631733,9.977492271768872,9.899595884524725,10.19575752176186,10.641732380769888,11.030558056156066,11.076097129828147,10.684531747583922,9.993559294138883,9.378204520416501,8.994128359060841,8.736994022687984,8.35628897248485,7.810874045004046,7.195596164473494,6.789364264051352,6.616815264895964,6.580758908284192,6.406240860651534,6.02724065880899,5.613165135135885,5.321867885481672,5.14333142276629,5.114258672172382,5.118093220403898,4.989398708355948,4.763437366612937,4.5513400392119765,4.618657471228292,5.234289538013327,6.3305303901505,7.441910478858168,8.203936782420158,8.496781496342022,8.335217495087518,7.771661666309263,7.008348179759126,6.2910584471743185,5.668865070142408,5.383370508039727,5.573906283619508,6.213125428486385,7.170669213000289,7.987980894366365,8.333782622097818,8.020758617195819,7.251890055086354,6.469431168637714,5.997227697220727,5.739004377662527,5.507929915242544,5.225207128968763,4.961617945974681,4.841365421653493,4.828462880217668,4.842374648934169,4.749866849573312,4.738064196907033,4.852199513058598,5.146758555643301,5.481611579746259,5.746171550878144,5.72923826574486,5.640720224565998,5.66857813602609,5.926336401978113,6.468509767378193,7.098481290286387,7.6049470711806615,8.03946932859187,8.409136915140671,8.672194359435096,8.779738121750237,8.73400259473993,8.634522804520612,8.587175792424977,8.6598840470641,8.798071339561599,8.889144969588711,8.76563776734378,8.414671803659786,7.896608333233311,7.316064906516805,6.9082681577427625,6.711718795395877,6.792512197869233,7.0860140779539185,7.7204943041715905,8.610969793935054,9.523228736501906,10.235470360178503,10.640450260298932,10.790794773784553,10.748711770829656,10.505518840946637,10.167724292568487,9.833622795396709,9.528660653698592,9.275622172601427,9.055930342256762,8.732235175162172,8.209418518725716,7.358426468006356,6.155804107168036,4.8976644794980535,3.8628829767613917,3.2585627665512074,2.9425229127360746,2.768425105010216,2.6065902016332427,2.453688898110519,2.3327826748167975,2.255823690006009
4.726191047007326,4.529216611282474,4.501929077901724,4.662999749152537,4.944662085862325,5.204535988104366,5.299495230424933,5.521754867958555,5.937930123841069,6.589455773108266,7.199792302418733,7.402872466671794,7.410256734756316,7.323498347481324,7.460820782536577,7.850594787057825,8.159783430367352,8.15443428720118,7.769059002283862,7.288608762524171,7.020643291125764,7.056281511661277,7.2049582083824495,7.205806024535753,7.250300540986694,7.236223742217969,7.242018241011011,7.082069766173311,6.774691411716335,6.514453793300135,6.375159203172369,6.397516036844457,6.489542601767773,6.624756282852595,6.8340978050941645,7.099020249564398,7.374043276732863,7.50168678942235,7.450541146213931,7.382259280304437,7.535959667658383,7.967610343341177,8.477900272832342,8.839942503902375,8.976015188315397,8.899237563581373,8.694636597671419,8.389677517777569,8.084804012788819,7.799462742441738,7.568116126486528,7.452397216190634,7.520594021927588,7.677374965581001,7.9018301921410075,7.941913248701324,7.787294808598778,7.546218151742426,7.326967086967551,7.3472722197228695,7.659461007017409,8.188774567021765,8.70757479308803,9.084863440500389,9.264405177328502,9.323157286565463,9.270470936744116,9.140238826694361,8.91594840593501,8.541243481140038,8.035792603950915,7.469362603651713,7.123111539151578,7.101758971975918,7.29846628799587,7.532625310140789,7.862388857553776,8.253469002226797,8.609338122338928,8.585261270891829,8.09401672388347,7.258917730057015,6.563099601996227,6.413226422474987,6.904345197668179,7.867386231921953,9.13043441377264,10.359849023906943,11.448348025168055,12.135478394840176,12.243549874393265,12.02690575952056,11.63358581538925,11.4137836210444,11.251855399569703,11.027329329782791,10.705821155500626,10.196783405465332,9.655286406706688,9.118485980823142,8.599473270048566,7.955972089011638,7.1517073091610905,6.210960711316462,5.242864943552718,4.391696512622306,3.857831564712098,3.7171924897094066,3.9267615117842256,4.127419588256334,4.120513152769915,4.064234931356063,4.143953020551373,4.448076612086136,4.787431908239835,5.198495429860401,5.710996009267016,6.115125102661495,6.2790056731184425,5.941671767657253,5.083152988595351,3.8469485031362214,2.6331326066371306,1.775540403070065,1.3553927695541916,1.2830527796599127,1.4100152846646847,1.6298163819011084,1.9028609732520725,2.1520880032164342,2.3788619170443037,2.657043068012319,3.087592734125318,3.8243258682795678,4.936194209302888,6.175669362937584,7.216374916849499,7.895425040668154,8.226619650207448,8.377386290241022,8.513964000420561,8.662017576606678,8.849053607024079,9.040299253216894
3.012902528670968,2.699656312691892,2.612968639408081,2.844873206382033,3.3679860332376164,3.9144523502247064,4.318237377903061,4.427826714931938,4.44524710327584,4.430789325046813,4.479164035090303,4.6394642842573335,4.998189313079935,5.575223114985599,6.326112353082436,7.022140794555578,7.534356432839658,7.679892828192023,7.51300926417833,7.237910879503304,6.998653866000931,6.694653221056425,6.187640001629633,5.52928426782553,4.957774639717671,4.61202212261598,4.5838475354271075,4.712354138083421,4.768749466799364,4.563504421748899,4.235238450674459,3.9352381265287977,3.6724776849089453,3.4134614274402515,3.2020204756473096,3.106269913105619,3.2179367664550154,3.545723242302739,3.9421235221822646,4.13678819752238,3.9528249305950682,3.505028214031706,3.0806621960615854,2.8674625842748487,2.842607269703719,2.9562380403082407,3.0081877027047095,2.8874126920022425,2.5881943629850763,2.2211958046402533,2.034094359363885,2.1112939933696175,2.3368199053202248,2.689416825041732,2.967259948688567,3.0792748565171633,3.040835036010338,2.843506723982183,2.624460289827813,2.4148783499172732,2.2723914774310114,2.152973411161598,2.045127617406612,2.021004174902372,2.1504003912823544,2.388708121909767,2.610294443694186,2.778280653090403,2.885801495081453,3.0610249719092644,3.27634445397872,3.5719058281459417,3.773781314050784,3.901942949544607,4.021661887845536,4.000346379624397,3.8821497411013177,3.640899416295373,3.3833111846589667,3.1699570477407946,2.9535359316873047,2.724281020743219,2.5582246710268968,2.5411239578182174,2.6410366436227455,2.7193192017730303,2.657615809679294,2.5025771523684828,2.4014025025065093,2.439314146903049,2.5064965017089347,2.6284400914745167,2.680957156669458,2.6130835238305354,2.4583976182811673,2.2519795052189204,2.1358074466267825,2.262346250205807,2.636652305443619,3.102157882003458,3.4349122839431967,3.515968877055949,3.3366135779434547,3.026742569938099,2.7291923662349444,2.499317008272058,2.319533459182271,2.139487606571247,1.9444807813233955,1.8192670700257236,1.8965898814148723,2.035791963306984,2.127872694881934,2.1085063333241894,2.0641247876428412,2.085771653761519,2.2006581760741812,2.3108136372955226,2.3229988275469937,2.16786080374622,1.8602366538219035,1.5301627164042466,1.2930654134500466,1.1798195076935696,1.2037450330854473,1.4122192498250474,1.8389717304223785,2.4149417514571216,2.9707644678412306,3.324927476562811,3.4203495212018336,3.3618426455696673,3.1656569447955953,2.967018548891825,2.738465143123741,2.570380418266444,2.405248467226401,2.3337677409107953,2.3930429333630463,2.544901006515664,2.7413447587927036,2.9139108441364003,3.0165403806400786,3.0356628998881368
3.9997260922206106,3.8914801878558807,3.9750352322071554,4.151323490985986,4.254577977903388,4.214543842767981,4.081507087775989,3.9268069209579224,3.742559643638662,3.593262546174294,3.4381179568675275,3.317453618599053,3.3510477087305737,3.5144875703063727,3.79971278500819,4.158206105564139,4.538155918932718,4.9289451695668,5.332216646608283,5.84511584170565,6.4413353137513845,7.008293696435012,7.286073195889035,7.157336354166622,6.979647721424486,7.097629123411242,7.491403062036979,8.182521050764292,8.8776298122789,9.473625754258782,9.704758936531949,9.669085877325116,9.567953315817157,9.306127391743455,8.953234534946112,8.46797334528098,7.73231994362698,6.63372811718711,5.408567600761463,4.384755063572176,3.823895071498193,3.8466086892256266,4.375713656000384,5.261366078599126,6.289146529618683,7.283337864690029,8.174743810816373,8.980538761975124,9.758038878393425,10.271354349794223,10.388425658956155,10.007926096252046,9.252620204152937,8.249439656373111,7.3834809832177735,6.626431249807196,6.026633130284906,5.566602826541782,5.1819021983781415,4.962992578895527,4.992055512617659,5.231490877671798,5.481354449233185,5.546775878446808,5.4847900237087925,5.483968684617532,5.697583782226711,6.106369230890162,6.660381083393223,7.3116971958325925,8.216281626367065,9.305637348451949,10.342895213634524,11.013825273537424,11.120664247518,10.597422693164493,9.533262553662484,8.332392497268588,7.350882342468808,6.856273139854002,6.804984481222335,6.854357623598895,6.826186004195962,6.734335700857827,6.672846572969217,6.686112856403374,6.6978237018072155,6.728973049385231,6.799056748987609,6.852659718191855,6.81177380413474,6.576337517177483,6.188916699296373,5.7199816361656115,5.4075848165493134,5.31011637713587,5.5811206482170475,6.226439602698639,6.996024048464571,7.568099229022781,7.883802510869826,8.189449521698124,8.6221076215288,9.030590339598564,9.201126503709741,9.054843184425726,8.570872810526083,7.885955187450884,7.104328001738235,6.493955531898398,6.2398531720171055,6.2038088823172455,6.337346147314936,6.638991908225052,7.031259414303404,7.671749772522558,8.590613528707268,9.570238176690605,10.24804068320487,10.038354297631052,8.852634996789156,7.020593493616584,5.366772528391129,4.411542661949097,4.115064449061979,4.080913931625175,4.088821856295032,4.1639981405489515,4.395744532242339,4.850843128765117,5.363583405292712,5.917851519632529,6.235113867271819,6.328557267684785,6.046355869114122,5.712362067707049,5.693801091862399,6.174860329912638,6.87470292118878,7.463559062890713,7.721452844289497,7.633636596862137,7.342133671872505,6.975371881204255
8.782659019345491,8.006227662731714,7.231080725537776,6.645250582916818,6.414211857810047,6.438718160021988,6.636723594249249,6.878976974455137,7.009466177191887,7.047454844512165,6.999390522827545,6.886472944787665,6.668590433981463,6.401623198205799,6.170554695117205,6.111943125317145,6.360786421895742,6.898605187462058,7.556518070669859,8.088872294155404,8.309318148203044,8.156651854961847,7.70426253471118,7.1437346796244094,6.870213447461678,7.073292326192599,7.564073662658909,8.199070353519204,8.661983202739364,8.693728714168104,8.358578268334826,7.854033182816863,7.3558092645602695,6.996717379450778,6.809366760000785,6.806067819018501,6.976505670695668,7.350470908196774,7.783687041581075,8.225149347681326,8.416885103606557,8.33834864693271,8.094362837363104,7.898137095002138,7.721778331571433,7.603941631166527,7.435212652868169,7.305531188557648,7.0964369270622045,6.891047037650324,6.4291991764249685,5.690850914083243,4.894001966472709,4.21001363787332,3.8864999243556797,4.076394820248999,4.50024996657076,5.030090002086838,5.624520144873279,6.277694962776755,6.9510710360154935,7.4444273978950735,7.61999382644697,7.420585568461472,6.8404269988411635,5.964206152100835,4.971775760646727,4.051304923157859,3.3605395484169516,2.9768295822657516,2.902392357461233,3.0847352077516854,3.3394386504555396,3.589378530157805,3.810300251726216,4.099921141561692,4.431673434143515,4.795474037711472,4.990811323059817,5.106842294231549,5.122774776650909,5.153905579801095,5.260681315413819,5.511303523749584,5.916318928881759,6.46594417416085,7.018526177153059,7.357003724512411,7.2801678150702624,6.865470198245839,6.165363317821454,5.616103726194514,5.309217446086322,5.232672494411579,5.129070357188547,5.0599797372120126,4.81008745003176,4.483369756406157,4.218805381602572,4.306609087592904,4.75861959753202,5.25205062860213,5.420686318984603,5.293259937315582,5.043839533524433,4.836967028810099,4.722508957380836,4.732200485035006,4.825156869800092,5.009537529801831,5.406717925899205,5.877695128135335,6.1606573177168915,6.214047258441297,5.932428561055351,5.614876658763189,5.4113423790129085,5.330574576894465,5.239221124632751,5.139175822207751,5.204098400943566,5.524906842946824,5.982085356942524,6.356869870694218,6.465783220566528,6.2876059879424036,5.922628602162394,5.496913616166695,5.138163214205255,4.906976202790907,4.8893761366589095,4.965586895961675,5.124834212763843,5.323816762241526,5.583771660627926,5.848217398507573,6.044474318428145,6.239717861536089,6.419050982494418,6.675956724713684,7.004677515504809,7.362339458185873,7.691063361281737,7.966898609966118
2.2865402189820863,2.0337709815661498,1.8749618398132522,1.8260056479979707,1.8521958628604316,1.9427473180672128,2.0214501281711423,2.0269353335378915,2.018804812185442,1.970548968071064,1.9757259244734127,1.96604956575483,1.858833060383123,1.669006688979743,1.4873612127491493,1.4092189539961075,1.4758896040203453,1.5317985802329457,1.449481177660849,1.1893162960212957,0.9133031540285738,0.7846716416975622,0.8825955845183143,1.1474055225830264,1.3631040646589023,1.4172556592992953,1.4059607354468862,1.3781540294851125,1.4361430176400074,1.5933486745114787,1.768352589297053,1.8780242927628403,1.931502663827145,1.9535272309158407,1.978494833097699,2.033277721565594,2.0759759413861167,2.100408523804937,1.973310299707717,1.645664947259723,1.1757271380513188,0.7787756452618477,0.6094701482314621,0.705567918147682,0.9897507144310745,1.331479231414524,1.563247443965158,1.557105468214756,1.321543171638375,1.0008650510982298,0.7631108309033802,0.7303318428198301,0.9127783390626191,1.195828243116219,1.4506211958192594,1.619390149342179,1.6516923105296202,1.657531490493202,1.7111360989099695,1.8400401062222136,1.9943254679413929,2.064969780017371,1.9198968157024194,1.588797998673593,1.1929576927367582,0.8843727719427706,0.744808029923029,0.7431985464917124,0.8457793400908422,1.028212648528341,1.251945348722543,1.3811287789744473,1.3065193451759476,1.0352289775878227,0.6375785263461282,0.3118838642115651,0.12788082610436663,0.06120234329351704,0.07563329921304185,0.1517524020973242,0.2674209166471554,0.3917343637318067,0.4978526670532687,0.5926915103477228,0.725339097110989,0.9290598384666808,1.1772210822588982,1.4205297529710132,1.6075559132975519,1.7752065142728064,1.939009761453516,2.0918739782842533,2.141455082101726,2.1293349032133517,2.016017573248899,1.9056527050484928,1.7960624103554714,1.752604760308428,1.749469345288978,1.8411381997847642,1.9942184602458595,2.0873688617416817,2.041574491093172,1.861184690271051,1.6255748911943657,1.4083483490668616,1.2820135719494201,1.2893446825897996,1.4754357840044012,1.806417716381298,2.202159829175177,2.450705157054157,2.482356721738863,2.2327390592688223,1.8619603828774673,1.5842989434673878,1.4427510545064364,1.4050743676137099,1.457047771595475,1.558787493522973,1.7932235506713565,2.1844543866710575,2.640353732138316,2.9699502968112856,3.0581975934810233,2.9951225394760472,2.913974684176632,2.900848830492824,2.983524159219902,3.148555179326033,3.317886156289103,3.4275933078307093,3.44475139717533,3.3680881913035208,3.1111222189488896,2.7354707484302283,2.3877368026667014,2.1775347812319854,2.15242481051929,2.250496690544104,2.370211398542881,2.4546880834733327,2.481320935533624,2.4396195269133316
2.93753215935848,3.361375420413118,3.773614978656287,3.9932544134321857,3.9234218437529362,3.552143564518488,3.0545538885868484,2.5057547490307166,1.9917768797831683,1.5338554317450435,1.177133858557633,0.9526466258049501,0.8865707582490662,0.9117811226028228,0.9475962062981258,0.9245580819397093,0.8605121211533507,0.7680216728323335,0.6946882877181192,0.6906773900794522,0.7998845897714678,1.051088515069501,1.4349919459776597,1.9073494397251716,2.396321497619313,2.799386504859157,2.9649096670347723,2.7728259387324106,2.335706993400835,1.800261656466781,1.324570398874442,0.9646381663712695,0.7339017995177126,0.5843889398820947,0.4787724361364476,0.39405614017023893,0.3256668310231445,0.2769641438300634,0.2415565640612412,0.20710960728498648,0.18513410329335067,0.20460245538253521,0.288464716825263,0.4222140089015291,0.547259239634098,0.6356757994484082,0.6916404163101778,0.7242584989319903,0.7355694459947224,0.694346041637317,0.5630739476165212,0.36610044249031926,0.1950554822793595,0.09462156312258208,0.06901646942449367,0.11460812902624931,0.22465583453491572,0.3647778911359855,0.45747050616045004,0.5149021203191808,0.5309807616954771,0.5844373331741538,0.7112018590737206,0.9091359331521248,1.1276590140120186,1.291323767496735,1.3719560802327895,1.4031926795408476,1.4165906896918774,1.4300032427244198,1.417606927304535,1.350448739243046,1.2028135195146548,0.9375099371581217,0.6556956761721205,0.4113753917434592,0.2927914085682614,0.2834633932573372,0.32825181198320036,0.35204277316176796,0.31437374908854576,0.23041121529070513,0.1391686008357422,0.08197178559418898,0.08034769373396677,0.1508486486832951,0.30692594299162157,0.5323376538563662,0.7536504420301524,0.9164868582829913,0.9833884278845773,1.0103759460398392,1.0428620253010987,1.0529672387883628,0.9820195232896235,0.8401702179577986,0.6786613862491081,0.6719805891024705,1.097315191420784,2.419730487385009,5.353645043800235,10.185102740528745,16.444081931817927,23.201761860815424,29.70159435733008,35.538434456462525,40.58844900978232,45.03537467807517,49.090420242196814,53.164476167848335,57.09158763028495,60.675067652538885,63.48081807311881,65.41579795164037,66.33798089349051,66.30798606682104,64.99937676563734,62.397163323933626,58.52775838633022,53.62182303736642,48.24409025510278,43.17962472631157,39.301209340851585,36.927025042183175,36.050183460103746,36.2005547596019,37.0761759634934,38.64684033987585,40.76640644406433,43.3499789445036,46.06506704056104,48.45004295440289,49.735356686221344,48.995389564864475,45.960117692748604,41.06037250473563,35.198332940855316,29.267046522282758,23.883664668728322,19.248204477592875,15.55674004769401,12.858765951517402,11.0211176179332,9.849011540323893
0.31719399229232154,0.19426245186416455,0.09894195664173466,0.040262569845766864,0.012966310063145497,0.0033156082000532993,0.0006763236884967462,0.00010882196678151016,2.4512348469482153e-05,2.9622237602546008e-05,0.00021428292913864793,0.0012356429179914076,0.00584599755737228,0.022181271253735046,0.0674499319528706,0.1635741188475291,0.31433958647922927,0.4795249648560534,0.5728767810327212,0.5961747256678587,0.5405778478373657,0.4832114540129129,0.47697636087302514,0.5308694759012665,0.6216556805288268,0.6960180707121869,0.7457114693224508,0.7531654146715857,0.6956386187137854,0.6022061612058706,0.44296925628977263,0.2823241640109389,0.17520527584655943,0.15231324874395452,0.24005465695512143,0.46344252567826244,0.8051075124502381,1.157335970489684,1.3055390120485202,1.234619284721098,1.009514289625652,0.8172596886544942,0.7600965513956514,0.7681581870083223,0.7455256299982901,0.6204783401172707,0.41892072796763197,0.2313476553356787,0.1046460919608732,0.03888843038426856,0.011860349262694527,0.0030710533671844185,0.0012999578907347284,0.003242886435986442,0.011430404302681085,0.03400400484100865,0.08362718812674054,0.17080254336577202,0.29150208297057256,0.4189500281455865,0.510254949328711,0.5013778736338464,0.40431587025105614,0.2434061590868771,0.1108450724773668,0.03992905825951147,0.011981558318896602,0.0030872194288989693,0.0006902670544684372,0.0001334022004556287,2.175655002761989e-05,3.0216741060854145e-06,3.055513942526176e-06,2.756213692319703e-05,0.00020259255724021147,0.0011608606200241983,0.005319805638845129,0.019767135368628282,0.06006479714651216,0.14955353729113,0.30394687693967704,0.501612696785506,0.6720176724930716,0.7450908218373417,0.7038614525371037,0.625665028668327,0.603436109724567,0.6324226711169881,0.6412973867785493,0.5962297006426458,0.4484332092636066,0.27678049344259475,0.1411691014106318,0.06009136869479859,0.0215445042683958,0.006985319196874166,0.005118358901466547,0.017939525254646028,0.06715860001299045,0.19589150547059783,0.45412968118031016,0.8666299548717665,1.4075489462105166,2.0270344166796344,2.7393863974642794,3.5877136454707528,4.527112071066077,5.3787910227145055,5.873548876844764,5.987158325599622,6.171177258452798,6.805437383707873,8.185102678752818,10.2435915198824,12.697151913057473,15.109487403801225,16.746074031461877,17.43435631009267,16.854887403867796,15.650780704712297,14.314410367399347,13.233267835871594,12.565869407024353,12.15608222544705,11.607568090147728,10.942995839088868,9.942038222579512,9.07187461491111,8.415530140636472,8.060625685847862,7.772109245679087,7.464446084968276,7.247835306739474,7.2742143853446875,7.602735439673533,8.203706548965036,8.893401135969405,9.500107630567799,9.699862010471547,9.351720737486309,8.48578276470595,7.375445837051856,6.363187814002225,5.517980229896728
3.1514061717788207,3.5033630839630807,3.768517188529469,3.824061753028747,3.5221943219230436,3.1403603530302853,2.6750269480495157,2.4089051948900466,2.356281885242405,2.3544775840208945,2.3509437050400392,2.3498399335889,2.4074217782526155,2.582444915057124,2.8096041245432226,2.9828234742427675,2.9397225723946065,2.6737141575729524,2.3080019668016534,2.0454045109499943,2.108632262314592,2.559023990911767,3.3009852734991543,4.232893758842737,5.063905928214203,5.486873549597452,5.368696852910451,4.823602462772393,4.069430877048775,3.4154373506029,2.8957505204224634,2.5635927694537135,2.3629652873251765,2.338347845293255,2.493592184892871,2.7545152188090447,2.945359539961712,2.9289058337971006,2.795789605872647,2.4515849184165592,2.035817610251937,1.6898298710677553,1.5822117761710033,1.6875766542152053,1.7680886716107596,1.748923076427773,1.522527241655201,1.3061338400355014,1.200023445371461,1.108070536350438,0.9340944959335701,0.7067942808934716,0.5207770318744238,0.4639105344040126,0.5253856097693642,0.6248170414399187,0.7336194654657104,0.7909026373393568,0.8151161363240186,0.8319644400370044,0.88589265549495,1.0887539378353794,1.5366258520985048,2.1551283290077508,2.6326067168319067,2.9127273558664775,2.9578440668695314,2.9609619597181496,2.9650504148420254,3.083843980486551,3.3413185910555754,3.84148111781206,4.4311448169419725,4.821381192795703,4.799428651547284,4.494488981695749,3.9873670479901158,3.5005520800897947,3.083690722996669,2.720179781691954,2.4260321253992583,2.103332624887219,1.8311670165284948,1.6874978242273937,1.6950226407656894,1.8225467483226598,1.9680618958912757,1.974700178208059,1.7691856103412997,1.4216059830937937,1.0432535681657666,0.7976945662035967,0.7482581445697075,0.8611511917695437,1.1006459336191414,1.5254189973739436,2.247502973626131,3.251314411222682,4.226574220285037,4.570154099750164,4.404456461669855,4.0337122158879515,3.637093100823634,3.421970380431206,3.291724204961057,3.126094684521695,3.0085266402444835,2.978665300737948,3.1546834406889146,3.492940723007641,3.888327474870685,4.345839166756542,4.8212422334511915,5.314955753837364,5.761170208226063,6.003582136534944,5.978912593897282,5.603614376581754,4.893340185061771,3.95372290810907,2.9892382469172727,2.307814741246939,2.120102183064166,2.3680280759729713,2.7762665555229464,2.967001111931502,2.7974617503248793,2.3954779966187907,2.125580353772179,2.3173601923869547,2.9937898705465815,3.9695073051019647,4.893326199105043,5.486404526437503,5.777915634041126,5.784759962191534,5.562015332308655,5.313093070913736,4.84694792629924,4.244571746659825,3.542123619511355,2.8299201647564,2.2075206459060177,1.691734764250204
8.989813088658357,8.603954861745697,8.462693602437335,8.914374222727462,9.9601949571961,11.318938350619918,12.392127496440077,12.847758664073908,12.534075030922393,11.743979523107143,10.932626215638281,10.217809829347631,9.593884135606578,8.98166723226524,8.412035935969056,7.854464096287399,7.594383304075504,7.636103386483022,7.816043416676858,8.020226591573413,8.124527494684244,8.192701937559884,8.343399703577267,8.649045881172166,9.045264396010909,9.376094004598576,9.422967044015566,9.164330715456957,8.786814034274613,8.600859311715622,8.735142524435199,9.26030339466479,10.100814708878772,11.047420120421643,11.885902219074332,12.250689763028157,11.812079026275015,10.696240238196085,9.191550789792137,7.408678074211359,5.562005699287885,3.944864741513477,2.8635098700281407,2.3807070771552135,2.4785392458404973,3.0623780420649918,4.014572955843835,5.207518713838818,6.423176811507635,7.366146598583323,7.790136119673153,7.895487379663895,7.691283687630296,7.431323619978998,7.165750833796584,6.91589492687089,6.676238245240325,6.345629223441448,6.016269236149014,5.762442978075452,5.856968612511939,6.600310639446357,8.003075139910058,9.677244822778071,10.927955745173719,11.612661267295259,12.15787571676843,12.552033278893978,12.890381616517695,13.042200284293324,12.94492907693379,12.474595831614929,11.73573822540827,10.903597963046955,10.060257612499717,9.428547185673592,8.887024921531939,8.687258955991936,8.681925109514857,8.949260109012753,9.003528835569231,9.068205486682494,9.19230807875424,9.453726661435445,9.952054561011193,10.727362201052726,11.68815044738932,12.594929133844309,12.82657415236885,12.311506026675552,10.912464481419308,9.266818000092188,7.792482285879006,6.786059056215247,6.062714647082889,5.794640211696097,6.173902459063147,7.265013983964903,8.536344863542439,8.94093151505911,8.676273128727797,7.914007636882932,7.248035008165935,6.892862180267126,6.963969823329457,7.333825262747596,7.9943481190649806,8.804292772913234,9.699088889694188,10.609479994842035,11.34901488923496,11.912575190932019,12.116323050933666,11.697318630461558,11.081650510563165,9.877054282466798,8.611190418661321,7.537880355888021,6.831759279393968,6.596657149699364,6.829264922354525,7.259857764717116,7.544191132611805,7.418308483364759,7.08818039252639,6.750647720654258,6.54471510167737,6.51397828095249,6.667863465072338,7.073263609999487,7.636740132625266,8.24982094083815,8.808188522210672,9.168383899184198,9.338510771339024,9.176135950808417,8.740125740129237,8.3288535823419,7.98664490198454,7.8192085333950745,7.604212261223153,7.31792201120895,6.995376720741901,6.697101161712712
1.5293233312669046,1.234664184881835,1.1395928499515988,1.3243522923065072,1.6969607470209294,2.183850196563325,2.6983245589330127,3.3096970491154507,3.988878515856238,4.730882832143295,5.470717237845126,6.154583315902044,6.719848805420514,7.113922090702779,7.240825921759467,7.092987299023499,6.906590719823952,6.665089299415869,6.637054417969368,6.688329298566057,6.813410076327014,6.879622237536958,6.792769440749662,6.488053498329237,5.835719787642414,4.8649058250422925,3.7822017143297217,2.9046308117584707,2.290967171342635,1.8515388445628578,1.5395422281266304,1.2890154597396324,1.0830201733601525,0.8982324249445631,0.6693758228936614,0.38251020372376804,0.18585046412868347,0.1477350123632917,0.2679972469732301,0.5437612604421767,0.9322150621120103,1.2830937892862015,1.4432887707784277,1.3580162253841828,1.0842578775058358,0.7821743203885037,0.6144861752004133,0.6412472943600439,0.8266242026699498,1.0740507579793386,1.2669366201777896,1.3392948930415072,1.3214028760539123,1.2097545997607055,1.0334299412708965,0.8599791001095675,0.6721951806456232,0.5459957635752674,0.5303193251190776,0.6324294303063897,0.8361510628689207,1.0943286295648664,1.4315185492070401,1.7361438067151995,1.8360335733126432,1.800797814184902,1.6428697044624307,1.4731171325065227,1.4064332056374493,1.479611756759249,1.6989977173876996,1.9882696821806694,2.233070060205714,2.285841186982488,2.231811503566822,2.2179883860752567,2.4618700233575743,3.0168362814513894,3.692208323746532,4.257911793355231,4.420138402753361,4.195223681300887,3.6849300899936033,2.985668404912623,2.3061680093981205,1.756449115313301,1.3726037323271318,1.096367665211578,0.9165195481463392,0.8655415601221588,0.9576573936765064,1.2327338328353523,1.5655108642841584,1.8604830103683128,2.1211269651272384,2.447688153791681,2.9227876623757787,3.3584762030429225,3.3319712260884433,2.769964158813915,1.9143197800638168,1.1803840351667383,0.7908003576994437,0.692786481953411,0.7808082714176882,0.8964179977815085,0.9302871391627159,0.8398991370034764,0.6330755751194727,0.38782025509066925,0.1879345014884087,0.07188043563024495,0.022047833176836545,0.005516555627257568,0.001223939928572393,0.0008264071273616072,0.0033548344348895004,0.014356752899711193,0.05235836284490309,0.16095278470167587,0.41041103694787795,0.8483452578842098,1.4078118981007899,1.865692799389242,2.089902254556897,2.0552595928873614,1.8096862391965514,1.5368594053466502,1.4018362150261325,1.5209626710578974,1.8683762234470196,2.2727071972638373,2.5544162475533247,2.6272933449789115,2.491890336064246,2.196090382751613,1.7557271251131705,1.2273756163700316,0.7289121016147723,0.3660035226923713,0.1589177703224249,0.06193248677663426,0.02245250544880496,0.007826050303677648
6.74594805684294e-11,6.184419394886034e-09,1.0543330665163981e-07,1.325688520140757e-06,1.2635186184567497e-05,9.365699233566266e-05,0.0005553973225167752,0.00269551404751552,0.010841288457576745,0.03620674114471368,0.0998718529983076,0.22575484598589388,0.4146447968649937,0.6159364537425431,0.7199171958655636,0.6740911975794268,0.5083709570695694,0.3009723546694542,0.14431900796760294,0.0573503085009269,0.01949409545375131,0.007134328965194164,0.009380431987788597,0.03229117195432635,0.105773000773788,0.2801780544526704,0.6121803788623615,1.1453673057645175,1.8497762915215317,2.7002970257444123,3.543156172685118,4.287707195275794,4.988118158646348,5.5528873357920325,5.952269060789189,5.927721609100398,5.462242194829572,4.5602731502636065,3.4829415036169196,2.3877586940843534,1.567113850810186,1.1137366960475068,0.9284821715287054,0.865369404357269,0.7792424090512049,0.7789651623277734,0.9482010956580228,1.3224525725444585,1.8192025708165114,2.3080736433593025,2.682690417710114,2.923492904993409,3.0377649907340714,3.0069398761859376,2.856299797018584,2.5977688362453386,2.289935235184599,2.0748880119787603,1.9954351030500563,2.0012090336193857,1.9972271777124486,1.9761395351819573,1.9334887733547177,1.7402055354146257,1.4418273474439154,1.0900930700656823,0.7491887939078055,0.5533937461631632,0.5327801740970369,0.7002203275023775,1.09351835764765,1.8066921738588435,2.8299668397051865,3.8367069280263864,4.278305011288691,4.038404587300651,3.173352570523161,2.1743602974498257,1.4775671007496538,1.1817532095558638,1.2724962457808353,1.5484927979024004,1.8421432542003133,2.0641033387703662,2.11930409431913,1.9339333916529238,1.5469972678152668,1.0609618794500524,0.601623108561239,0.2792304130925132,0.10626148648175726,0.03928933602887475,0.038543015312523896,0.11015876228206628,0.33770709481217187,0.9204540681993639,2.2037859958596155,4.517018131918625,7.658982178164632,10.607360387669113,12.198731657591845,12.126438754443157,10.901662243583935,8.739568511627636,6.4526085501005594,4.35471346999298,2.663391880278786,1.451902885302382,0.6921624416463908,0.290679975341719,0.13457075080901484,0.1487205199802691,0.3294462310310245,0.7043936389307753,1.2396422047139815,1.731262481321406,1.917662457967901,1.7949617457215379,1.4006193113860468,1.0563621681221627,1.0230472158714046,1.4903741301883662,2.4277767890269373,3.5371242549387083,4.37895497685787,4.878731674284766,4.943024580927927,4.662249702530677,4.2647830898946735,3.872033642091955,3.496231155720807,3.046209273246275,2.445795745583599,1.787820904911074,1.2094418188471534,0.8539184154751388,0.802206326720662,1.0442931611408524,1.4399992307349792,1.739204026637925,1.8369835704288928,1.7063046773020927,1.4259503972878156,1.1103529286179383
2.092643618808672,2.3178113792588135,2.4597005488233172,2.398092814572116,2.2215532907861206,2.0717120855016304,2.1719841743986312,2.6603461447256938,3.350880354996909,3.9695902330951682,4.389587295572199,4.559890199311749,4.524099951168826,4.3158375342938,3.8945703317732447,3.315620558022806,2.763154453040118,2.3459490853294054,2.1323893586821643,2.0257652652415667,1.9605151354524695,1.8397048088962897,1.6812107060890902,1.4816129744374944,1.2526202456228759,1.1406842468907,1.2825113509491086,1.6349825870838741,1.9636650036661234,2.2030724540512563,2.180165253396986,2.0504719786516246,1.9034322036059426,1.837016862721531,2.0535354702250737,2.5486337776350134,3.041716409173708,3.2899202700089756,3.205430601973718,2.866110083006104,2.2756398579679105,1.5690035690685569,0.9094258758217854,0.44354818201631724,0.211782157623834,0.172678807291942,0.2922017507928577,0.5390515043922374,0.8184901907502408,0.9488712689956698,0.859622351066493,0.6257887360630113,0.36505054553191063,0.18135703313186288,0.10426144311880775,0.13730481261697106,0.29432907218660187,0.5936879153325272,1.0199526827381717,1.4954404633976754,1.8924792929075942,1.9677136333612033,1.778064560058903,1.4079247201748892,1.1990644346395878,1.1704838344791366,1.2373395606180693,1.2399716350545147,1.1680732593826577,1.047556723083728,0.9614079332017743,1.0426917580136361,1.4255446412007402,2.116965996089672,3.0319324268046444,3.977602723995259,4.445304071157589,4.254981230426825,3.5201236112844208,2.5711907379465058,1.9173128742370071,1.6287740111598676,1.5416648408315112,1.5002087699396904,1.5124091138659284,1.6951227981137063,2.065957637076471,2.484296439376049,2.768408698256812,2.7464668105069343,2.495224352409013,2.156723490049249,1.8472619922187707,1.6128372250995293,1.434326725236063,1.3250649199107958,1.3937140983955552,1.7557600034975833,2.3465436239616198,2.7129446965828,2.8183477973912585,2.5475558090948045,2.202714090461797,1.811851440209414,1.4677242563689485,1.1633577620693638,0.9960195784232098,1.055527288400597,1.4315868740178852,2.0480867380242596,2.650010834878546,3.1028924225831447,3.2649110891091335,3.4153934899540936,3.461200727675461,3.4562948035154815,3.33982851811,3.173592776900655,3.142756736940869,3.314801624815027,3.526581131140322,3.440499968198813,3.0556342192584567,2.4526050813583207,2.0053647425030983,1.9314645104270551,2.115339779471953,2.407522540239491,2.549706219301934,2.472844671517819,2.255262409320992,2.0595097436576233,1.9505165129117303,1.8685364462128087,1.7319650844227017,1.5641169874316363,1.4411337968128206,1.5589110903618775,1.9641026093498863,2.552456167413011,3.0940456345509104,3.4270974154997487,3.459065951295669,3.2710747049621083
5.051107917009778,5.082930357825851,4.820334757570666,4.311897594812157,3.64717989710524,3.073788044023153,2.7099664245446675,2.520208783672698,2.3541161493171727,2.0870090443183686,1.7998791016352642,1.6206081603763514,1.567241917624369,1.5903795956594624,1.595917822907848,1.5444486668325095,1.477045720331534,1.4232492427932104,1.4228399142829176,1.4372645938386792,1.4440535082394474,1.4721823628849093,1.5652592247746502,1.7427986785687077,2.034407880359788,2.530676676522964,3.2657662462349615,4.182883366915833,5.150832322645185,6.068369840788232,6.883336986630999,7.6677673423554795,8.588046754320919,9.83901473696323,11.679243837347583,14.165247933756948,16.952492362317212,19.490835450714126,21.446318065565187,22.830104405760885,23.993955645031395,25.03737626849938,25.78817348695342,25.933310139425476,25.384306598586015,24.157246064312442,22.583899373109066,21.303279975111334,20.683627486644244,20.738237823509703,20.45706839775473,19.5540922555826,17.700581596550116,14.927568966163838,11.798823994883287,8.900993789702605,6.74385684064452,5.46938775157475,4.911179721738837,4.857384269161949,5.185253458384424,5.887340681130845,6.934983894389051,7.932188214020222,8.449603411291884,8.377589326035741,7.734598055086427,6.780841607550161,5.812077325139024,5.063726461424131,4.594825438014103,4.328896281431384,4.126333294802549,3.9259205697028223,3.7859094474514525,3.738535205377924,3.773562237361443,3.838520976222685,3.875371135242735,3.7262067326095085,3.48592974339494,3.1045390232567636,2.8402899442574756,2.7465628364904977,2.8086106707707272,2.8815111830352222,2.8346118535671856,2.619013427552118,2.327226742931372,2.08636983977161,1.9838421918566502,2.0120476697158582,2.0864505787365215,2.0873692288490386,2.03349684265264,2.0222626843608524,2.3256160085818314,3.0801590341019667,4.472175627970801,6.1177883125851835,7.563251514907535,8.602409234289963,9.381370214489035,10.039811567985753,10.53554005390355,10.82777886872142,10.797861495906082,10.51352055859844,10.134298839747556,9.836217132224505,9.773475031158585,10.00220404729743,10.584692254808376,11.259185567731349,11.747646904924226,11.838419619152152,11.623819906681002,11.292521596379219,11.049149223209014,11.089218852638595,11.555313891325303,12.277726092126985,13.314299319254829,14.01644680731189,14.565512933639567,14.621371900820472,14.237265893798462,13.42085897788213,12.38593937129536,11.403753540342402,10.700682672538672,10.261450635368883,9.749346964105596,8.844827290458504,7.310106719433553,5.328018952976302,3.4256480105870795,2.03632229092319,1.2536506763266881,0.8671957746265117,0.6349272326688526,0.45552872958352214,0.30795388527622997,0.19496130559176444
12.066073789976944,11.471873628202458,10.92383043213992,10.781161533217775,11.418234851876258,12.864930080340539,14.765791748845102,16.785353431280985,18.830944131437416,20.999563336089842,23.218790862014433,25.069020618162217,26.21188358652019,26.47162997175149,26.39088849980252,26.56359632845568,26.843089308233044,26.68506630548412,25.23610253637072,22.76327210309662,19.635767297595557,16.559472320214823,13.821833216762043,11.54134907672157,9.713946660146117,8.273548491704288,7.131010744148439,6.30574516470822,5.8433250171329405,5.747658721348269,5.885493760647381,6.096078154625732,6.224157201514986,6.31174423016102,6.282645913329117,6.177244844261881,6.026783530607391,6.073342638662081,6.2192751729162365,6.277671480538359,5.730211389453487,4.861265799112681,4.189506802188297,3.9941033880450663,4.129785602252982,4.229870034943331,3.9749624487332547,3.515682652046564,3.315526240979684,3.754179231862136,4.801940186929576,6.084782687952987,7.023879136072177,7.2446858486188415,6.8880234198669275,6.247506716304924,5.88997342572935,6.1588189191002245,7.057926577692072,8.617442675806094,10.798992099330274,13.555908180119028,16.3478715487871,19.09596439989479,21.345136904321272,23.584496692203686,25.65595760993326,28.356174761127942,31.859501667963055,36.17509080362779,40.6740797949357,44.35118662327473,46.28312490151959,46.14172651672379,44.63307682278654,42.63450998546707,40.48525459637563,38.26196864159079,36.09335463093855,33.894357703238875,32.033701772169536,30.741884849617296,30.045434663669134,29.37188338023174,28.309521232404414,26.37583998965595,23.63587739676088,20.5633818131755,17.791548271900083,15.950904172932715,15.411683842147635,15.763893275260935,16.491201479261186,17.202782952928338,17.94749822679782,19.502199088449608,22.62209549585562,27.48654970133139,32.64108135716538,36.2004289418155,37.3554154509467,36.5320009339557,34.44045449141193,31.64131832283662,28.794227488857256,26.247757277516396,24.283627677635568,22.681091630968208,21.05414734842582,19.160087845365894,16.862935354450375,14.198894411520333,11.505710466184748,9.123958607104365,7.185104185716126,5.661915058243488,4.539453779894038,3.8641611302629775,3.696736963633043,3.9951335221050703,4.474597745431449,4.805450933525681,4.750054400166137,4.534420954616951,4.4936952122914935,4.881268980588298,5.934406696211389,7.353438796467677,8.689640902850618,9.861964560023747,11.253006829707354,13.29810930926524,16.02576397534356,19.115516582430775,22.24642211546748,25.2110788150114,28.009144661335533,30.703414336753934,33.248216406320985,35.72390802810625,38.28473584436282,40.95533301885381,43.76267732068306,46.58254667381055
10.300541053240028,12.036399971119248,13.990541462442204,16.04217400307083,17.989804067600264,19.534594274144776,20.440014648021982,20.61230576514891,20.038845030813608,18.750927836230613,16.81976591050655,14.414590030411174,11.958453860749128,10.1442891759731,9.569908402080275,10.311373725593885,11.916639543082841,13.77902153075362,15.449915822053446,16.725208997781255,17.586056156301083,18.03361131034444,17.991043807040374,17.312423231798913,15.894257434132848,13.866332104803746,11.62672328344134,9.703033276639244,8.610154286920386,8.712489554085096,10.130197910032196,12.64665278103133,15.623914778007544,18.171120031793006,19.49496545272823,19.181603409353478,17.39138030153575,14.923988765732442,12.96245708391773,12.415863871314146,13.429312215379449,15.55508436641448,18.201848106217902,20.898524889713144,23.29605714162938,25.050078896103617,25.78319320702934,25.20331010669221,23.27879567063315,20.319229356622195,16.889771842481718,13.578269404969495,10.813307520518109,8.859438602313775,7.822682625625026,7.610758675406795,8.113623522283687,9.503465277352282,12.23970445186649,16.364229724480044,20.49843729044277,22.856518169046133,23.003273718356127,21.241891205238336,17.813873445913103,13.226305097251496,8.754990209137778,5.869042320923549,5.020131430884634,5.663503532367864,7.075193531074185,8.750831358619232,10.440722457594168,12.144339730895208,13.99153365922235,16.009249307764843,18.01815022912952,19.735163102842282,20.889822902229877,21.24068179508377,20.70381271025122,19.594373889407994,18.61402847222922,18.445784713665677,19.2834721629386,20.740816725676474,22.170142554336756,23.031516891058686,23.07565531290786,22.339243065126592,21.089149381307028,19.709123785629863,18.500667934011666,17.527961852000917,16.60799040017132,15.539502513216323,14.317148642443149,13.089432763030558,12.024481922725547,11.202380188907881,10.669883332748165,10.586645951570608,11.176496115644754,12.364432390451556,13.617154889010493,14.44910703255604,14.902438270790665,15.380428389078306,16.222644929592672,17.420441224729476,18.541546178823126,18.960971834357476,18.355086654069925,16.88843093232228,14.926663423403271,12.787178907596486,10.719958142219834,8.928711021934495,7.499875231582598,6.37847049548482,5.5094122656761275,5.01281866970248,5.193954619130922,6.325815865805235,8.41794439385505,11.207742833389798,14.263933252150023,17.089885375299502,19.24842514335611,20.511128993548592,20.970444236680002,20.951589577227033,20.738417272216058,20.392456325860703,19.825386877534065,19.022005048906063,18.079446390735743,16.971677513166917,15.60059991188538,13.983312908011102,12.263185491484336,10.637134257892475,9.252134901957723,8.159918574642193
0.0,0.0,0.0,0.0,8.560138261895706e-09,1.4087994685096865e-07,1.7684018069905615e-06,1.7378956522851165e-05,0.0001365468278787419,0.0008643019668074819,0.004398140233740388,0.017758203709553118,0.05575341105110427,0.13528334438925227,0.25833884390687684,0.3938143057343298,0.4788082110608315,0.4748942429482882,0.41310960542327385,0.3557300515577041,0.35116355378503555,0.424129306975252,0.566509791690111,0.7288999531230652,0.8414588270740475,0.8599217597701783,0.793854151629735,0.6794160566386803,0.5345994164082947,0.36711620919786486,0.20755164304935367,0.09346540719099553,0.03340337488443208,0.009626195073958703,0.0022800220932625874,0.0004478324275419115,7.248884159769319e-05,9.46881047093182e-06,9.679487701155674e-07,7.536562599265664e-08,4.434985312376043e-09,1.9941823897141718e-10,6.756189114658435e-12,0.0,0.0,0.0,0.0,4.678587632909287e-09,8.252865132629595e-08,1.15085390017726e-06,1.2553070059565457e-05,0.00010577717609215567,0.0006819947081360033,0.003331798093809543,0.012269507784370939,0.03450322547445239,0.07688168547695237,0.14288325583926936,0.23223197661688366,0.33470996864772545,0.4133144821923932,0.4355271967018063,0.4141241511431722,0.3633814697434473,0.2845124267904465,0.1912659023203928,0.1195961364788624,0.09864080476594862,0.11909566058737793,0.14898829526810634,0.17132568838745105,0.20100182851296022,0.2670804952838897,0.3657618951853054,0.443503202749891,0.450763320963434,0.3880316479849144,0.28934739690346506,0.1883054781595987,0.11070367186523186,0.0787495697075322,0.10328398234139682,0.17495744214430456,0.2599493078787164,0.30827588098681585,0.2921261632182123,0.24015004054012046,0.2085795979751741,0.21723206994912417,0.23229662519935163,0.21168268894353073,0.15215735585785756,0.08577314876472357,0.04576774678204639,0.04557347698321017,0.08463760765681275,0.16017394444550065,0.2670963338726155,0.3942362777317686,0.5312936350025464,0.6747338781457334,0.8049033701835687,0.8673091201586756,0.827414580693298,0.7324459848196223,0.6671733763393896,0.6680509618133657,0.7016343200920276,0.6989005702673842,0.6065880709323623,0.43435273335674524,0.255809654060302,0.15059511165479458,0.14977224716865883,0.230470016696684,0.33930994390923136,0.42237895897406463,0.4556589368512092,0.4460868726043384,0.40542208217672204,0.35318906684528584,0.3512013456735722,0.49343361194521435,0.8197661339512788,1.2458705360109454,1.593128311629458,1.7248170287029776,1.7047033247066117,1.8154127834958003,2.3887881705000398,3.607132846121284,5.470936458973505,7.890119597279457,10.722891346229899,13.690447440795678,16.28216619950654,17.953547599903924,18.54652455597346,18.3236970933047,17.73851084345782,17.26205027694331,17.169869198205966,17.454143820283655,17.963530060926452
15.26863445076368,15.385394255456662,16.17518924659392,17.840510870105014,19.987608764862937,21.81941117239,22.718910131561994,22.69329740789183,21.76089290728992,20.018947811608797,17.778787009679704,15.582632454702166,13.869085835207377,12.92344000275723,13.010667463102846,13.9903377129618,15.62267570823603,17.596450427057,19.862529319663423,22.144783965328998,23.924826878742174,24.686564586098974,24.353517848581866,23.21355028600545,21.436277917830743,19.350436363772012,16.980367363859067,14.868675184509373,13.336615544147344,12.65670043270974,13.174055319089698,14.877280716088427,17.256745040981325,19.7495442203881,21.746218549498455,22.794681440301055,22.169724961393513,20.128188892135995,17.285332039261384,15.212340459425308,14.688452752607768,16.04696273849668,18.70915428840242,21.59423536848979,23.92725101836549,25.065572633689907,25.061177151807243,24.23838181597524,22.646464404617493,20.452580005817627,17.526581996078683,14.137808066209583,10.723115415577931,8.03442602955306,6.558839154849082,6.361340079745107,7.484546226538922,9.554546114213972,12.155223682372224,14.508699559268127,15.950194820415987,16.092540359998107,15.009898308307262,13.05874458159363,10.959913223436827,9.571654846255528,9.333835482233534,10.101950721061792,11.61913271795743,13.64177270303998,15.980600840991396,18.27644232894296,20.079651696118997,21.195779271080795,21.896071824195683,22.746873341775036,23.818861773311937,24.56658024122777,24.42012031222101,23.60918560202546,22.667376675186663,22.30259909667206,23.046754737320526,25.250966677549656,28.268936420561907,30.508619660068522,30.78829285680016,29.77775346905239,27.780955574923734,25.469721659072214,23.05967262422041,20.642248193483745,18.276605765175244,16.063790521320062,14.258189509019532,12.86861181843455,11.91577231329411,11.531210375450177,12.040533967801533,13.50696441222251,15.402272182082156,16.88086717589054,17.299935880800284,16.74893441709107,15.685417569187114,14.90849330343562,14.894798126568096,15.723290708410007,17.375455167239334,19.26763849754081,21.034971565940673,22.159514921103035,22.271519243879748,21.179423065986633,19.173197382476665,16.651685222843223,14.433790443345927,12.515245606249213,10.757850781979299,8.95199841580626,7.400108663398229,6.47836666962315,6.526415020678203,7.377562514078953,9.170739239643094,11.845742064347402,15.075106238332411,18.015590897423763,19.7302014960239,20.183776499258613,19.978153961252207,19.718401386458968,19.82898553129565,20.312674813091622,20.709489642337065,20.202374398253028,18.750112473366126,16.624435926650143,14.31991634776783,12.289223847547309,10.86329807491713,10.001179182111054,9.508848259086424,9.223420475791732
0.17057449170485137,0.11355735764273892,0.06326223585991371,0.03375966743609919,0.0365374703187115,0.09005093336754723,0.21606383568710813,0.4072161822256603,0.6053940064304874,0.7336787723306077,0.7770981499311022,0.7547323613004543,0.7662833607965893,0.8906549045862685,1.120883268911521,1.3129302766656337,1.323804158824272,1.0816068849112832,0.7080221420833789,0.3655662246768698,0.15840476516844174,0.0861507283263186,0.10534768983155932,0.1809609636474383,0.3068343136977815,0.504560255176234,0.8246815374593089,1.2908711182871857,1.7863255781188603,2.0421650195188374,1.9823794371940333,1.7256397880544543,1.5020741622758613,1.3680855326187198,1.2839970981552489,1.0954828243975012,0.8420559179386512,0.5957406132337509,0.37806201841607784,0.19984445316736948,0.08453382224125354,0.028200545587479194,0.00742294696717589,0.0015349407964138698,0.00024719187041509846,3.0921801006734815e-05,3.0689381767526552e-06,9.01171414213115e-07,7.731395332227094e-06,6.722861074287571e-05,0.0004479869536728968,0.0023201591032295517,0.009402816558285964,0.029984096632348987,0.07630892583174809,0.1582713759591159,0.27291128108696516,0.38963559732604314,0.48222767376294084,0.5393655397563034,0.5721160827296033,0.5999773105414975,0.6285883564927649,0.7084804995754487,0.922434023017704,1.2891632054759299,1.6997640277690347,2.0077017088403806,2.0862076840435497,1.9190484589698518,1.5404309909029155,1.0421412077404308,0.5737001305904121,0.2521511204314427,0.09043749032895457,0.03753946885510336,0.047637468797976056,0.09941787738156603,0.17414372223730967,0.24109742664935627,0.2700359029764405,0.25205439672091534,0.19083608293239065,0.11400323845990458,0.04999339205324664,0.019770254031869546,0.022567803836873124,0.056228336019859944,0.13117165943776063,0.25691415226489134,0.42886601724529877,0.637552668802952,0.8712794175554237,1.1157594835088085,1.3436776690019578,1.4771899849583092,1.4986692295026547,1.3584005046043373,1.1043141232233193,0.8867446149928989,0.8920494973969949,1.1893245999127526,1.7382663326378502,2.3114200628356656,2.643453124034575,2.6493290936632383,2.34807273296747,1.6874169176744158,0.9395475238266986,0.40704661208295434,0.14395766101511295,0.04675793975643095,0.02959683282887133,0.07470540095457875,0.21004505988573388,0.4715678913880108,0.8497495170408047,1.2680156451921267,1.6059210490122573,1.7900295707302614,1.8551456469332293,1.9310426273043537,2.1206714549610175,2.332939585167993,2.426048352027198,2.33206441811512,2.0804334846094563,1.7486845369462571,1.398086222692294,1.1400964579300552,0.9781858450183228,0.8992627614863713,0.856194655442631,0.7963521299100572,0.7073682095164744,0.5486406931990987,0.3605531475879173,0.20107723610177355,0.09366902951049824,0.03491139777541502,0.009929170788366082,0.0021623988198892093,0.0003845025991872224,6.033949559208184e-05
29.15960188810438,30.484732683070725,31.73332408303467,32.36960590220504,31.963094393099162,30.529583742165308,28.25627479696967,25.50024520392933,22.75110302632931,20.504719497998455,19.227184406510194,18.985047777042613,19.516389318647903,20.372740516167607,21.271682024805397,22.373553403642838,23.943990094353875,25.946210770098094,27.726818125083536,28.424878934688298,27.893667178007945,26.702817209903294,25.334677905828663,23.877637889008096,21.971396203528357,19.511279584593137,16.86461975178799,14.638921076839324,13.438253283469567,13.69969744579341,15.475376795977791,18.23073460240762,21.244478694692752,24.09844414203328,26.774544990126905,28.97178053803836,29.67124597954027,28.325576164025886,25.583643401997186,22.45298897900973,20.387851877687822,20.69582264353876,23.834500992667365,29.307618547231385,35.34745660381831,39.91484164019624,41.7781882490444,41.36034990821436,39.11521354617736,35.812061174086935,32.032647047743396,28.36351008706809,24.70553928892398,21.05374149218669,17.50086031243617,14.527667006982009,12.50716233953894,11.638875821009004,12.276662804757795,14.71814674623717,19.1571895068438,24.516481900605893,29.208601980278065,32.26171374320627,33.028233316046524,31.708996735001854,28.000627729765448,22.773688372700992,17.862073566111455,14.870953135596707,13.923285139607625,14.407444507030409,15.752416311154324,17.33855820798106,18.863516734000065,20.07909892129761,21.05153613198905,22.248642741413853,23.8154324722985,25.743774016606515,27.64813753164688,29.337386967521887,31.02678366095776,33.01317076535714,35.28389028358316,37.285040903350826,37.91202950826302,37.1719094789562,35.46917051110405,33.62541268178775,32.06755255875209,30.73795611264549,29.33006952850635,27.403572893241925,25.0859618156034,22.40400700839611,19.63267238776157,17.333181636527694,16.012100877796865,15.82877249722847,16.965491524583264,19.584580798848044,23.38769762947278,27.292404719218247,29.883914687296528,30.555690352172178,29.074110479910225,25.657171508895317,21.449854423445505,17.620397935118106,15.166548011518392,14.61801568087271,16.074967780496202,19.049112424835467,22.247816412568156,24.641304795375326,25.106282941354642,23.268500996064468,19.81079818628885,16.032419487298863,13.009347695815823,10.988498477287695,9.780662298235667,9.07891707281532,8.838909249652138,9.444911728734658,11.288884155964642,14.338947524875778,18.05927463780325,21.739624712332493,24.898053937179796,27.316830430198525,28.807390616161598,29.369404846649672,29.193978710016914,28.418472807995016,26.93081406557807,24.53341602734051,21.367370156443695,17.97036103855194,15.018656557886908,12.809951063510379,11.304410892281847,10.321744760265709
5.072062651563785,5.1528940554096,5.089009029614093,4.8525072521159265,4.399648445512602,3.741466632183902,3.0028789478221993,2.3268478989470047,1.775044348469951,1.3280171902154938,0.9817513521458816,0.7923503526537161,0.8193176333372539,1.0276126181966156,1.3353683396905052,1.6699081521333876,2.006517858618859,2.4249552268090175,3.1243862034522283,4.364482435893685,6.23115369907367,8.56948061630531,11.163672806817686,13.977555335893161,17.052091144082215,20.119234457531597,22.502074072155757,23.68778630156013,23.73287962311171,22.986842031459393,21.841089025991508,20.657109134892075,19.666435336477992,18.865470267900385,18.158556808389246,17.364724721041636,16.45716977892459,15.596959472916788,14.84149174343205,14.151113998348794,13.628201787185457,13.459700091734708,13.800886837759592,14.499578712829328,15.141217382356038,15.156490365041787,14.285628346351183,12.741128239621755,10.82027334858429,9.025710109031893,7.693208980645316,6.897183598132612,6.50794046440209,6.451440446271644,6.7532048950038215,7.520132577108666,8.879087931602065,10.7620061360317,12.767930496841918,14.45985561783859,15.402865181323616,15.556428060388308,14.921104162904829,13.902634096275799,12.457643515246511,10.708342915815894,8.782169601857468,7.132131207541624,6.192230541788701,6.187592969898524,6.763109941662958,7.603939877806193,8.440992787960903,9.312422496574465,10.248930108872578,11.292429819037334,12.306276694615383,13.031863652238638,13.362471771816265,13.181089230487922,12.577996354884084,11.629270795744763,10.273027617834178,8.655068981917648,6.9860258797678,5.563894886410625,4.576962746125308,4.060309687681096,3.8988708392806926,4.021863532413682,4.3496067760016786,4.963150438586696,6.073406737021417,7.8928887801185805,10.356302221885256,13.016219447230933,15.109427144495125,16.06918716308026,15.869926688094875,14.804370366788623,12.903775288690701,10.382544537685423,7.567376004053142,5.184979554198273,3.757483816727273,3.251683311733013,3.349627280548957,3.6899014781095487,3.9965404968758333,4.109212384466676,4.010481951526518,3.7293296403684395,3.4701577860124395,3.3496565755988863,3.4482556276341976,3.792412966156055,4.483739869644737,5.389562644330512,6.317389716422719,6.963139200712986,7.2025493299405,7.022999168178032,6.5145775054909025,5.98744435399461,5.762184887036804,6.161123864682507,7.169044071884256,8.626361230799436,10.182792822714992,11.460775532345789,12.181211946807107,12.341945720068232,12.074070777791167,11.467423216385024,10.419589023669051,9.028215326833102,7.541449571317131,6.3541298666395605,5.770348957797639,5.708102942213897,5.79702207643467,5.726170355626636,5.496757243021656,5.243278334202186
4.304970767875778,4.720494036352859,5.03705506707308,5.196598895382437,5.155167991577861,4.94391682024195,4.669644616552195,4.464879002204711,4.423416803303059,4.645345901590675,5.202166267910529,5.892918886584863,6.351386098135416,6.296577996997777,5.848381472610024,5.3287796917933345,5.061008780969219,5.231271017025076,5.740856764079988,6.370804981800856,6.699175364065026,6.551013163795747,6.020377488397949,5.343757677642421,4.749540963895257,4.384268787659041,4.310411737912906,4.514139810084196,4.869347704693368,5.189143240582449,5.301145016579914,5.156062547518434,4.9210174470579675,4.703249492341145,4.5714914880341775,4.464054464294838,4.286471725848438,3.9851503363742955,3.6709863565277296,3.506818731185549,3.5855775656150293,3.8769574656590216,4.302095256983821,4.749619676168798,5.2141695513410555,5.718029357702172,6.198291640660295,6.513538871771241,6.589598233977513,6.363463708671995,6.176939827421002,6.283784026196284,6.734714779272049,7.325480274909244,7.8450221269976,8.221085507101856,8.594586143683943,9.09003925909737,9.855880526399597,10.803300201056576,11.79473837187812,12.51497941888971,12.91820738726344,12.983976869542094,12.710032717810227,11.957941295430434,10.770780021411577,9.385163155700285,8.139272184541824,7.29016657123996,6.796287474852754,6.549424028984054,6.4780570193718985,6.4653274631116044,6.382906126921994,6.022942359954088,5.396106405286,4.508670371205259,3.7139767513106134,3.1205339720445555,2.689355807170819,2.3611424481330423,2.1743683138829653,2.10938833938064,2.085868384724718,2.1016790779937233,2.2401720348336682,2.681651631996532,3.457164636985856,4.450515062193945,5.438117222839445,6.308446761433342,6.92997774345964,7.278970371781162,7.403645441293593,7.298414109937146,6.999702357939245,6.622043559930876,6.083040952106332,5.480400069400764,4.755788539604692,3.8802559156876413,2.9208385945710016,2.1269935943294156,1.6200549574413974,1.4048357572746404,1.3881101101554911,1.4444885945616452,1.477462186366979,1.3964312507715864,1.2559442830197223,1.1456119720113296,1.1424107940119232,1.3003013632697349,1.548136681728239,1.820044749227789,1.99576932607996,2.0765421242942845,2.110373634945762,2.1652753974575414,2.3178472096103873,2.542592021993962,2.8108861324305257,3.0915880916711087,3.3746662418081845,3.6249221188814262,3.7209167668357934,3.61258263971526,3.3494761069058034,3.068803147827034,2.8640626146448094,2.7138608377583653,2.547409342923399,2.361645275064183,2.1781078563482135,1.992212416266217,1.8100590950528868,1.679260926240201,1.687246732031091,1.8832154007333457,2.1552789102901566,2.3415538980595465,2.3814026923836016,2.306683970418726
39.228091547522894,40.283713726865365,42.46288848175286,45.54865140396873,48.79920333656258,51.194275299019225,51.98847951552811,51.241500242311325,49.47383710980276,47.100789841892514,44.283633977366634,41.45410165182502,39.470820292041665,38.983619735641405,39.82317114255247,41.6689024553618,44.42130552154942,48.23337537495816,52.660534315429864,56.3064963662485,58.024440495263015,57.424638326297504,54.986272589718865,51.0682551071842,46.067093353035524,40.830670194454896,37.11727442970386,36.0219327789448,38.00025893007512,42.30680472497939,47.73401475752511,53.17808488862633,57.14857085352959,58.26511532314151,56.10775952977669,51.05674273924019,44.991611800005714,40.54891533657629,39.81330563136256,43.391511910642215,50.163061730615105,57.54342824707001,63.607709461688714,67.25584818379141,68.71894742742383,68.33514596488575,66.07714889345735,61.90778403591014,55.95118188084203,48.5703612023037,40.397411764674516,32.760891500583895,26.798928464287574,23.197616676457947,22.341787714330202,23.894558121926554,27.655028689742597,32.373475710791844,36.30051343867795,37.81755240942566,36.654957473345824,32.445321333650504,26.189735212686266,19.767966862753713,14.962196521858983,12.687251144403312,12.803269727214742,14.520586264424054,17.30899013383874,20.866690350805246,25.01224835591233,29.647850807803724,34.53054879614187,39.09408283532949,42.43846384946368,44.23281571977407,44.91945106145305,45.42331316617507,46.62973009538662,48.906395258600405,52.31267004178794,56.61024772630219,61.33062843840545,66.31228400081494,70.76768538785737,74.00059762933924,75.60704262628616,74.85781263667889,72.1271508267157,67.44136760823451,61.54142055454037,54.83824225634056,47.72752237367436,40.668736895564024,34.146292622271346,28.546943815327868,24.49167099689474,22.770584197442375,24.02712981397586,27.532030497265698,31.393403951571614,33.62676716106878,33.738896914972344,32.07779186414214,30.010557391191227,28.742493268638416,29.5313704257146,32.5089618949024,36.610283347618314,40.34763089865319,43.03171115860887,44.310815510228686,43.995998889237974,42.09149284606477,38.66941152427271,34.09494108579217,29.174670095942027,24.47094539317197,20.636085893214087,18.127737428059007,16.956676008786957,17.259472525247208,19.152689919684722,22.95214300023184,28.569312472273015,35.174470319425126,41.06499934245179,44.67586039348652,45.728564487485905,44.99964703162286,43.3514794290548,41.29881892840922,39.29442514674419,37.8326441386302,37.26719124143652,37.84323156075929,39.709935753002995,42.74778493824667,46.37435661281476,49.84229566187068,52.54174134121332,54.305025291168896,55.278968192388916,55.7378789306127
30.772686952829744,28.478185403179552,25.78047076641463,23.02881119109832,20.51042789108376,18.35992323273738,16.575332842547013,15.114430356344432,13.935609933455048,13.099984859517921,12.571198974294278,12.210051846581807,11.837180253086228,11.291511852675736,10.654273541149713,10.268395013420921,10.624305592295034,12.09464524476247,14.84215419461546,18.550116949395147,22.65995012458295,26.57968304478309,29.943011127299037,32.53159454110854,34.54885995888036,36.1900946286423,37.491715312768356,37.83929390121574,36.584106163031954,33.7867406412448,30.19866999363491,26.629975167249277,23.56775062449927,21.48549978110914,20.70168461561776,21.060520423124057,22.118292698447444,23.073906153625458,23.388369619711654,22.69686667776331,21.53113712921532,20.46682566141381,19.508611455541583,18.317682889648637,16.660571121442988,15.138440646586929,14.517076644112851,15.124978034745775,17.07120834617716,20.231571381245494,24.435044489273636,29.132293288085876,33.06910213360423,35.457331531235724,35.618451564273165,33.834495022159494,30.292436265381987,25.821333754843113,21.7893542756966,19.077020604223236,17.87058479943836,17.465287987237797,17.291025931868205,17.05220613309791,16.869579780681104,17.3069199063071,18.039883567476533,18.81677521385309,19.220211397481346,19.286628135437716,19.248342629906695,19.196691869227397,19.228670685473887,19.214357692083567,19.024345831924933,18.804347135847692,18.56125106284865,18.23768396421149,17.72094702303975,16.664505342978707,15.184271450796738,13.622390926200246,12.40336861890853,11.748952954703164,11.747090584078485,12.018186687370447,12.442437113867154,12.991820491455194,13.49903222287119,14.298524135533256,15.690463607990226,18.20000417172518,21.293607487591668,24.157714444582528,26.251046838008,27.295377299349944,27.361282146459644,26.315039542589982,24.674086941768547,23.274037924451747,23.26086498584634,24.97625436829674,28.114543705384065,32.13191980727205,36.49257364367506,40.465014938019095,43.075019781338135,43.79076600316222,42.93159139892118,40.8670966972173,38.31949246493444,35.558480799814454,33.61914932870564,32.81574855564273,33.31942841487269,34.179098902722856,34.07634924987122,32.59199563341257,30.054984909244258,27.390411621796233,25.20844210237781,23.489080604684908,21.830718978897703,20.54630047933949,20.147039342928903,21.13485445853041,23.427415373895865,26.012787981916627,27.44638523034014,27.181441905480494,25.46507103707512,22.989005179907803,20.53617689403509,18.70970218565235,17.68923909432287,17.323732793232537,17.47652372643711,18.02588793357689,18.687653775821033,19.080975126687324,19.053905456354137,18.725181953296683,18.268096101391816,17.81155441392024
9.489317850880267,9.367921309886249,9.212361173982522,9.217644306558707,9.345639748629829,9.391614985285857,9.226299284441048,9.023036586343093,9.073608725765453,9.54009129227555,10.252783700768644,10.977402982317201,11.610816481548937,12.161690697516297,12.780459277614364,13.40141035128483,13.948624542299719,14.393337421792076,14.820376933526212,15.062115749554998,14.832331439110135,14.14246843723541,13.16329158899508,12.093135634715841,11.241005426991592,10.797604029821917,10.758871622098994,10.787738330927564,10.746869939585741,10.818773824270215,10.983343244378634,11.004102361768869,10.710317800187974,10.196027327762769,9.744948353316472,9.544324530637768,9.452565538112914,9.225675224920275,8.937086945325133,8.687507984944537,8.436224840268705,8.061415612170434,7.662770345035996,7.5385714573550535,7.624241848755208,7.605301346030462,7.414384982811496,7.165946037506789,7.152223282432761,7.453493029736233,7.9557624019152655,8.389057003088302,8.626486495085222,8.594981051343016,8.493387692108335,8.354525927942689,8.253041910376373,8.379940834334406,8.72222329874848,9.14183074218267,9.487615589712613,9.816295334293967,10.215086327464432,10.8739678306455,11.638774074706083,12.202242111188575,12.56812827530512,12.867490805151313,13.374060824557583,14.096780106481171,14.806226243911526,15.256743203303245,15.30348851027198,15.296171433166876,15.636078283078897,16.232845471356995,16.72132765052491,16.653149708135487,15.693658035163603,14.222866926141961,12.711969699737312,11.552718715819537,10.82219626665243,10.355459816501083,10.174958653478953,10.31196338987225,10.93492182366176,11.842976554290011,12.412549493889733,12.298378415785967,11.746171209162117,11.11244339189028,10.939175309250608,11.023734482014843,11.064567767214077,10.853218599599202,10.552938714205574,10.508725157333702,10.829321709216607,11.426101226662091,12.024160818404793,12.448597863304938,12.688952740091942,12.980776776050483,13.171141970186902,13.349707586988194,13.548094494383493,13.863102512505877,14.181023283756184,14.215576612835712,13.67177441103892,12.627565471199864,11.60925990815124,11.314167194992443,11.707759256017512,12.340111523482294,12.69717121293914,12.462596125069048,11.834136521004133,11.484393483588196,11.698651449345963,12.209945898308183,12.494304220529477,12.302808869585427,11.80092846809165,11.3596538895489,11.228741295203992,11.357421602232323,11.695880166285983,12.148672260641204,12.742774966601388,13.405223781522784,13.901769946398026,13.912152781803021,13.518314411381532,13.096869763503078,12.84956354523433,12.800899377984727,12.870970989158694,12.952375019525142,12.933393169132263,12.742069024331187,12.37345386163792,11.880650675918233
16.624774004404685,18.405306331064416,20.360429952332396,22.075837381137397,23.04639432422566,22.920991615518584,21.667882623654727,19.495219043220295,16.66602990710426,13.637907940594316,10.818325632621127,8.648398238237831,7.539584282856145,7.775835255710136,9.40905173093761,12.013685311785844,14.825170927040423,17.0201262758198,18.230411159213617,18.59441523906882,18.294799836227092,17.42967405846218,16.314694198274747,15.161722034885532,14.052181744456743,12.827134890762142,11.564363288807286,10.73832951097324,10.928866353102986,12.203070196059022,14.070967542951001,15.798241096933683,16.803027649944358,16.750931811621165,15.708270838463614,13.843039401893659,11.481363726836392,9.52348960802448,8.998423313834671,10.516714597992722,13.930697282891558,18.527761764720204,22.979417787168046,25.972186943489575,26.917152085128002,25.77942266701077,23.239680376714766,19.831007086032752,15.991832721526471,12.249914267194699,8.915900558068058,6.3236385900237835,4.649504970406803,4.186644344418946,5.028312091048337,7.0560814315707265,9.897247225099491,12.953354186224555,15.37086580382821,16.497950288140704,16.183042242329154,14.721298869091498,12.583233154447882,10.02268565897951,7.487424635702968,5.5764403657760155,4.683882483191496,4.932127462374341,6.045714367345304,7.6515479664257,9.370300658774475,10.63425456002828,11.27305646401811,11.424570545397035,11.722734021915127,12.687071877351745,14.36592052398295,16.441845993888087,18.387193951786198,19.81233516265395,20.630974654272055,21.324312824845787,22.2857176228395,23.95489016517976,26.240580595647604,28.34345760322996,29.132661275749232,28.11039856144876,25.080735295117332,21.10568812325722,17.002222267987687,13.220059279280528,10.014912045924145,7.452798750845301,5.6184722260386435,4.519990745650276,4.225817210351895,4.733583652215099,6.312713122644852,8.614115005570257,10.979437718495141,12.64635018192444,13.334461529113794,13.118215570462885,12.0939883766348,10.535839872795073,8.732692992688811,6.927454267185688,5.452591938015905,4.631343138555392,4.863842432353982,6.143826567982762,7.907582614098959,9.456438796883317,10.408776719052653,10.59097717735866,10.169150086928632,9.390369952898343,8.480014539260742,7.533926327274673,6.691399935444785,6.048558135631542,5.820403336901645,6.024244354180673,6.804766583943102,8.30972728080694,10.768846563323478,13.753909957645325,16.408295065962182,18.05392135458582,18.662295395854386,18.45019890690673,17.760872521463423,16.735582058576313,15.546832059009057,14.210898700838372,12.70014926146648,11.010336072572617,9.2996117418193,7.774255691267725,6.654322015599707,6.041250795459924,5.9052613236006435,6.130203659383889
20.822935042947346,20.378647380140336,19.35529817435952,18.001726651358844,16.862070061183744,16.356508932868604,16.407526038411884,16.525896836950864,16.170076266745372,15.160302144536866,13.88082268669897,12.837318797031797,12.369038948240116,12.248254538454784,12.038225130492098,11.530381909143424,10.97259921919817,10.869175319210711,11.468116052088405,12.742049263791676,14.527587375193306,16.72898549957635,19.104359722510676,21.138879001157704,22.21545919246811,22.16764885604546,20.911194293509695,18.916999053831223,16.752886963182934,14.895357212796487,13.536590428328395,12.819704424056578,12.947451495784392,14.200466488651998,16.881796977012336,21.09584016432162,26.291232903901236,30.948624954831946,33.30624457902079,33.49737402692253,31.94866598222505,29.715898130516084,27.19672345890444,24.489018088316072,21.76277004421514,19.389891968163216,17.71284596718087,16.900683107251865,17.09484016860563,18.020478276201484,19.685316250270887,21.56057986291329,23.02665354309452,23.61518237167856,22.876689899817684,21.493891537003506,19.59463934701532,17.698769060062922,16.282332762213173,15.422306081677622,15.01398232436953,14.893489033606967,14.988017532467348,14.87694274465997,14.159597582846288,13.027795886606071,11.804336311965855,10.70716113761824,9.89486351982711,9.378207966982963,9.22676250332978,9.578567814257491,10.44498396950228,11.489914774474713,12.148438777291217,12.176025650113699,11.705012244693071,11.068380942110718,10.680108022100354,10.562976709296636,10.379286426710127,10.065043955639535,9.61874866841178,9.096817187071252,8.549704953952954,7.857364190103112,7.1098425534147,6.317941169641813,5.605197507853074,5.0860446323307755,4.855276271350913,4.854761936532151,5.292834328053152,6.154451542119567,7.398725736928306,8.586690788392826,9.340874219344824,9.556229166021584,9.245843332424593,8.981471778722208,9.230393365327606,10.149527693907936,11.766277659809973,13.995670916220682,16.726036284156045,19.345934706170553,21.358928857337954,22.57887811524248,23.05383727579891,23.09539648377782,23.08846020662314,23.309890585367498,23.921389566813556,24.770594970716303,25.284007481059074,25.18207087402495,24.173785247975463,22.098429223758593,19.2442711740979,15.925740262567883,12.91021293591704,10.862429792023718,9.892502705401567,9.717075016570151,9.742570499047675,9.63058049023924,9.444814729191654,9.578935542297318,10.279652751774318,11.216179708428616,11.869088909883338,11.896843036272324,11.367775863078775,10.654526077092683,10.176073656038193,9.970948325899325,9.907107927739027,9.924044654276443,10.1320758150152,10.588462161542571,11.188483634033712,11.78168896083749,12.32356114318297,12.82703930678641
3.6511266734972243,4.107288142897455,5.027254410633186,6.2455203225843015,7.356751426699807,7.89396096872717,7.667225838347565,6.894327082887441,5.999349698961531,5.323805527234529,5.01600381513117,5.065404311140147,5.366138130768607,5.7086097374094775,5.825079939532822,5.677818319813718,5.397867428579727,5.198606896401806,5.1726184473488654,5.222411287726333,5.373857150703567,5.632698277768925,6.029658877108431,6.5640356466967456,7.258953092740105,8.093410672211583,9.271179565109389,10.64916246711925,11.947322958539702,12.832538748682474,13.043014308206342,12.57124204771374,11.669722588626138,10.606761525508164,9.597499435245872,8.718147479876874,7.884471511735796,6.973222165307016,5.96154975694716,5.02922333866276,4.24116813211776,3.778924337857354,3.6273707091865988,3.6928680586903955,3.918661732240729,4.463733541041248,5.476689133161836,7.106164289508613,9.008358199820277,10.420248015081418,10.68523098557138,9.962150590311571,8.75621041866383,7.573384093620037,6.778373970270721,6.327647943616359,6.062118961614782,5.843757961941771,5.53630630457976,5.1724827447682316,4.858984344405773,4.734669866387994,4.901073604324658,5.466187230955247,6.530900578782027,8.066636725833497,9.891296727180375,11.612311175249868,12.838621773768566,13.354021277011753,13.427400282582628,13.275779322336714,13.419455658310609,13.933059433048042,14.51052681818485,14.907677327902173,15.106450847485162,15.163861234266308,15.202225021283896,15.295159839673538,15.238190533325838,14.755801969599023,13.65346726543375,12.281443167859894,11.030267068236833,10.293680451152731,10.192230944655867,10.481905431669148,10.541720402498768,10.196968259303793,9.315504967664543,8.196404088801058,7.104690559572008,6.417933866842331,6.347656910277761,6.811941714671539,7.57045947476413,8.322919497754114,8.842013078438692,9.019767868843095,8.959929365430792,8.868437356688709,8.844516667256647,8.783557755316844,8.70428739707414,8.794040814601768,9.10241586261467,9.58836663206157,10.030034470365841,10.268454457612801,10.19565135400391,9.909840053307207,9.427196089805829,8.825345196860825,8.236817293275035,7.820565610782789,7.718637779221168,7.926387144505914,8.256754338594995,8.529336244003975,8.590143408344872,8.356650721246139,7.917789010596736,7.234151285349026,6.279306866593771,5.115456205333768,4.131630165205556,3.6120814066741205,3.645155002832804,4.009573268636395,4.558812495333597,5.355250719583899,6.577324996375202,8.255937109409878,10.078149811583689,11.495476415976446,12.04391050967385,11.763302117921084,11.073666841779438,10.362494425065568,9.782774450053118,9.306448399572805,8.849214508443124,8.378319957318332
6.862067822852753,6.906883371628071,6.840050679503775,6.7069555128286735,6.369299627296273,5.660734897738613,4.642581301199509,3.5772403149413163,2.7705238034888935,2.3684963545299307,2.3308795475003112,2.507708600454411,2.6812862067621044,2.6982307140629542,2.595003043585704,2.529638470099682,2.6612115563373036,3.0096492323549136,3.4270175779037158,3.743793369832584,3.9159810880266654,4.021050567997855,4.272528359136909,4.73432704821311,5.245631516180361,5.503834630012568,5.338202790757248,5.052421167950312,4.9644899083001155,5.260857423416113,5.742657819167,6.161423221343409,6.213651969776869,6.026492671281614,5.731235936088201,5.56800536968029,5.589355981879084,5.695370039735856,5.819630655841062,5.940058469046264,6.153547199206253,6.39114221868883,6.447265258192422,6.244109407981291,5.860133200512044,5.296473944899882,4.628303872074526,3.872012086859857,3.1129286802809504,2.489723512551699,2.1219984391701185,2.0357868549768163,2.237328447879518,2.6015128698071988,3.0208340272337844,3.445170320827207,3.7625556244901985,3.9257267389890322,4.010223416467191,4.211365457480259,4.624710245918904,5.136204213310659,5.409639663328059,5.322679024209601,4.686324486240453,3.8930345114798826,3.1770313278338134,2.754012243758808,2.6022048239434277,2.6705390444738133,2.7891935486079076,2.883725195149318,2.842952848090777,2.6143539373456566,2.3187416803945173,2.034273822844374,1.7642165202721554,1.5953302583931777,1.5675611012974282,1.6913562561732425,1.9403191338611965,2.262012927409256,2.5467605892919267,2.756361940576336,2.9009322018832937,2.9927153614803834,3.1165995944977767,3.36848097611892,3.742346470949669,4.291202593500557,4.886050141192415,5.41347462060797,5.614164039069794,5.448393341566954,4.934663287412839,4.157743285494578,3.3032372959370226,2.554346783885662,2.0687202622471226,1.9453179430646959,2.2140603130268484,2.715769079312608,3.215956694470656,3.6397736256861375,3.8158940275809576,3.818844729680051,3.730766199252465,3.687840711001059,3.703897473686671,3.7656132692477127,3.8334586037179954,3.9305028393386747,4.034721493351126,3.9930585286517206,3.727334573200588,3.3153401217798546,2.905665709826241,2.601819112858471,2.374840702577438,2.186564532305992,2.052979425299897,2.0402036650121516,2.192588004871063,2.487744603570351,2.880730342887877,3.1622056633145412,3.0953196574601702,2.657515715431103,2.108893222851707,1.7434128737764758,1.7074875852234863,2.0093969353151357,2.539784657980975,3.1434308460380294,3.674545292268531,4.011607305403085,4.12019565578588,4.004230099220809,3.7738541474894696,3.5270658098115337,3.363798712150905,3.339637691061964,3.4454134951869615,3.636067854482216
7.125948293099806,6.64047879684753,6.054700849724667,5.540567163258156,5.309772671679826,5.454261340378047,5.801927674899951,6.038065517197041,5.985966811117536,5.70147977177903,5.392713598621602,5.301228113251241,5.554364750743348,6.069352218290235,6.597856063631693,6.901999324480064,6.98656602266336,7.1020458035894345,7.431172638714608,7.87059507141812,8.207714268821181,8.413300324900966,8.628290673088108,8.90588789191135,9.036684076587232,8.64417296456255,7.569500650471722,6.12597173303511,4.853574437446217,4.123805861940456,3.9521795466630505,4.095433653000218,4.287786463226612,4.355053141193025,4.194183331969378,3.7577365160810734,3.0942347351088753,2.3664001594972226,1.826401437645351,1.7037847209905825,2.040430906611707,2.6548755178358903,3.2869555109404347,3.7912312275213536,4.179417610576821,4.5002594150150035,4.716714399535885,4.716107569848745,4.468758046468793,4.127001767848776,3.8954727501034356,3.8486325811869917,3.918475483095707,4.012570117400689,4.092720781667697,4.1725674020966235,4.322916037641324,4.665061086396258,5.236156778157831,5.8183686211892605,6.108959977506944,6.021624711597209,5.655056606013846,5.227475385419447,5.041765166834412,5.272803379070594,5.827889414107648,6.526730381444247,7.271574767933389,7.988089268814678,8.509845743894305,8.609066446138279,8.211830366373354,7.486736016555794,6.61871034373976,5.778063131459876,5.213557166544644,5.092634978195275,5.401346507231455,5.939905592481042,6.339088262911505,6.3212838903290685,6.032380739884831,5.809412591295502,5.763633065918012,5.746110082327426,5.584270480621766,5.331830041619198,5.208320858617243,5.359160993084014,5.800388362053301,6.450568617416783,7.111829971139814,7.5479469909490415,7.6376333321366,7.468011198234835,7.304777955666363,7.352530675280442,7.515080731109979,7.5470661740035005,7.399266466873478,7.239088189477657,7.156223798533246,7.043007574486243,6.759931221075462,6.291839081006608,5.783419072603137,5.468821166782109,5.483508015099256,5.708795791892865,5.895784682359859,5.884513903537159,5.637892918927311,5.198733490528112,4.685764339021869,4.306964862482024,4.3207348454687455,4.910326109005086,6.034979887740836,7.4013941430638095,8.620778523626685,9.435124990518592,9.772293436075563,9.598683074993364,8.905085800403308,7.862257408225649,6.813779592984964,6.083648637687839,5.8350232097821,6.1027144560688695,6.874788623758793,8.01380838704844,9.049956477339093,9.377940412011544,8.912693777827513,8.106012760052334,7.387426970279828,6.899033570942623,6.5895911350289005,6.3712766183601195,6.1841614272585845,5.994364567987003,5.784389754859535,5.549186309540971
1.569637350142191e-05,0.0001393847370792138,0.0009719638591727293,0.0052213438978328565,0.02167289847922243,0.07002133553910814,0.1774966561194398,0.3582345380457993,0.588281472590498,0.8045984319253396,0.9385142473518528,0.9547542522555771,0.8524817531907042,0.6560865480645738,0.42567018010230284,0.24576825471469094,0.1864469199333395,0.27497348774069696,0.4852397041259453,0.7362657241753705,0.9280449597047188,1.0078119646721124,0.9964980479652468,0.9537447098481574,0.926958966922845,0.9185458520227212,0.8907482113353614,0.8176068458471065,0.7251186871576961,0.6520536891012362,0.5914925186589849,0.5068455739842881,0.3848680107815038,0.24825958778075913,0.13286803201822878,0.06479806593758711,0.05553191671776999,0.11277983429098093,0.238217422437984,0.4032669534954333,0.5477193785125292,0.6255560749930993,0.6441856010958366,0.6439395127228175,0.6530419838790434,0.6721737425749096,0.6899764237659214,0.7082037449306354,0.7513617846142883,0.8284760710341359,0.8897106792288975,0.8576589157280982,0.7047131486588947,0.48086060302588524,0.2704451259105746,0.13086337810247528,0.07231076415116648,0.0835796726626785,0.1512537337453525,0.24857006804721157,0.3460980523483,0.4579600910568242,0.6420582980092908,0.9502007943981653,1.3778507079519622,1.8601343747172783,2.323753337005542,2.7206685408569333,3.0082407289807973,3.1495081674151892,3.1593188300750374,3.12971319788168,3.155411484156689,3.1576548949360173,2.9326538423062667,2.4913594033230333,2.0562520036859744,1.7958084264291705,1.7877860845400473,2.1121567361689526,2.786425179130243,3.5273602369769432,3.834792750038594,3.49237283457561,2.6920413387766238,1.802284360323497,1.1467314629145942,0.8352933111316213,0.7580795175685461,0.7575113572300014,0.7572979431148534,0.7286660361623334,0.6378208194005439,0.4815498390998584,0.31218458398180193,0.19562320478646286,0.17319458225079357,0.25240568802473246,0.3912414265204218,0.49235786999601916,0.472389447897414,0.34760896894697074,0.20280190508568355,0.09743225407291267,0.03933910349363092,0.013232957900191862,0.0035908204491848362,0.0007693278260503015,0.00022575041047464262,0.0007434988931577496,0.003948545552359544,0.01672284590836211,0.05578459384386972,0.14715814558978485,0.3116042043785523,0.543796182533147,0.8068137197906675,1.0504393779600083,1.242695705986122,1.4054288125655736,1.636426418447129,2.0669405383950683,2.7298746141988675,3.429145785337119,3.815823881614674,3.6996714072926835,3.2541395816900334,2.836652143020206,2.6516695399855923,2.656170348998826,2.694635682102574,2.6228192415425777,2.3768602181610703,2.0131213720114127,1.6405077556617231,1.319892590332285,1.0544791655601762,0.8270552303734628,0.628981058952867,0.4630633577114099,0.33227082869447233,0.23404558800352662,0.16239232831688494,0.11104449447019787
6.000824363333596,5.584849627594767,5.106985415238527,4.624772154661723,4.167666956488305,3.7277181219705215,3.3136078942931033,2.976683625787,2.79455231919724,2.8454611227360145,3.1436624657247205,3.557222312742086,3.866653299065313,3.9828061684124165,4.05028164828172,4.292317273609324,4.721122790928066,5.076254710110634,5.141975438439246,5.0024558102353165,4.9073429981710355,5.024269779727421,5.362477790535947,5.824838498315586,6.267696071242242,6.535722286950101,6.506847468708173,6.1454748915466855,5.538368682493972,4.856084539987024,4.249258956733089,3.775054053030057,3.4009928583503197,3.062802760030238,2.700232415559519,2.283595221071167,1.8693651741658366,1.6035731817348413,1.6065916145347146,1.8678428357016295,2.2556584181261266,2.5802240417390996,2.700983252620508,2.6424999011043138,2.593295282235167,2.79210734351097,3.34132646481384,3.9804087211552073,4.2389551158384675,3.9661702862382415,3.350241140077011,2.6607049520340103,2.167754063859844,2.0296525709094158,2.2005940499750944,2.5396018270468472,2.939457789392901,3.3249486014467644,3.6200947351338337,3.7908279471209427,3.843050462260639,3.7760492886446277,3.6221232452927645,3.504599774541281,3.5893459055327366,3.93972952002671,4.481102818539796,5.09894978603678,5.71191679706181,6.235820917350329,6.515687373560855,6.344484703992551,5.63494674721367,4.648215242366065,3.849575254681518,3.4970262659298386,3.5592885233706753,3.8952834466301174,4.373191300111396,4.814657201574969,4.929659321427866,4.560247312994808,4.015403898747194,3.7749426476763093,3.956841054986277,4.297328777963438,4.437871954900227,4.19307025697295,3.659434913118483,3.1351558807426363,2.945001176893025,3.2353567754729395,3.8603174777033207,4.511759568292093,4.947115127541423,5.088715652328754,5.015698640134945,4.877748018509836,4.748736722213225,4.60607268346858,4.437724903064163,4.298984877697807,4.24904393886023,4.26287075467155,4.267750451346598,4.230083723420216,4.1999271423922755,4.289896808006105,4.544774037407191,4.832901858701475,4.974473246076133,4.908786314013771,4.662391848151611,4.278153854144678,3.828119814714132,3.431605785865783,3.201071003833443,3.165486188611361,3.2415212975967105,3.289552953893771,3.2366447316882785,3.1474121225445177,3.156457101308708,3.3454483238975095,3.6777333793075475,4.016528607357532,4.230484604414675,4.304196713714648,4.326046813629522,4.392633763811242,4.5539470015580195,4.812482954946488,5.115078794388216,5.354770402349811,5.4368813152131175,5.306277266190664,4.926759922837191,4.339338199456389,3.7064934478753804,3.20436089906953,2.892333157488153,2.73034186774625,2.6577246745328127,2.6305174495608927
6.770103405996669,6.959871840808605,7.435806049377673,8.08628265180612,8.564051895272298,8.698545662799281,8.493963152481575,8.15792498121307,8.00007897424688,7.989964784597941,8.111132888782443,8.119351257059481,8.01562018119799,7.857437744330354,7.690714702132383,7.675752717651663,7.812243165222467,8.138912979940276,8.519416155489491,8.876691341624479,9.202247210550244,9.547561100728025,9.905923214377257,10.173781898220163,10.251527865508125,10.010211482988433,9.743317047801382,9.543238584157507,9.478982828875353,9.412337335561931,9.093784763001713,8.610728687821707,7.946741793295753,7.295675892039019,6.707469731187546,6.164717442563402,5.704976312214945,5.390987376948503,5.3088453304974434,5.439273815791923,5.731626849464361,6.093575402646623,6.4175469957972195,6.624655891352573,6.6900537132464555,6.60049330404127,6.401454085490597,6.150248043831207,5.888712351686926,5.5890632668747005,5.222608491293783,4.911375367323236,4.799279417870269,5.053836170575804,5.762041619143421,6.715981441359316,7.627899246452703,8.390541342898299,8.985164570956043,9.54056243740522,10.128215498385993,10.65171262241246,10.969626395240144,10.976609508418539,10.64406989007479,10.220462717238043,10.133530821939539,10.728367780610387,11.692897448827674,12.668153976272002,13.315453397487046,13.407028945068586,13.035447751720598,12.19235773393672,11.091772336431648,10.126566307820713,9.307513029152295,8.598405675572785,7.972529685610516,7.367693722792035,7.024900351545347,7.091152192894105,7.559939814685844,8.227020073216716,8.894776051306563,9.48620289046145,9.981125146265343,10.27208942332469,10.390979736355522,10.365598163298621,10.170578638181322,9.995908016451915,9.872624597877204,9.946970658957186,10.084933585238284,10.2316044452556,10.227267828550904,10.052344540198353,9.667312734436262,9.143287633405338,8.640729678060506,8.198221432923651,7.851020767450529,7.643512688598771,7.609842440968527,7.68906425955671,7.795617946523882,7.96068333928032,8.172058542606665,8.383143338053824,8.445345964359666,8.237750901789418,8.030799515560751,7.903806170665045,7.8366307882993205,7.816272595719406,7.6929511959651045,7.5413425040070114,7.489928109114866,7.616680980275539,7.834695537009354,8.090818693624614,8.265685637531748,8.27233999926083,8.156917027512089,8.085691382546601,8.149919210020672,8.320333395453897,8.381779914205156,8.190106404489791,7.8788790265501705,7.492910767755726,7.164182306053361,6.7962054409046,6.086916931089538,5.049895349265495,4.102190659870961,3.7942621865331483,4.071062176357368,4.679322493398353,5.312712606484046,5.844753243419215,6.213341650292013,6.454295366316709
18.430376917684654,18.282109866920948,17.8796497232479,17.078089366205518,16.136153130628585,15.613298659114248,15.85695626045863,16.629770367419788,17.294856902340026,17.29558451198161,16.46148399772599,15.115664523723124,13.535529639901322,11.890987115324512,10.061052751171145,8.160848264784049,6.742127384608311,6.441661020714368,7.294947149198467,9.074631733601448,11.301168424356023,13.8095836836829,16.66659055533385,20.009078997899902,23.70105045386481,27.07693609917032,29.4391662941301,30.414185092755,30.35504311044131,29.746110984403458,28.728883115276176,27.350870370803143,25.727154039899883,24.148616788694717,22.869428081459375,22.199418093855442,22.16742397970668,22.62284148655974,23.400787585660048,24.24363202122533,25.059536256252674,25.94807504610848,26.89795527728449,27.606599770295098,27.461574344969456,26.143524946701838,23.914296002245763,21.424686798362416,19.26373772584931,17.737597856382973,17.010787888042127,17.15568588351926,18.052398802715803,19.355484144288933,20.62336979295354,21.54025789410306,22.092533020301964,21.769448184808727,20.218699899115407,17.829012820401285,15.159970272009238,12.840341513847953,11.31699850040551,10.674434707831796,10.479060231724494,10.419386426461614,10.368640494473475,10.402176717554129,10.443148756332139,10.45047712757351,10.515486900497311,10.697918060734567,11.14925683043281,11.891400287178985,12.89313853144845,14.085780406869812,15.25856305473241,16.16381238914125,16.397436710311677,16.024700731223195,15.21400080834341,14.506616725055832,14.080392110323086,13.915181254987527,13.671310953601274,13.19404026922896,12.50365466541702,11.952414036618451,11.862738488847091,12.439630385938122,13.532931221054724,14.71350076993472,15.574926083625432,15.825452496300928,15.31523652697957,14.233710825554613,13.322303071542063,13.503866922362223,15.066382802765206,17.525506176972407,20.02732273437254,21.84275335739136,22.539293824565252,22.17732330863767,20.894103233239996,19.3001182886287,18.192863190042164,18.042180051534636,18.239235966431565,18.230084776457673,17.592237600955702,16.562666678209986,15.797817983672097,15.428476893296219,15.578650425186371,15.98588867461774,16.46972880280392,16.9099516233017,17.157128290596305,17.527889258086695,18.079971442530226,18.737364388305096,19.08884035833623,18.98195984161705,18.524611140278278,18.12503595690403,18.179628616026257,18.7609238635764,19.620171596778512,20.53130328708859,21.420576732206907,22.293134743830926,22.71918918854749,22.596692934117524,21.943301324784823,20.616924336558046,18.519238699172952,15.666563939215012,12.537196212533072,9.72978982555733,7.632762201074277,6.286241034582825,5.522339498037057,5.152350181225241
9.13924129668888,9.36502203244654,9.485891087320736,9.476994852823662,9.507783107198094,9.853895354312844,10.613774605822563,11.468213990227484,11.984939055063222,11.957479337013886,11.585447270747718,11.143777622554556,10.748539506969395,10.329582124672543,10.015689946078853,9.810231033728256,9.63769144944037,9.54443905198082,9.51826965923757,9.393318585712704,8.872101335705077,8.016961027422958,7.266599888104267,7.144977664350865,7.989034714254161,9.841604715178313,12.220616743620383,14.624000168928438,16.755459496901427,18.39592806092155,19.41152940662009,19.74166665658719,19.309431483972944,18.33876321546192,17.21532590660706,16.15261246798309,15.30727185031585,14.625671729779382,14.08119751172245,13.506204548490869,12.724843237329763,12.039781528963664,11.716833356405697,12.090027421410012,13.060778780726206,14.193852471472134,15.01674072856638,15.291968320063734,15.099183691190426,14.58061163534831,14.156895803604879,14.159802187318677,14.611004764278595,15.245467139996613,15.588067003166678,15.552041362026573,15.170595121109365,14.579429722109417,13.985767631058387,13.495952366901001,12.993682029045159,12.412093381019064,11.696425842079735,10.954014462905308,10.436252593508856,10.392361009098861,10.854451130163337,11.420278412260247,11.810543188456258,12.006499251777779,12.058785538962304,11.969114423721855,11.49638690116615,10.558947312890652,9.345988650055665,8.317472466404515,7.8300308369462135,7.890542883415498,8.334938595493968,8.858148877330288,9.316655723328402,9.661825890162545,10.089374371424498,10.615537567957878,11.209878399256453,11.579646688495282,11.660954738289627,11.570188774241506,11.307546437932158,11.066163942236726,10.725198805158346,10.401982978504323,10.264386586479587,10.5655918367245,11.294098153174982,12.166223379061444,12.948119830891942,13.449226235666403,13.692266294288443,13.644266032744765,13.376213509281342,12.964639976696867,12.693526438297328,12.705840642194744,13.008307537888355,13.613317466191045,14.453839253636742,15.498923018995315,16.495201300114903,17.079564260721153,17.120176964018555,16.9075143988242,16.663632925785556,16.332909651874314,15.632040934752023,14.587144916761735,13.49256503618942,12.65604680652068,12.299313125649293,12.454735674053449,12.95932611095318,13.48835587913844,13.857679876799436,13.952299626789982,13.832978158264542,13.602752427460707,13.317435400308272,13.10260006578671,13.032337077137253,13.212707445181458,13.814325323994222,15.159548934083391,17.235627129172734,19.44730624056555,21.04563119714241,21.73121103110384,21.783039680271614,21.60276343842886,21.292722272747458,20.76998836251122,20.139304765705564,19.629300567023737,19.39382286167767,19.442947803734995
3.2596773291647767,3.1671250917417666,3.166627999590045,3.3076417115014936,3.5082993267489253,3.644042578618746,3.619575488405203,3.4702409771774914,3.312549361427982,3.2600290818462985,3.317677399444607,3.483787594302574,3.7271787784228563,3.898851202390895,3.8548179770092803,3.653882578822351,3.4902943567320737,3.471765776661264,3.562819905069135,3.682642632098475,3.779105568529435,3.848869378610921,3.9759310495121967,4.17866801200939,4.4817339307546975,4.885658766517353,5.352765682370754,5.8159678707139735,6.144392121433376,6.328945376523396,6.463284969036315,6.578695830349685,6.652139889799679,6.608002846936654,6.43205349416239,6.182174696389959,5.772511436234354,5.174385442730373,4.523790492316144,3.9773390450099857,3.626196729837418,3.3901492525871224,3.1659942509276817,2.8674930149821143,2.5213430082500867,2.211308797823911,1.9921666027096743,1.8383007940788267,1.7318109683661072,1.7097658153943966,1.7466040445545266,1.9017053536609625,2.188920273232648,2.6257482501682414,3.2623083411009017,4.114106435645733,5.0795242188993575,6.028995542061531,6.781709075270504,7.252400652518281,7.404367531925268,7.377213261930174,7.214317876576252,7.015118467561778,6.754688882392991,6.579679600716761,6.39672744438958,6.1339546648844365,5.624653913732356,4.899493756946836,4.049465102834754,3.1652353552028187,2.392655849688482,1.8255583076250959,1.4678029435888669,1.2366354945502478,1.1370556828030336,1.1204769864491395,1.141749677746151,1.1514887213151868,1.1447288333675698,1.2869512663331113,1.7352836978287884,2.6471572405563317,3.837624473038106,5.019336913683615,5.848283645613372,6.361806842394504,6.582513284426156,6.71790670003712,6.802835049774421,6.683108193158054,6.234544056648244,5.504609495630034,4.560153088060698,3.6659856009468665,2.9196399980627588,2.3349438282634183,1.8980581084079788,1.6438759652554134,1.5731455968618848,1.6506173561943365,1.8375495151562122,2.066146124771534,2.27840621869,2.4603597092534155,2.574411118486783,2.620241461723094,2.6253347881212177,2.5780050420919194,2.4846647101548816,2.325108152281527,2.199979653121002,2.151137600426297,2.2043064842041358,2.2878413758459555,2.282289398631351,2.1997562573934464,2.065814171721598,1.986495355799977,1.96558128420954,1.9393262502363584,1.839566106501887,1.6796389924469204,1.5516066974712515,1.5127941026827427,1.5451916527306673,1.5653599560998108,1.5582657322084685,1.5868606840831603,1.7481066753208332,2.127850778571322,2.743560100415824,3.4836651765580515,4.179442011356397,4.681794436652267,4.9251891397635985,4.9867542356904035,5.024502875479881,5.061875151974274,5.0272513638562675,4.896672913356491,4.712207407280209,4.522509173244575
13.840888387472269,14.897668216593816,15.958136077565845,17.046922867595576,18.070004901002452,18.77155746319847,18.8420799972961,18.298693706540313,17.386541870896874,16.43589589298603,15.728648800005088,15.398714142619756,15.40398886800147,15.283020431639695,14.611733336927513,13.48375143604615,12.227545438791367,11.378784024638877,11.223900266727254,11.427921005931214,11.647143139385433,11.509919298322682,10.84757583708698,9.768670242447492,8.31393010850461,6.832801824894125,5.7143048170495945,4.981835292760602,4.4871233718977415,4.255501221769868,4.4397186557419435,5.07215038663793,5.909336509762539,6.643808875340232,7.184627639264321,7.711825271930028,8.378930488312465,8.954316220581246,9.497698894933144,10.065758547865265,10.746805021675659,11.360379482782664,11.818338203271775,11.981415259387667,12.219048784504938,12.44459005353647,12.640215410088228,12.724255828808271,12.7410266510515,12.895483722223341,13.22775205014152,13.592224565563217,13.662373524730473,13.326451995911999,12.859226701811435,12.850440799772601,13.103186241174033,13.440841673402618,13.30618763449235,12.54915642255074,11.29290921768187,9.91978899602319,8.945361640829875,8.764727092676408,9.361518219111982,10.60454730114893,11.839812182863211,12.623198363994037,12.835423805678488,12.705987689910899,12.370497991797539,11.926958450040397,11.424819397960356,10.941061433182844,10.265311701215486,9.371693262168675,8.414851169941988,7.799373376308674,7.616261663780154,7.878461840440062,8.410153632479384,9.014807224811252,9.777038412131814,10.67497522806854,11.867841819103559,13.368366235917655,15.006098936389295,16.552157684764204,17.69703236521701,18.388379795027756,18.48906908336997,18.56782908823136,18.737147676053983,19.16865428224947,19.47852024295829,19.246430716942886,18.211749213085962,16.351744106277103,13.919536947965579,11.368211935972543,9.221942177583967,7.7138743599434925,6.78782008959003,6.206938897581855,5.728725541708014,5.31421900730883,5.0524390689109975,5.0803973247697325,5.445898848132665,6.275016122064117,7.127598885344819,7.585474361246526,7.518720196495168,7.0964613297393,6.542042406526163,6.033533242080015,5.589844140554572,5.443079396385656,5.423796490087583,5.486606455905892,5.575949702575517,5.5561155395881645,5.302855046198427,4.898137882640811,4.388786481575469,3.9075391366835204,3.7252801481870645,4.095461943239986,5.111084490134824,6.512687957971183,7.816172789604871,8.683533387646424,9.10469825573445,9.258966192207534,9.231465771230553,9.027274540995844,8.735802655857793,8.570648450925841,8.673593814037703,8.97524222599026,9.258543516572514,9.362752411039319,9.327998491935515,9.264107229367704
1.708382306135225,1.6944707296438501,1.6488030418441637,1.5453662550255371,1.3995946349838138,1.2569609134916173,1.129244412808633,0.9763681515996515,0.7692104963008715,0.5390506271608759,0.3276757827364195,0.16809149820448302,0.06929314334072995,0.02352085401172281,0.016794996708005626,0.034818746609818645,0.08212780500093655,0.15506593629825816,0.22650018886501116,0.25597678062525986,0.2496451849480983,0.272981555319624,0.4268939243341426,0.8095999213942738,1.3574237415974588,1.7464150015896236,1.8044042733450765,1.6824611555385665,1.5510428056563097,1.5010059993795484,1.502336470206422,1.4837082425230743,1.4484869554164916,1.39944056335958,1.383221540456027,1.3982227200007482,1.4485064646215058,1.497194695219603,1.639118550298678,1.9535135410384825,2.4368844212487444,2.9924211852613274,3.4693959919567408,3.624709260593946,3.4755315214924964,3.1433044177239102,2.8877109098470983,2.84282663370534,3.02514662719642,3.2131288504482973,3.0917532634280316,2.7246152224155646,2.2069360223967815,1.7956690540948865,1.5373112154034574,1.3541797059045397,1.167819007457965,0.9894656026196403,0.8919689578813326,0.9253699257641373,1.0417538635072683,1.1292691228199903,1.1241308877537517,1.0353801917042706,0.9237293769024982,0.8783645321702155,0.9455327865163932,1.0925532666514635,1.2169132737812842,1.2696924116587787,1.3023814343803382,1.445430157607833,1.7476303907048965,2.17462937850604,2.6648623256467667,3.1107652962182195,3.5523184251797484,3.99107394064783,4.349351818179262,4.507625862810632,4.4992154075677036,4.346834608672467,4.177992724981216,3.941436958202004,3.6753327903791964,3.4467251313679625,3.262636309556351,3.007719950361889,2.660798672184297,2.2936035601794935,1.918935766498734,1.5850040923945743,1.4044884990478024,1.4502907112045922,1.7605430370103707,2.2915111929527994,2.8561711192169144,3.318656888624393,3.6112630529289262,3.7454433557413407,3.79551675511826,3.882927109202193,4.111868093812739,4.6086969860170885,5.190574146109489,5.606502062359615,5.754291471810384,5.636901150125916,5.476637220683615,5.44519113189761,5.710789832045896,6.119456962098697,6.402972979670775,6.351057882625619,5.963956308728717,5.455538757231491,4.9049618754326785,4.356664658903474,3.794073928987446,3.2458515997662696,2.8583782703561615,2.818603323116529,3.1399466851048268,3.710146938878978,4.270369941005236,4.6606566733838815,4.770313925377055,4.611378403775989,4.286938900692574,3.9243027850761085,3.6108722769100576,3.3230069928883568,3.0977299175488358,2.901661719267732,2.7230589887914145,2.505198649864268,2.26269459243805,1.9899409296169377,1.6862747287197732,1.3836586005372682,1.143035767567695,0.9767303853984721,0.8694091504941076,0.7993400121642433
3.5343639918294016,3.524170627187505,3.510973839745545,3.5312693086312916,3.6000316781514607,3.6516288170772953,3.539600235387783,3.2054383146150944,2.748786756265891,2.3067229392507063,1.9511618445692755,1.7008008890088513,1.5499238819159917,1.4788040566283651,1.403114666705273,1.3060858831302196,1.209598642937889,1.1340506633829603,1.1140645660334212,1.2136714941242766,1.3289463250638263,1.4162541541059757,1.478298488646753,1.5864941405174864,1.7694632889104034,1.9268729204089747,1.9591620820285747,1.8581865438731928,1.6832583360523183,1.5434948660002354,1.5231498851252634,1.5888859570060068,1.7335719494881927,1.8890313018275728,2.0205140601476295,2.1491277623993463,2.283585540017775,2.365138437456188,2.322076368560301,2.2857981694458243,2.255643878389577,2.195058575923023,2.1451799034476373,2.1741243490536717,2.3686990391993925,2.718795671866558,3.029534198894457,3.104153182855838,2.917239550504939,2.560389282051674,2.1973891259999334,1.9917354829140252,1.9683001851289734,1.9727727579881824,1.87876346636732,1.5880576386671863,1.218242176731336,0.9418671264654925,0.8272160278835587,0.9012332358736246,1.0398984528072162,1.2272709426504076,1.4089860875670803,1.651127629427734,1.9738370109304169,2.4196750842366903,2.8886994525090097,3.1178124097200595,3.038994014148572,2.6140557304954015,2.079815465713313,1.60225309077884,1.2605652133578524,1.0587086286182925,0.9483659208055794,0.9382700599595732,0.9732502862064855,1.0703060117142962,1.2215597038379649,1.4097945541639438,1.6109754394880882,1.777026408856919,1.89684915336293,1.9495371585400532,1.9797446467506257,2.052034579058699,2.332231577399717,2.8104874102443236,3.375606610554413,3.580983542144313,3.4997493603835323,3.210423180159661,2.9097152991546986,2.671507329341504,2.445292487381873,2.194241221027308,1.9978347461230983,1.8210411734425247,1.625016311673749,1.3799534891209764,1.1228849994060155,0.9514017994268347,0.9763634734559042,1.1749216349941098,1.412864455602138,1.6186657516978509,1.706457321112268,1.6687362581979917,1.5558072871288586,1.4123875358002638,1.340945127020382,1.3406945771321288,1.2919609507978214,1.1564310923935959,0.907299866497656,0.6749363231296256,0.5489492426211647,0.6071618341540206,0.8940103711652377,1.3391229738710209,1.8059898746912724,2.10079462685532,2.0581771194997334,1.751330762603037,1.3738773238484934,1.1608621096472735,1.2076406199303358,1.4182507643925708,1.6342184566096034,1.7020985619131552,1.6132681128309914,1.4274404908827079,1.1928283538731812,0.9474396877402881,0.8062258017290133,0.8348805557153793,0.9889704115007516,1.1770857732162272,1.3794763608289633,1.628576807385464,1.9209079307906665,2.201735966239919,2.4201208475996734,2.5528617817638235
7.286669948453612,7.566905292150147,7.565141491937715,7.238117486328651,6.78700790384532,6.507688549189738,6.545518095114521,6.798086477958564,7.150803195759585,7.478168286312113,7.640269389103401,7.552568145811967,7.271584399387369,7.0785309670432275,7.2309965368580515,7.510415219099348,7.652604781447473,7.6050449754387,7.587473813556097,7.696677902042683,7.760407854462427,7.596517111794077,7.312238862803371,7.191075145585458,7.426240546655777,7.64941687266824,7.655898830439701,7.375322987886742,6.936122738152155,6.363892360331702,5.8881077131854385,5.4571075359071,5.077025964461082,4.695157862313953,4.4397649684746545,4.583199890268617,5.4153724711310725,6.608980974040252,7.458571105289171,7.901643062143705,7.936414812284552,7.576523790955611,6.976100984366247,6.402876075798042,6.133125357064001,6.1864623956400635,6.384601183395279,6.470648078031503,6.2911659650236595,5.918997726987627,5.463515758561063,5.0391064242598835,4.673895796687321,4.4603762718885145,4.550201781885857,4.774348321067782,5.091048873125168,5.208752194829571,5.078632696854516,4.668918048526695,4.3642088199028715,4.230315277519582,4.540342997319637,5.167748987481247,5.88706919964917,6.611222454266819,7.0627709260363645,7.292250802205983,7.550378812136881,7.971767895823755,8.71163391545307,9.579137204442327,10.366178871892116,11.002369734083288,11.214352401220916,11.020891400494385,10.533602795564532,10.059177209216474,9.864224706184546,9.97783483889739,10.180442619922657,10.155139800010978,9.905345223976813,9.45170829463938,8.852065215618238,8.207456797553931,7.460077578404405,6.744328423385363,6.292451190760574,6.239202852284317,6.430372950243898,6.710137563418376,6.8904765631317995,6.960087145253828,7.189586887068769,7.612431165026768,8.317747997322524,9.027754847225701,9.577874146892936,9.78279862234813,9.681135175607666,9.258973697386415,8.88424317875678,8.671397103951096,8.535229425795443,8.395180882397343,8.141362280107504,7.788672404236512,7.330765891039184,6.807859310505448,6.461742867009578,6.387823999263613,6.551184339466512,6.769695072519686,6.971007426707221,7.1826454719726,7.463608259788586,7.834737484503971,8.279344580504512,8.657049916488695,8.846532506811341,8.842864585655802,8.897186032650021,9.121477729115307,9.336711320117049,9.196766474022272,8.639729508819084,7.838510528620233,7.119910173960046,6.696512697347165,6.498865864334357,6.3494399698643695,6.209416507954578,6.2519674974350705,6.562651421529136,7.035340828315351,7.301744288029227,7.21027216246849,6.900140009754669,6.617114170484607,6.484195415949018,6.44032462218487,6.397186946362928,6.339761378216543
13.425923934983128,14.18921080335617,14.9352603053967,15.51158072549165,15.791303758286153,15.852278637565428,15.868477419241888,15.876512925699979,15.78830755061287,15.404445227671374,14.568278190643849,13.084738200588884,11.028148272353684,9.02002905712018,7.684165253373386,6.918433694616864,6.645373833277266,6.700971493688543,6.958517003426937,7.372664468391109,7.974648558942441,8.622861369017878,9.126720921764484,9.335045707377983,9.111225661804202,8.359770106491942,7.124588649837088,5.634837162560284,4.312836688459073,3.4307722411449113,3.0271126201905143,2.904325470200585,2.905735918187354,2.958672499561553,3.1768085781889175,3.719055567916578,4.553555462334005,5.453260033614653,6.337109505323521,6.991018919931532,7.3927802531612326,7.636262747209306,7.967319008621348,8.487745677299406,8.949810693322895,9.170941803533948,8.830703030602917,8.00098736314558,6.91733921830203,5.625867685431354,4.332090805929722,3.2514424996986953,2.562368006433113,2.2737700944441195,2.4334578539743603,2.8685664422640853,3.409261397508512,3.8784986622558804,4.3086479441235515,4.798488617886891,5.5440722766828925,6.585838400193451,7.7156197437659575,8.382012727459664,8.496441497660978,8.088309278451185,7.7599547072296655,7.542152520132538,7.268553890676647,6.811092841018299,5.951913417747351,4.967457196927733,4.230983152043163,4.157602774175078,4.631223283232261,5.170368904125505,5.501407357715767,5.5053347430938615,5.490275565562361,5.5255407803143175,5.803565534101493,6.504896225546156,7.422922428324736,8.263760521802388,8.406574415687988,8.04979967722629,7.7457413593288935,7.796856914100509,8.193804274077822,8.830537549686657,9.526456094339144,10.062616563557716,10.179485878576886,9.607018273617074,8.283150751543229,6.549435398512335,4.9709095266266425,3.9032377916149428,3.355586600256976,3.1240060026956344,3.0607414593341447,3.137934358683176,3.3440302688403754,3.671394128172726,4.068685908911832,4.539700554106327,5.000033182761434,5.341391093625729,5.356859705887203,4.96557976333434,4.440943630247544,3.9918156602117003,3.737645884171541,3.651422345875423,3.6594818829860905,3.6496116658135316,3.597258390829036,3.5435683556665074,3.5711646622004176,3.734580690196176,4.112369523039207,4.737616996642165,5.692742932617582,6.747211237397525,7.56845004832761,8.070651408433651,8.41762530868375,8.829683519368787,9.3617392124679,9.775471568281432,9.835260558994088,9.31428941158635,8.158291111125118,6.958226061957154,6.523325281142753,6.71778676698286,7.077908230146731,7.322437651093741,7.337612194904564,7.1383755273199565,6.798128883586746,6.362566698083317,5.889586963560886,5.4345880156241515
33.9360983844928,33.680847975829955,33.36567780311298,32.759329654329385,32.046067295460986,32.009527574070994,33.2566558326962,35.31545289606114,37.27851031744477,38.50042173578446,38.88722730887192,38.92100010557844,39.29259477323373,39.82983676387242,39.83368768080321,39.0613628279542,38.02113626737458,37.42798574957924,37.4483558726237,37.924419513422066,38.036833037584294,37.55743848483664,36.60777824536306,35.66906451364635,35.09684821139838,35.24729119802287,36.03295501652312,37.019612104729624,37.672210884313166,37.68429519043164,36.93293666594997,35.48419175120474,33.61673489802538,31.38058016621569,28.97200150078445,27.054631152852476,25.941611927851863,25.42055991855154,25.210047568663786,25.268112178940296,25.604995866859873,26.257381573919048,27.303808130341526,28.8040453069113,30.199384685701517,31.452478883653157,32.30623533041948,33.20879117890546,34.580504787502925,36.44725098350535,38.67354576822824,40.716704091542404,42.340243905400555,43.468501043431885,44.697038939584374,46.21489742618176,47.239283606903136,46.88276063537281,44.55361320212597,40.57193941750974,35.75121676944538,31.27456854400243,28.019598253283267,26.57245289119616,26.172874228593923,26.016728146803292,25.43160142759545,24.69370574145421,24.140515331662094,23.633187462486617,22.868857139807844,21.71216468084087,20.313614988856866,19.11330270332004,18.6786672475676,19.007361037856345,19.72242526529327,20.336431212501793,20.702853898933746,20.730290753321857,20.487387728799995,20.175644098130334,19.900272572130586,19.85498948084519,20.37393812907964,20.935848464742943,21.77100890468735,22.58524678592799,23.23138881640061,23.472707395313858,23.369462123952598,23.421364719937788,23.86005088211894,24.789291377875543,25.546176336537066,25.302744984126914,23.745558841160623,21.251723779853474,18.4561434866401,16.388161348539846,15.771065001927685,16.802594446222532,19.00521390049645,21.55986527616518,23.830288390710585,25.435410615522777,26.568186587798074,27.5163346593788,28.819990987543605,30.331242262071083,31.539977318563576,31.472202737051823,30.11673274134511,28.2740650777734,26.969090609331268,26.41306743357324,26.41821245071126,26.602915256487716,27.625689508692954,30.334739917413106,35.207106378707934,40.595774067512686,44.65935694843102,46.37205803089783,45.31081663561029,42.140910653074926,38.25886606995686,35.07477710971258,33.073732083420495,31.853849203087616,30.809001328252656,29.410270767506553,27.508869200706442,25.877846953647314,25.1273728350876,24.88533381520832,24.684268817605016,24.37077471580334,24.053518390685845,23.858165136664102,23.830792481360117,23.958250384732896,24.225555613972965,24.619077331070805
0.7686715424184644,1.3393739604075992,2.3286966161833,3.6495071528105227,5.037684882567723,6.331822155979383,7.320955979710955,8.070876799394963,8.390596039826892,8.527889499148971,8.634456225067236,8.615083085841189,8.251686549737757,7.35485544479624,6.15804057140476,4.850733189528077,3.568222578676798,2.446033730458126,1.6344144827766853,1.1913956135813373,0.979080362826755,0.8551978503362202,0.7189837328044484,0.6286454639165118,0.6315422729621573,0.6790052166859575,0.7305354756343816,0.7263028083306187,0.6632638127038838,0.6002637470820755,0.5780855583706956,0.5728654016633279,0.5651396592842978,0.5229492957538348,0.43563624105645904,0.3193483596751682,0.19613971939617922,0.1171842307028271,0.12770613300014233,0.22152886374460418,0.3397440362165767,0.4020921024838911,0.37738155724386174,0.30956360804511984,0.282795901643538,0.3889365308930689,0.7165013318966672,1.351626554419354,2.1537749653303258,2.6043192091942124,2.4792957245905356,1.9571117581283886,1.2954703179020086,0.7096791989562795,0.3466199854000458,0.2195631547157057,0.27405367228769545,0.40085200645042535,0.5198565448560144,0.5965244193247916,0.6435158958543412,0.6580047111231819,0.6828509704438412,0.7339314100183578,0.7937111466608784,0.871280253280322,0.9641488743080388,1.0599895854161978,1.1305386310346317,1.1200678122449426,1.0849795871988706,1.057712260647563,1.1794676428316744,1.40104646340427,1.5803004125987072,1.5932072182613581,1.441229451373648,1.1499629772804423,0.8617579376431699,0.6652210299536183,0.5548883911903769,0.46491175958057285,0.3716801703464174,0.25976514557288,0.15126551198218938,0.0689263113693177,0.04585159785879352,0.07951460355048769,0.15221633441066862,0.25437804707755374,0.3576767047299313,0.4000686346593511,0.367737001086926,0.31005953300845707,0.2924997322131123,0.3218434606494818,0.37589009955923874,0.44460034434973084,0.5243790845336227,0.6017880508595596,0.6829421720273482,0.767728554742027,0.8460068954650912,0.8722986697962385,0.7847882675833964,0.6224180693436423,0.4390817893359177,0.26697461873176503,0.13269113462455473,0.05020338627673686,0.014161205010913345,0.003072624908150961,0.0005283005717250816,7.753014487021798e-05,5.584993321944497e-05,0.0003856094343442855,0.0023771432714521745,0.01153628682477512,0.044914283525080034,0.14177065639912534,0.3611300139087557,0.7360467157269567,1.188055242897606,1.5631939767080751,1.7993320903743015,1.990576274668961,2.2013268019189693,2.254501122056001,2.045145439605707,1.5401437855863644,0.9897925555573643,0.5503864424035212,0.2727814438776819,0.1305256800445827,0.10471560710589678,0.19899191154078705,0.4143471700232905,0.7091377054427059,0.973879029250236,1.1741141110720394,1.3239551954846096,1.5038761338928652,1.7033889769478123,1.878647122463462
14.294370990420077,15.03804285463921,15.286727706718603,15.067582526924241,14.704478101046664,14.380430024443669,14.027054251289622,13.49912005345939,12.844785149068324,11.977042090499836,10.961985724743325,9.969352478396583,9.579603272689557,10.276752464806233,11.818317541126955,13.59945165444268,14.880285883721069,15.264844823647838,14.70190432255391,13.990923269706608,13.629137140447748,13.968634485235487,14.460865191074106,14.657118713595159,14.401065799865927,14.418742383790862,15.496746946411506,17.145820091800623,18.59298225760641,19.248465355440317,18.69824506865739,17.41345969223738,15.837163857014886,14.279043579334125,12.63152899731089,10.857946605045605,9.079117962925764,7.704891987744095,7.228157944273958,7.676022247330296,8.666557855097675,9.760652058186352,10.668012401937123,11.327094824526343,11.714109826282193,11.799680995731624,11.617851196669804,11.447513067407055,11.801793292645439,12.758730445419712,13.798873096236525,14.71855202341408,15.332256741594147,15.449155787915572,14.94686004200795,14.036829772377114,13.148504119272824,12.510851818167247,12.185387540140342,11.988785376524827,11.881423489456903,11.878695784144558,12.026498454444077,12.279851942661136,12.371004721596671,12.129684221037122,11.487306689766541,10.764760058903244,10.061169393373367,9.284062823592063,8.217385139846504,6.935276956227566,5.7285231483623695,4.863703150811444,4.4031203771271,4.38809630479326,4.738492679931672,5.392861829145785,6.205853121328953,7.120221663926003,8.062049109706894,8.869542318751261,9.390064736029082,9.446027153761015,8.584744734350569,6.496063613417067,4.415353732422827,3.8429837011951036,4.47921725417271,5.799199616150222,7.480131906873521,9.039919687344248,9.932140774631106,9.955069598661748,9.286895374101615,8.406569430523467,7.578886494053909,6.900721458996992,6.399336531228344,6.1547767676611596,6.009086273655295,5.737611862111859,5.179409984109094,4.745465977859191,4.607048577483803,4.682329617553437,4.841039261597291,5.096782771328706,5.891515126636023,7.43944516239033,9.3346785288434,10.709578897993286,11.223412979729464,10.70301255402538,9.592085387566595,8.433375383309976,7.5778964680138925,7.718265908078996,8.622097887147959,10.24481144428763,11.909819151054773,13.48659253926075,14.614453320672329,15.50635113934274,16.176968434363026,16.63245944977508,16.527484922757615,16.05997973302359,15.589857832078462,15.384804205491335,15.177045241076417,14.625020898204758,13.604998846820948,12.053417576347302,10.438473046104304,9.21837985061482,8.434665089525808,7.694156109884249,6.944175905759882,6.367582499400588,6.131097112505778,6.214245347195897,6.462335300704218,6.756664005736634
0.5850222169072576,0.3601527159819964,0.1899364117832934,0.08529870614993301,0.0340017766204383,0.020359051715978137,0.04003430745092336,0.10050834481261259,0.20742020495500668,0.35577198049651204,0.5280178672458999,0.6874526339483928,0.7956333277356603,0.8550389079869853,0.9113191817012869,0.9941677689267074,1.0599302752763877,1.0142448291700152,0.8149842139762088,0.5345748454815877,0.29403007594695696,0.17223575014293893,0.1667498023804523,0.22605494580770555,0.3007988206582071,0.3507214282952963,0.3421836472114032,0.2770448509280058,0.21835550276412302,0.24445710707665666,0.3868787421178107,0.6226391255557177,0.8989123308978766,1.1556911332231559,1.3307367898077516,1.3660796817574155,1.232616796569424,0.9597787805563154,0.6472208012805479,0.40732055613234663,0.2680635126688786,0.18288974433524133,0.11422775722659188,0.059300253950480955,0.024551593911540687,0.007990885859383876,0.002029756732113842,0.00039951176501844466,6.121104343952363e-05,1.2760461077344592e-05,5.105120572738391e-05,0.00034984943115722587,0.001853940092839137,0.00749356686533284,0.022927923557786438,0.052796053806268985,0.0935525248582239,0.13486728928342467,0.16871542730667724,0.19314878929298837,0.20784737134808226,0.20595653731362215,0.17826104380032787,0.13264498861915558,0.09316722981981623,0.07390477879553405,0.0812980073674877,0.12383486686126707,0.19532599060898598,0.2679199559030902,0.31038851993306277,0.3027461215857704,0.2430583186624033,0.1541011327036568,0.0758616403736646,0.03711635138419848,0.04373292332046712,0.09528414084699047,0.18989982892997084,0.3078492721479823,0.40050505808186554,0.41294163749367635,0.33491840181037363,0.21547960549834203,0.11163662715152371,0.04637372679797051,0.014891973131464533,0.0035845522803413478,0.0008921139401616268,0.0017560553111247278,0.008254688395189115,0.03119907737856658,0.08991936263795156,0.19694211458184827,0.33349678045413644,0.4530262626280991,0.512573518783097,0.4977156052497745,0.4382316312790956,0.4158793036283567,0.5327605385314835,0.823658682863978,1.1888037007273993,1.4543233850939645,1.5076697439046878,1.3723348218946978,1.1522119041511498,0.9220516784117345,0.7004533915378001,0.4812847884108737,0.2754992038713871,0.12365509061838313,0.04348519041812643,0.01226493946644647,0.0028057413779445503,0.000574144210707349,0.0004794760229876343,0.0020538886210636305,0.007952340910788192,0.023969594923655427,0.057032965624673915,0.10837832244169239,0.1640223395896473,0.19781963662224472,0.20335834763155178,0.22728375215965108,0.35004319750465,0.609269726789818,0.9210573228830292,1.1096427917096952,1.0752931677788724,0.879882796909288,0.6453456709767655,0.44802179514122364,0.3094290793364503,0.2359525247397602,0.23392699092343694,0.2731276560901472,0.2919504944954189,0.26022277697365553,0.19647289317719197,0.13164159972290318,0.08151157274943995,0.047802351744364424
29.137833139126705,30.500311962511923,31.622160272695236,32.1618934423086,31.860536253926444,30.567986367238696,28.32818838548091,25.388040475860084,22.06926004035247,18.66955041954382,15.43790408275618,12.590589117751087,10.268830308124688,8.47369788770799,7.150796576148906,6.228963907202046,5.5915977077223245,5.174164605289755,5.039563282508816,5.42970873164684,6.710324644403309,9.166796435656828,12.69270741979756,16.697207299199324,20.465655870983632,23.408560510529007,24.981254402104472,24.855140101819536,23.397061629081975,21.57843337484309,20.177040551114484,19.283054624207374,18.574046797576056,17.76749870942907,16.712132439728236,15.313674762015017,13.589343476172298,11.80958516057488,10.41650562651442,9.673741947642439,9.507778920675461,9.73149663506289,10.257316616328673,11.082504096229032,12.15598949728418,13.314421777604185,14.374523943392896,15.297238568555713,16.251388385925132,17.36175067011498,18.393050415856482,18.945581770122878,18.93865444467867,18.71600082779625,18.657142055567938,18.702917715752033,18.419955727306444,17.56524224544176,16.321113872776625,15.00406003415922,13.743806824777115,12.367863394425266,10.70957425326298,9.215087308607064,8.484626160786027,8.60589876752486,9.259043217670813,9.906666069400057,10.137723264823675,9.916775952093142,9.360081801817152,8.497320592594878,7.368661925614278,6.213176780295279,5.335623944570595,4.8294922824893645,4.6525733148796276,4.742438060591845,5.010562161757187,5.367518246093524,5.762781268742854,6.2072449221847785,6.752138421475555,7.409716038270881,8.077025009005016,8.563129317935585,8.749908733506123,8.6906700406781,8.478965935229928,8.125827316417382,7.519187227050905,6.514319310824655,5.144204640722554,3.70474292951468,2.5680257032125935,1.912802660258348,1.65196431534949,1.5939360090986623,1.6274955785374021,1.7550519023997435,1.9867638722898586,2.2568853969875016,2.468044400612117,2.57838866210873,2.620501071910611,2.652693052846194,2.6976891920517216,2.7354005953031435,2.729433743984203,2.668969339448556,2.6304419617002393,2.7683906042990762,3.1411701517855954,3.6114169882732368,3.9986375482449596,4.22946620712713,4.345108233585203,4.469243987404063,4.743103304504,5.202228056579194,5.753487782083571,6.273480839968883,6.674513211154784,6.919623295824346,7.014239515918544,6.938060966802349,6.583868963052272,5.856019720689221,4.882499953079853,4.05979620278316,3.7365978988597846,3.912446411146187,4.353778927116889,4.831827869837203,5.192746086595759,5.373884221655238,5.427157667104417,5.455612607733412,5.546773904338739,5.708789782498574,5.832161159522431,5.800496716825202,5.612106068748162,5.3526773201477855
21.163948366064997,20.446105576901786,19.839510312901016,19.49106970704657,19.399448245075966,19.462408893419415,19.626790078194325,19.84751244972989,19.91577591855359,19.522698674022926,18.552680872435662,17.272200316958866,16.130966189467905,15.464570298326407,15.418519024217048,15.956827685516476,16.872556814907277,17.815978133847562,18.4165217042357,18.482522390667267,18.05848478936192,17.25474423676315,16.225860033689703,15.252567559115345,14.630301857889634,14.574826407676,15.24781144215832,16.746017413547005,18.900133382254495,20.98324204495474,21.92517409049335,21.316417749407147,19.8119663719058,18.241554892753793,16.89381036404521,15.68530210062553,14.537178413135786,13.419317376023812,12.22195184584299,10.861648743204015,9.483687648148672,8.449140022626686,8.159599917123854,8.819094878703444,10.219062872984571,11.75506022180415,12.779246741113603,13.063901232670181,12.934569551394839,12.90772721546703,13.210284923164329,13.707657725926381,14.187889993627769,14.596258842552672,15.014849776037986,15.47641822900589,15.887044898881602,16.09607880723869,15.99375192376085,15.547669805286626,14.730456142940952,13.48895270015078,12.018343087650688,10.89865965904997,10.360025565752949,10.191119335951159,10.20207567739125,10.263264342723826,10.239377350143032,10.064985917981712,9.790700724699224,9.533983471005953,9.456236507794554,9.76864957984883,10.578796754091762,11.603327526161987,12.285144669171284,12.334904935329693,11.922878966580065,11.404918867355613,11.007552171915904,10.757150491135384,10.591608457117855,10.457672798041546,10.340791070827088,10.286354623467084,10.46185771279733,11.05517308151017,11.967666398264567,12.866474598039275,13.464074796502654,13.620920333070625,13.359266601398124,12.800414661923014,12.10910016774951,11.462782033340824,10.942671907697639,10.493733115497058,10.046229659702917,9.649301939462177,9.461581658453023,9.57425948660747,9.844898278522413,10.018270557509856,10.053919131126628,10.170759789335637,10.49876606712074,10.975520446575302,11.569318371727494,12.376001617383544,13.45997141084472,14.63363394999472,15.540906008282366,15.927904266600915,15.746800621435492,15.106479777950458,14.281553300097627,13.702565371063505,13.691310283738428,14.152996173664892,14.68254400073199,14.956719709005759,14.968874306231783,14.970324170573065,15.27592079078392,16.047940389900436,17.17992890565034,18.432909561454476,19.582350880107334,20.409830843072612,20.755836661924988,20.664700895147597,20.298962225753744,19.785209008650334,19.308175627288826,19.18279492437144,19.504479915134887,19.812460468805448,19.52653258388947,18.423924913945953,16.751877590782797,15.073167478377012,13.788836778166061,12.930000327093452
0.07264588989822507,0.12556318894228147,0.1800109201035575,0.20899122540784437,0.19280788049763045,0.1411274999745285,0.08263880120482188,0.044925951179581855,0.03938496195194971,0.06333952603772455,0.1047956102269516,0.14941185837190238,0.1889561896229287,0.22356074801904519,0.24937522985624555,0.2602984070161895,0.24430101445706143,0.21191504930443805,0.1836513940723769,0.1918203023712939,0.22943230400635597,0.2534592366315215,0.24554261190497867,0.20248822315874368,0.1423253076103593,0.08267971711603327,0.043096816588966115,0.037168042891009126,0.07046821617195331,0.13440350513678914,0.2098462203465888,0.2812998057134328,0.34886644261974564,0.4004138627811788,0.41791209948975216,0.38498657709278905,0.33633753787087306,0.2865327799261367,0.22621386778903987,0.15859561781872195,0.08991220763854235,0.040840202542594344,0.014708853267844716,0.004177220768961469,0.0009314504724637113,0.00016248102839881812,2.2629622947321555e-05,7.633083039050253e-06,4.432717725070559e-05,0.00029326662205956627,0.0015684615968854282,0.006729896122212539,0.02278569852047998,0.05944181130217868,0.11679780280232918,0.17250850805833803,0.1833788286839637,0.16581803086481858,0.11657880713614949,0.06769762956554828,0.03208361439221747,0.012167132374333315,0.0036207158588430536,0.0008535202574940679,0.0003063779617068433,0.0009045715477584663,0.003695451208369624,0.01189356584554523,0.030718511443286432,0.06571272075632005,0.11781288020053757,0.17553365202566154,0.19883789030053456,0.18506603000514024,0.12279791453726319,0.06083992648337805,0.023009107256157277,0.006823791386101871,0.001808251635622366,0.0015015620703570955,0.005374240661263581,0.018831815226958096,0.05273108003521463,0.11531452550663877,0.19417708954626114,0.24517403698829496,0.24694063860811663,0.19362618060499073,0.12263395146463964,0.07823524486260443,0.08691531771060092,0.15494704793469655,0.2720825989380768,0.4264299070234692,0.6129460907547492,0.8091973949992052,0.9436041521350982,0.9189723416408847,0.7134651012939984,0.4306807777190852,0.2120274153739759,0.10506326955320743,0.08751146089573314,0.11524436535710061,0.15238806161378277,0.1699249533595757,0.16239155759406934,0.11529368590854716,0.061186122922277444,0.0243099676340512,0.007455194230199504,0.001806365211969477,0.00034758967227838957,5.2723029041154345e-05,6.258913774391708e-06,5.848394729033386e-07,5.9590069565552476e-08,2.8044300227924863e-07,3.825166357957471e-06,4.109154028551017e-05,0.00033691449609451335,0.00209336413653004,0.009963995990123254,0.03696783513037411,0.10805741083576371,0.24834982559823088,0.44384183761714857,0.6083950459000097,0.6687202458276642,0.5997160424329667,0.4843140856158763,0.39224262463849296,0.3409457464953984,0.3010679722154556,0.2179419560425215,0.1094200414795542,0.05314247651247432,0.05474988446684867,0.09695261263568078,0.16816411769347944,0.25419392771849075,0.3418555042166739,0.42528770233854835,0.5026298980659409
20.33326584350951,20.75606331255523,21.201632949588305,21.630927562959084,21.973698184868528,22.277220125990908,22.610829039035607,22.964415171776885,23.19822465474346,23.16927078634526,22.919650237062502,22.818798223333573,23.164157531351094,24.005422357350028,24.739378118035265,24.690428283337557,23.67526183656603,21.947090340590385,20.1068634999378,18.750870022835905,18.2859466999339,18.741663204556463,19.94772530645736,21.773906077090732,23.77707770509653,25.466381955558102,26.38903000662918,26.695278295932923,27.175231834549862,28.024983429122205,28.852030526441705,29.302723294347572,29.187586313055736,28.421957115818994,27.17639082408758,26.128555839992238,26.024139272972363,26.439900029348678,27.024803171863766,27.176569267350516,27.052926836805806,27.06991867168534,27.27526612391572,27.682701249846986,28.134892196612622,28.73350631698388,29.861695538065355,31.902623121011363,34.80955522658447,37.86037096699186,40.23762740389992,40.7973927827905,39.17329704721821,36.37484643289191,33.09472362927512,30.314706915476314,27.919864841166127,25.917324676626926,23.916796707129603,22.07819577412403,20.291964369023475,18.960271362946084,18.106637910697547,17.792871343945414,17.788604033063358,17.761473158347584,17.67787881601167,17.19878200523448,16.48915466921223,15.477761850474042,14.118958749953341,12.407458252734756,10.397996984115522,8.498091560960367,7.111474454752221,6.187255285059253,5.785242724053283,5.902682247122232,6.865955111768663,8.517398342010338,10.725288720587088,12.78467579477038,14.199510774519647,14.856647561845701,14.982019606918534,14.789206051597521,14.494954801783448,14.109862149869189,13.869206270005877,14.103015533228518,14.880727920059964,15.640086873532773,16.23287623659742,16.118199579723335,15.470087557710489,14.242743413162879,12.468996438028205,10.282338457627121,8.188631899903774,6.83154983185408,6.457627311734086,7.022851266034092,8.13197094568162,9.507536758357432,10.97673293177005,12.544035598477166,14.27080689888079,15.770884365028545,16.408685303566976,16.075786435752008,14.974322302528853,13.615025887343375,12.44493355175554,11.865451615767071,11.953049660051166,12.43871828069825,12.814971940166311,12.843161517043306,13.224099860194963,14.863261676813677,18.60342891679419,23.917921642082327,29.119730047716363,32.684103512078,33.796452720732475,33.00432512029705,31.18833890062924,29.41840089639805,27.888851632818955,26.491187107245604,25.12569788659161,23.80870261778822,22.745089563006566,22.070135028452274,21.703221373213754,21.300927139907095,20.671082851781083,19.960978856122377,19.36088018446187,18.9347085161909,18.70234075556428,18.5600447948701,18.42060318133026,18.235526549097756
12.110814380449774,11.962511901191164,11.608567575631746,11.389503276577956,11.677851246088252,12.320653244618848,12.977264129350033,13.321720422467942,13.226526265393638,12.792381877158531,11.751475948696156,10.414498334803277,9.570263529812364,9.677646919679509,10.451354396297402,12.07075489123504,14.401753719421736,17.207252965598453,20.038660132101608,22.71317717346925,25.229292107754087,27.311531352235168,28.02118544936938,26.156406547152958,21.40772892610774,16.136228208020942,12.350787620706742,10.200727156707625,9.051347663719755,8.444090837010759,8.137948753130214,7.908332952452917,7.427542074398822,6.590833700483311,5.472630146244954,4.341692767182901,3.550946357943617,3.286597968988293,3.5119434063570356,4.140973835986956,5.155133870129644,6.521963217214742,8.042937726777641,9.441516074107696,10.350278103496933,10.696932060444102,10.420420123027963,9.732189132599409,8.715990676195041,7.56300206689494,6.75806581430755,6.715137505815766,7.799145406689362,10.170124939071398,13.487164429458627,16.652504619136327,18.72732849464448,19.461009119527098,19.10437676534164,17.683764897094232,15.066834707220382,12.038205256803177,10.054712620225713,8.853039477673383,7.83050099293961,6.544890263001711,5.328573313718343,4.551783129330257,4.250550824958931,4.221782453557978,4.285156406257936,4.144056840729785,3.661566422805623,2.910294446673474,2.12184680725738,1.6154362538885745,1.4736640892085089,1.6922493810311248,2.048654570016298,2.383128691745441,2.6270328665501674,2.805579789345445,2.9611725584791992,3.2501650996201144,3.8623579515336983,4.752938671332202,5.522985560376025,6.027052668679111,6.498284067335279,7.307972639349247,8.77619047680005,11.019310834109538,13.924105408982935,16.913664358616145,19.444101950557528,20.790077417369503,20.567095259386335,18.015758088870246,13.930657081504371,10.394060321399316,8.25821566043735,7.0089180680800425,6.21519121274434,5.802666420935877,5.760426653804888,5.800662086718416,5.655636039174179,5.200883461702187,4.594439529552003,4.040197841264487,3.663028505551819,3.2997183739538354,2.836836355763226,2.3012361034914126,1.7939446595445483,1.414690842957093,1.1893506690726143,1.1027390990455876,1.148579450639659,1.335220865220332,1.6103360729239535,1.8484870329209289,1.999700659841445,2.159503082970605,2.6304308794464015,3.5035618202784757,4.6847224759200845,5.834640438578124,6.707573421875818,7.338993084506578,7.963498637189142,8.802561225298188,9.57219250422762,9.737439819530627,8.574055328491324,6.4278887566496135,4.638482472214976,3.5290468088204205,2.860911321663103,2.416698303385335,2.2029889039801596,2.1663339572723475,2.197440703827334,2.229394573008304
0.32442351697741917,0.2714068444511421,0.2448789882752704,0.23618807749491616,0.2195863296035259,0.17927046962270535,0.13605493901090185,0.12914989004846544,0.17006535914226553,0.2336158761968683,0.2573478259877859,0.22140391762362138,0.1397707778295419,0.0973111481373565,0.11323040661494727,0.16185913328779178,0.1898498030335741,0.17503968136507655,0.1185287979252852,0.06118553325145879,0.026726240071781947,0.01449914029773732,0.021812092666975095,0.053734607164679295,0.10900650738583395,0.15877748474892747,0.17034335642661014,0.1568772548684591,0.14342152652631698,0.1534993835421144,0.18372583358429384,0.21215629553213455,0.2202068621342438,0.19088927807915368,0.12755561815627242,0.06404065566601347,0.024314530487836584,0.00704988238369243,0.0017114935095003004,0.0012190548204910638,0.00473678097021631,0.017519225625347877,0.04985257726848233,0.11025914185327024,0.19409963577940392,0.28000731785219557,0.3513049569979688,0.3942903264522962,0.35611015644760463,0.2706858490056997,0.17373237983786619,0.11383083364097578,0.12711827085005753,0.20023874502137132,0.3035151210281386,0.36356274730101246,0.36546549265206285,0.33169770690756184,0.29171867369533333,0.24432312424961194,0.1694391545066099,0.079646722672693,0.025816562916423567,0.009747380880025554,0.015346975644312462,0.04410054537683709,0.10954220008680508,0.2198120422427541,0.3604563982884671,0.4988358100931723,0.606454182040691,0.6532998317509431,0.6227473885045516,0.5273864059032565,0.3801832277725177,0.23617656021819644,0.12701944469347393,0.08055709538312292,0.10640181316377566,0.19823152621940385,0.3310544985599917,0.4668452686763041,0.564769885136279,0.6148186709238591,0.6291012843715617,0.6244835771099566,0.6110843158149003,0.569727959147966,0.4956670660177446,0.4040676920876548,0.308107383477651,0.21084875514682241,0.1395049897889006,0.1155712280639867,0.13209369963225284,0.16674360644834196,0.20291701385449426,0.24982064275215032,0.3054252639610795,0.35959487745201074,0.3696782600035219,0.31507170512948673,0.2178985633932661,0.14095711725413784,0.12620712631739822,0.16881562485476906,0.24716078050731694,0.3287820066873914,0.3821125798100124,0.41041797474671116,0.47038385591965476,0.5740436216344229,0.6766301222164509,0.7208462252848109,0.6856615664049257,0.6067156116770335,0.5533978877883243,0.5849519694642203,0.7158807603786485,0.8978091374588123,1.0905645656215497,1.3038264204034826,1.5573554564743601,1.7650304367774101,1.829843615822831,1.6635036448428955,1.4320549999282923,1.2474653638017388,1.0488961826492216,0.8037599675522724,0.5529559415834874,0.33328112682768124,0.1826877965051321,0.10554021002315113,0.11317115129853678,0.211430760227117,0.3581285382987799,0.4767224945985195,0.5313314760745577,0.5108690445443553,0.4437301735231895,0.37294622950634126,0.3150145134147849,0.26883476096903736
27.58641339597798,26.769014386202905,25.52304285138273,24.01110460125048,22.330979291914783,20.48683370622824,18.504438563479077,16.403038834427523,14.258044390243176,12.235625579544665,10.735812581146003,9.901570404523417,9.701325922085209,9.680432576335582,9.50152705714651,9.440866029071083,9.928433920867516,11.059552936027096,12.391020169095261,13.660833015265881,14.80771030016785,16.083002029314926,17.691301774739944,19.395146036152767,20.74778234084319,21.749870720617654,23.076791144984753,25.09615595744516,27.37063087366655,28.92420258049846,29.083912303644823,27.966260636527725,26.048499942007304,23.911580075456985,22.198077709091603,21.362890869848375,21.49209097896881,22.30443664981538,23.15918429750012,23.635170890349958,23.33321734787682,22.844986034160385,22.693377404270944,22.93046016420693,23.110473591877913,23.133933826037772,23.083141801482846,23.801162410340872,25.31646337545366,26.68959048504393,27.18574829678107,26.564354988073184,24.614768937336986,22.147997535315508,20.370346568315107,20.184463359961995,21.184305537958725,22.59020898779938,23.926928298143515,24.99239779397743,25.604708170704313,26.04593836283694,27.281567500331985,29.90227674728082,33.46554773088284,36.57285285306082,37.94896018708691,38.036250728250934,36.99699118942004,34.86998305873984,30.8119687750056,24.899858038141957,19.213633062199246,14.712295187474684,11.660346076424915,10.407949851750327,11.101293606395458,13.180487302899227,15.986227920302406,18.635000936863882,20.60502279741611,22.021588258265993,22.968013770520425,23.419827179682787,22.98137127106495,21.955019825790334,21.083274677363956,20.4757838987071,19.83487346363196,18.807223339304525,17.03770320480597,14.33350046007023,11.191425108477803,8.598915167953313,7.091462788054952,6.482180834813135,6.528051034583022,7.189073986682081,8.322895254423095,9.520783116741484,10.24836942118275,10.48653482638334,10.089144703954062,9.36190749519811,8.443260409129564,7.636314054114567,6.912269198054818,6.259059385037849,5.644363670493544,5.387008490971557,5.704950367494544,6.687334207460033,8.051083198541173,9.3537879421618,10.300647600173612,10.977276909802251,11.693650452351969,12.627133547686668,13.751405424113122,14.93466942999051,15.93055705364587,16.46504535853985,16.19569768961556,14.751813929381917,12.627953393008532,10.208829374134586,7.875056326363807,5.998470020043163,4.945505155338772,4.892612873079127,5.521448795219265,6.694394842317512,8.096214019871244,9.333641312412793,10.152112037463846,10.580274805412738,11.103481798293792,11.863922427550136,12.783868982696042,13.811976129030224,14.767114425108144,15.693653063199424,16.458536117983083,17.010887747066075
0.17391790648898608,0.1360972606632881,0.13627957202428315,0.20171091771576946,0.3470094790828306,0.5845933409343724,0.9115651183510076,1.281161317843099,1.6117539054317844,1.7898461778007544,1.7632205772364051,1.529748702902398,1.2466341466867394,1.0270745221482913,0.8399007933549668,0.6649711002633938,0.5132383069049001,0.40623772930727675,0.3231255587629539,0.28036922226996674,0.2548878067796915,0.2668630817839668,0.3171625486611098,0.43334283450116057,0.5799267777113787,0.6807446194622057,0.7164515900634361,0.7369249309458904,0.7942195282296128,0.892440570134601,0.9987211773304842,1.0658136692510558,1.0583354463547925,0.9394185736169913,0.7421761220716676,0.5637257285149776,0.4055858828633794,0.28237782866742533,0.21929458731464407,0.23952094542846755,0.3212665003681001,0.4154559667151722,0.4764548966216447,0.48468296045016007,0.4473135680477991,0.38769567953866496,0.3633717673089733,0.4110785985811607,0.5095939176593096,0.5613729859172617,0.5814951880932016,0.6233768731649988,0.7463668302184436,0.8874760687159329,0.9323025150684232,0.8397016790589547,0.7078589565679175,0.6143252990557225,0.5676687265585192,0.5323970067391002,0.45927342768924206,0.38493178967331787,0.3838928531325402,0.43510995447390666,0.4927167824705379,0.5045827358216209,0.48369973452469217,0.4469170773221415,0.44402861732219845,0.47869197390150225,0.5896848273553893,0.7357441971375224,0.8484094972661884,0.929084969622591,1.0345721607323104,1.164246519688558,1.2216960584041807,1.2529542483894125,1.1560450249840484,1.007172425423624,0.8490148993166696,0.7011818792468913,0.5841690959688539,0.535909609528804,0.5615388942538403,0.6205372605652404,0.6237476969258057,0.5667659739579828,0.5287769635631299,0.5885635756191305,0.7652774536586454,0.9909873619659841,1.1561795860827186,1.1912633608027556,1.1263089267249233,1.0613196407381553,0.9579954254340872,0.8379043942207636,0.6522721682314732,0.45148976534262836,0.2771842391162127,0.1677523727771862,0.16199925498925538,0.24173258481481374,0.3582430803017515,0.46601772531584973,0.5452291230732472,0.6312952402474281,0.7155532795881387,0.7499268715210017,0.7178543041823175,0.6796911656169533,0.7201765659376769,0.8723409894471134,1.0796573374448435,1.2303920511325765,1.24079389838469,1.120302257639797,0.9314108646169017,0.7399133897251036,0.5688295793100362,0.46608267821590094,0.45325551746121717,0.5321426825483468,0.578344045456491,0.5659622461592566,0.4633491653434667,0.3841502656807367,0.34969150506846025,0.34807774625850946,0.33454553835223994,0.3228658148708026,0.3388373823333717,0.4196228068747172,0.5658263798471891,0.7054402722612187,0.7735494637510258,0.7860299799174877,0.7652205714786213,0.7605345081646109,0.7985476205278791,0.8855221001854078,1.0238859500340765,1.2071478566782654
0.6534238926489472,0.5398858549876816,0.41758840085578947,0.3168140553521495,0.2747144614163047,0.2857779079048779,0.3220785167616737,0.3683645121676021,0.43198972863154483,0.5160616739921967,0.5845063972298292,0.5908446987806864,0.5259995258100039,0.4041536647186049,0.29057382752876343,0.24291841009494425,0.2952094047203623,0.42474148428587616,0.5444276600938975,0.6046064224691632,0.6073318634435635,0.5923414410279214,0.5989625835545779,0.6412029087156733,0.7106863531162214,0.7991727211808638,0.8943372084470541,0.9802309417783003,1.0281071275815268,1.0368217023772641,1.0479149129374241,1.0880920198840687,1.1414143546478166,1.1630542749988586,1.081061708990705,0.8944776297204076,0.6319998349407201,0.4242337111587836,0.3277761598340241,0.31596404494659497,0.3691951347957195,0.4638419547457491,0.6262979850716257,0.8655735462602084,1.130592331278549,1.3172116171364097,1.3889240972544807,1.281675144924603,1.0785419154882687,0.8396969079105856,0.6732631922894954,0.5949429189903066,0.5416368100720195,0.47862686073585287,0.40836230006450003,0.3697351425906641,0.36213163657741493,0.3684558397404865,0.38060574820647747,0.4016523022370499,0.442767208767242,0.4980771250627874,0.5611334326467634,0.6219513871078131,0.7013758866565127,0.7887681519371851,0.8676708111490898,0.914617195820633,0.9273452133156108,0.9436122762484592,0.9494608765288073,0.9906133702381794,1.0560151318849988,1.0841733316143949,1.0408038343591441,0.9187122253483149,0.7767010106271534,0.6743096276965873,0.6476098762617468,0.7270903244244976,0.8985106837939413,1.0738867680944693,1.1285538644319557,1.0067532111524509,0.7436334723685775,0.5791452694820952,0.6471786591317162,0.8807689865118892,1.1951560185038739,1.5054942908822986,1.6753194341195574,1.582551013662724,1.2837843617800446,0.9333731638934676,0.7070091267224452,0.6633196524295284,0.7626421760243032,0.9360470761409788,1.062925818252301,1.0351388812046571,0.8513922092950743,0.6035778691015528,0.39129390861382357,0.2963913461537219,0.30660195574872284,0.3824064798384579,0.4778586661150131,0.5867051087468093,0.6855455993402223,0.738689719028561,0.7160001231092298,0.6273967399077528,0.5581965651638746,0.5452554276878946,0.526653513078547,0.439090260022849,0.3084380806332899,0.2216503950869187,0.23051824957499034,0.3281417649756166,0.477422627219994,0.6554441444349182,0.8242485011956753,0.9518955259798416,0.9640466463540883,0.8575163593510675,0.6844386171538159,0.49679823623045616,0.3677514239263128,0.3133462944014188,0.3459968816016319,0.4627169882297184,0.6278244764129759,0.757216202400027,0.8185230434213993,0.7002106408411569,0.560084826485652,0.45541959013482314,0.4243625528161566,0.4368137402714599,0.43905580417606893,0.4041038350671399,0.34758242705650977,0.2914489630066001
0.25572206240268774,0.2940955645723277,0.40894019715583113,0.5911816113609096,0.7767728265958685,0.9184179415168374,0.9976396254480314,1.0409537398313164,1.0625988873099494,1.0215259491150825,0.9050629057933419,0.7780721261281573,0.6495367490040285,0.5230823057840209,0.37527899798221787,0.2446898028113459,0.20825559778924038,0.28783860434353675,0.4415629088141106,0.5835033967288102,0.6938320324701575,0.7677561994537745,0.8083720621206696,0.8010256238873535,0.7663827920651809,0.7153400473561077,0.6848223255955201,0.7074885133330153,0.7660484487531946,0.8215684724603844,0.8326570237976346,0.7856003129940826,0.7037244517043798,0.6102076592691456,0.55215610097726,0.546480234854679,0.575822179052798,0.5554695401822763,0.536928404913619,0.5589165180233586,0.7044301089240819,0.9610140003658084,1.2217101914810058,1.3864057224574995,1.3347111523989272,1.1067046329581627,0.7819101585759675,0.5178052273025815,0.4763163203426776,0.6720857142210971,1.0139941052078414,1.3218176330488636,1.4013429747286976,1.2316425869308252,0.9330423021224695,0.7020517461971094,0.5974715940782712,0.5807556607726512,0.6133207377788633,0.6986285370661031,0.8493922732211333,1.021708752978633,1.1293704665306814,1.1240494541667538,1.0650609340060977,1.024710222362763,1.0302112010784132,1.0515358085668014,1.038329689508711,0.9834812004346819,0.8720701956394956,0.7800024588682819,0.7563876790884257,0.7694093447680708,0.7685909129009143,0.7272671378904353,0.6514457029160491,0.5752577329139819,0.5234474798327486,0.4875140141846468,0.459073051878016,0.41476465253337447,0.3425836053017585,0.26985206001604856,0.23205607672396797,0.26132512948436054,0.34470696243643967,0.4746988656708165,0.6745752505936612,0.9733697675016857,1.3092594294102087,1.5213936090074422,1.4539234313002622,1.1657338335806973,0.8588601312836835,0.6989808181772936,0.725128294314727,0.8921936762203478,1.056895437736827,1.0733725115991801,0.97280332337913,0.814862539259378,0.6907432751538133,0.6161577014651798,0.5539411567300964,0.508496896046079,0.4630766682073621,0.4108633606526358,0.3682817949265274,0.3587467440479882,0.3840696711622777,0.4083875589912197,0.4264221622367658,0.4472858640726209,0.5068750872688025,0.6255641927141982,0.7860554409428164,0.9448896607568871,1.0401606479360859,1.029137095555034,0.9100080224957916,0.7025782585321786,0.4785027923849956,0.30771320406700775,0.2533126494877309,0.29715608759719275,0.3674050158297593,0.4473281660893435,0.49402769399035523,0.5378710979339161,0.5977346099215902,0.6833457268101591,0.7986105020560867,0.9840208720058615,1.262673337932213,1.5198893216944005,1.542280995656888,1.3536772547089213,1.0431106254240927,0.7770023011150521,0.6645786937950089,0.7190614068652261,0.8859448106776688,1.1065891255543783
0.6584030245144321,0.5445323964509857,0.536606846788368,0.661685337844439,0.8432170359377733,0.9634568323835082,0.9559532534295412,0.8422067697047156,0.686108584189934,0.5898454218058067,0.6600907876366111,0.8844527766759441,1.1356480052277775,1.2422286221804664,1.2165502641107258,1.0628064144106018,0.8907111930562768,0.774057763650161,0.7669698762951155,0.8349091924748726,0.9263549998385034,0.9849340283786742,1.0174725760975447,1.083414820773588,1.2099706818079534,1.3203871003999523,1.3402319282723418,1.2185535978990678,1.0334146217657194,0.9098909755850554,0.9186928657832418,1.0171210210855637,1.1354596898830345,1.2538630390591572,1.33118056369991,1.3293893915434913,1.2159666881750346,1.039976263297665,0.8632082188950553,0.7738817493293619,0.7616267848771513,0.8003068025227908,0.8287224246511522,0.8514269407536321,0.8601596524079816,0.8941566649478709,0.902222330701495,0.8071422168517088,0.6433971890388943,0.48808483466949937,0.4036934440961742,0.38672892772790984,0.40814169939523665,0.4301147359111231,0.38777565918172696,0.29352754867396597,0.18095935606560337,0.09942380304035629,0.06788857109588005,0.10203349888710579,0.2309104375181112,0.4296229203049308,0.609909427185327,0.7325605734902536,0.834479030883977,0.8927908207204904,0.8558097378341709,0.7558554652055722,0.6279128615185614,0.5027103376269983,0.36208291760043176,0.21890606683369765,0.17542985601113908,0.2378743722147896,0.43241673692991345,0.697213888746643,0.9369057589945515,1.0507177930581793,1.0177720078042969,0.8833787497146706,0.70471388012109,0.5256731491589709,0.41049863931736574,0.43371813816107374,0.6795562899226081,1.0802133278645494,1.428119097455235,1.6292796400824903,1.7170776905879497,1.7257805505610575,1.6669763213884172,1.5533155522789326,1.4206836237937874,1.2597128917900597,1.1082211859771167,1.0004170157621952,1.008389061136079,1.1467833637407976,1.3524354884615737,1.4859190692280528,1.4123269152316735,1.2746650510957733,1.1349577024822708,1.051455470931659,0.9453252233434144,0.8109258769188918,0.6519689748505516,0.5216673506398344,0.48691593406762934,0.5607587305982167,0.6516000277795007,0.6441912508332296,0.537533995076325,0.4012526980961769,0.31950805252458314,0.32844788794033464,0.4036739322315331,0.4988887003374111,0.5677861322423177,0.5754140207647247,0.5320875855273977,0.4711222393997411,0.5128600408910723,0.7353413336827054,1.070655270914209,1.3728773598324424,1.560023144146384,1.5434869109270664,1.3498546284674688,1.105692019934093,0.9874261259767271,0.9765117407082538,1.0055826093855993,0.975512924811436,0.863318682437448,0.655484252029994,0.4955245559809309,0.4518420786733806,0.5264396302858322,0.6554037617993629,0.8007779820336214,0.9491322216254554,1.113103457246251,1.2872625918064626
37.21122681209374,37.82839050511088,38.7405376935107,39.94653953973334,41.12154858461942,41.88606167146418,42.13451536001533,41.9532874274371,41.27612135109401,40.05053628743808,38.436667578346906,36.77255767075352,35.51926920825876,34.87836959473225,34.518479753631915,34.27110682768402,34.531038510681284,35.962408909088694,38.93445375801449,43.03297892595975,47.16840407870116,50.33907626999998,52.075265298364265,52.49669437088238,51.733610413138,49.7626668488753,46.68106344965271,43.21796265677261,40.5380591117878,39.283918166582055,39.02966806817541,38.82672242016635,38.096252455645164,36.656282351712186,34.61446288853693,32.39389298689115,30.509025743029042,29.46927576746996,29.557135845531853,30.757859977444127,32.604340690140546,34.124882213451095,34.648088848768026,34.26967738525758,33.63726291064218,33.44268954298224,34.00592380979847,34.92987588394466,35.75030030863154,36.27110939803605,37.06958844070071,38.85583334729073,41.590450887433406,44.44171791181146,46.76216710024208,48.4269976468474,50.10381434880338,52.16520806952066,54.11587565163073,54.30920766034971,52.02149073287645,47.526478175500685,41.98639563159243,37.27647661526907,34.37868093198976,32.91096389936251,31.953721391964176,30.827628195304392,29.271557308739837,27.70607204283106,26.215506659741912,25.006393479200398,24.088642759584136,23.419830677327642,23.097573884245364,23.08794567290263,23.323453805837737,23.605251033779687,23.85141314576173,23.9867036841886,23.882617978284465,23.595484906463334,23.458603189025762,23.71845426570085,24.236010487819293,25.06216968302097,26.367161999052563,28.547745057482295,31.987288584530052,36.33756770417307,40.88310846508873,45.03118092815189,48.084212199917985,49.31030010765333,48.00584989229702,43.921275984948,38.748796285305424,34.749580325739835,32.66462989522081,31.618919891266547,30.430473428725286,28.766922523193067,26.89688333851924,24.824708657143656,22.406213257665847,19.681266013105283,17.411491013729954,16.233760668408596,15.962758927868132,15.803546655314511,15.202510000342084,14.551801307137165,14.422744359422444,14.916163090913567,15.843802042085798,16.786189134001738,17.694778615506298,18.888140852281946,20.866106122737982,23.160042175294084,24.977716538159434,26.534650284269105,28.034201310868013,29.41900260903021,30.665902904770093,31.98091943940715,33.624537027502306,35.491970383380576,37.090041819568384,38.47329596815649,39.48700297527273,39.77210241666714,38.48538884967422,34.46130014850903,28.601907452353714,24.022004406647223,21.86223219191711,21.292787490921185,21.449160277175146,21.988242016671922,22.668706386929205,23.200343739486765,23.388900390791914,23.239964255045216
37.12108543752819,35.67417100530726,33.37270197118429,30.334991610426037,27.115542043741318,24.38081073606022,22.547759745219643,21.5733077168232,21.078800079154146,20.54151350085164,19.6569132374002,18.362921218460297,17.079842591638673,16.22194413041275,15.667968940834424,15.03696512997061,14.146495971863768,13.175139738322022,12.528529121168539,12.414298342179134,12.772070622298685,13.527233728758471,14.761194993997345,16.498751047619045,18.284005709042585,19.283798431885945,18.985782676122792,17.659761129402398,16.337758965012316,15.878619148490902,16.26462272559123,17.059772979700085,18.002164481888805,19.27968763472856,21.11727440969691,23.5736546091659,26.30254939599963,28.743235951728746,30.428781028274862,31.65806306792273,32.334899059122094,32.930338151463374,33.46780068819833,33.7841995475441,33.883352862525946,33.55526538569897,33.58119659697128,34.389897268931726,35.851254014901535,36.40999670538669,35.17302063859057,32.456834718483925,29.82826951427058,28.261722611188144,27.049964824666937,25.23880014621994,22.432934966205572,19.578723788122783,17.581202761564434,16.753180447521032,16.931528871531064,17.773753790322054,19.171201533538017,20.890051578650947,22.475391078825087,23.676861459237976,24.11590297163483,23.637298439787497,22.039040032570146,19.397145426334873,15.858684382750585,11.967677811594896,8.608324396822345,6.381653293934258,5.348584288438963,4.941457028994479,4.835355173289136,4.70892291589885,4.7968256690262505,5.113012779126832,5.793800061417627,6.745689244442576,7.682309965573857,8.381132925424874,8.769704162645855,8.8605762857627,8.723519213561774,8.519046734608914,8.323707549794678,8.107698456283813,7.897270889669157,7.678881704298783,7.406407670633605,7.195932528943064,7.160066165304757,7.261954932472712,7.5110900636754305,7.850448604401469,8.227093286728858,8.472155635261748,8.618399831769842,8.618013218481119,8.44820071474497,8.044935154202678,7.387426235237109,6.51052203193522,5.619995725228,5.048710925202556,4.860630966244544,5.116201880966634,5.724417047868646,6.556655744781224,7.442244304422198,8.287137433659506,9.057496592533969,9.763468104846451,10.467566747706789,11.122135121526124,11.414846637643988,11.152581756229713,10.567272755817498,10.041186476666558,9.671860960015286,9.34690076415564,8.93285605537523,8.324202430242863,7.574660621852312,7.117755353886326,7.120714264887207,7.454769944814252,7.920525929349729,8.514044296054355,9.390788675164355,10.692594610525358,12.127948865607156,12.957964281709113,12.940118965801428,12.42047139742405,11.739006293566057,11.178041244018033,10.850172116246732,10.682993051646097,10.591964376971788,10.52793899970511
36.73972721078182,36.729222300162974,36.41402831858561,35.918520491220775,35.46085389261027,35.07376309790821,34.794480134734265,34.47505265081313,34.20312025871123,33.74107287584841,33.112313433713204,32.19327075204256,31.196577029322327,30.654069517971298,31.08966345045593,32.70076220098845,35.16930347042232,37.920737223663416,40.5732461384373,43.20251204663082,45.769541448957064,47.77015062737448,48.72814537427087,48.33239768885091,46.5154252423925,43.32059589336147,39.75750569266594,37.015127822466866,35.50045590478544,34.83869610048563,34.25636150839069,33.0704343935895,30.763130487497868,27.690676310144383,25.241727493826374,24.03266396783345,24.066966773807682,24.48071591792681,24.815374686304224,25.27513336622318,26.333974308724184,27.998865453822983,29.543161246460667,30.510522681994296,30.87536734896564,31.096773344310858,31.668416600095053,32.82332919682857,34.18948331472877,35.081741979817515,35.24898424801159,35.43576647128952,36.90708437911847,40.142203648640724,44.04694427474228,47.192762133877274,48.54100848567468,47.965773243516246,46.09904489830364,43.38349961600883,40.426929204381764,37.682393248048605,35.33630408554795,33.03961864451855,30.883219798829508,28.978282106166457,27.5807951081203,26.162680162547932,24.339318050781458,22.021729328566202,19.637041308444893,18.091828737887415,17.317732611663065,17.4657364819499,18.114159770059896,19.200526095598253,20.58969080368106,22.002999521116504,23.05533074067069,23.737264375775656,24.095223853788962,24.34697350760181,24.674454090001916,25.009787029729658,25.382162844827054,25.814834590271754,26.24244902714348,27.17304990598307,29.26705649920616,32.78528372799964,36.884254587007625,40.45325823315436,42.7494111700835,43.60503447937882,42.67087720530338,39.75239744380598,35.47893109019586,31.440024360884887,28.857344809404125,27.50964342119341,26.48906970453162,25.311340315408177,23.899049586545082,22.128154858545532,19.76331921112292,16.8444587271263,14.219326271878781,12.840397330829493,12.653834150564018,13.05510211759881,13.39227245372379,13.42281821112138,13.335435008603154,13.53326417811646,13.94594294158663,14.657692774389398,15.550293749836333,16.707686483300815,18.496194011732374,20.875887609835843,23.50764685513236,25.866251937053402,27.464075355576746,28.689610232919634,30.093449313189048,32.17881229999141,34.572585212923286,36.541825979224036,37.92762286865058,38.89420369114873,39.63680871868219,39.351526158662715,36.15905361969565,27.375708187929014,17.781177388494402,13.76587779860946,13.602444146792662,14.713353695083491,15.832229459278155,16.560027653693968,16.899476757160638,17.16767932198008,17.507180026480803,17.868061166134503
34.62939202094429,33.180352885925906,31.244081379446573,28.638721917153696,25.27432754877305,21.297110738928527,17.142734908428597,13.41423726739045,10.421813210074225,8.41012658259155,7.178321093967529,6.410245473913699,5.742382120616759,5.092723442938937,4.614532245306176,4.496069459836963,4.950519330026847,5.90765861434208,7.249207013606616,8.910200155546278,10.9989196289274,13.366600745310574,16.048374697880295,19.007898796983397,22.07658031383282,24.712075410592597,26.24400057233129,26.328388185722023,25.48837483128205,24.123326763162144,22.634998724740548,21.188263076051758,19.927466464632214,19.07822747852206,18.659940795373114,18.58150861289884,18.570762190362053,18.524907527938964,18.402776773466872,18.453688968510736,18.727011432273326,19.09592481676833,19.104064844693763,18.558202187889677,17.57547307169089,16.524446841462343,15.912563744435271,16.098899920814233,16.943537758647707,17.925581510881905,18.525104122905994,18.431501815636583,17.71465789894345,16.829846516521794,16.115624838396833,15.769514431006632,15.488077882704708,15.061562225072665,14.477143355415865,13.9444057784564,13.616839396118372,13.683034791119725,14.214088457735102,14.946215490325176,15.702158270498732,16.18629527644478,16.29907229046588,15.932094105723424,14.942131940961891,13.419362865771477,11.2803509835043,8.872113083041471,6.755905680152752,5.283612978592372,4.501188775870381,4.208076618527371,4.152129828627356,4.3301619098297275,4.677509925850176,5.1714794949303755,5.7466105673889665,6.344947277912751,6.994151033735685,7.596729440146163,8.019924898456976,8.214339866182744,8.062913406514612,7.71626532143765,7.1780701873504515,6.523359123346261,5.884986513402466,5.496187973792279,5.4392443303493625,5.624595323898179,5.988047676252709,6.532834670140607,7.247386993086987,7.959358071612464,8.399732858022682,8.474755427581659,8.311303154889295,8.007351922924013,7.57420998261571,6.907117221956016,5.950430856608052,4.752877121298226,3.53358013132585,2.6773472939844125,2.3993816141869724,2.632963781059547,3.1581463041462707,3.8187745947875174,4.431393691089246,4.98345327035343,5.363787443236532,5.417432862464381,5.152509084764176,4.731644820171988,4.308372693419071,4.132145451201617,4.217736898728292,4.3623153225129006,4.47577192839213,4.7601154528793845,5.249755282903149,5.865541500680015,6.380831718141559,6.70084755239532,6.8795927123497576,7.098444704492588,7.43370992177872,7.8689525241580185,8.405940849795947,8.732440874993118,8.667505102748,8.415350544860969,8.056247026316916,7.7838238057510205,7.5126017307269315,7.169096637726015,6.721079559252383,6.2854186995423085,5.932683592618522,5.690566008185065
35.38055078327962,35.42473920847258,35.441918341454354,35.46366674100373,35.51343351671742,35.54937660190357,35.40219687507542,34.83458566538872,33.80346349384047,32.49574626711578,31.179715019535376,30.334482994444333,30.070894963294155,30.402464611939664,31.161477749677353,32.627143341695266,34.85221092221355,37.5890506904888,40.271044578259875,42.469322862109344,44.04038839898414,44.94645317766253,45.0588236630747,44.24302252971869,42.844336994507294,41.12889946457366,39.455267923647206,37.89136826591059,36.3452435139813,34.881764470907626,33.609163465290244,32.52999953984858,31.45328815242542,30.364123724408344,29.397263125166027,28.739752537535498,28.43093373687216,28.36380231279383,28.552472093044138,29.170554346398657,30.106698866026907,31.07207032276471,31.573762106994344,31.6278883697894,31.220479262731963,30.597006024115885,30.112160689735674,30.201206115590967,30.771299882223037,31.62182653790713,32.472279501023465,33.269527843396055,34.17586024346874,35.739113935097,38.22541139677624,41.33957110629204,44.28595465531943,46.26647247873405,46.85768725018943,46.109974622601584,44.09281231214047,41.19476875509557,38.07267484561832,35.41192450594585,33.37607862212608,31.85824088016842,30.578814013339684,29.410548791131102,28.305038028586996,27.168014848848824,25.946404546636913,24.6704203813558,23.575833589180586,22.849661811906934,22.542779404134393,22.483132822140636,22.587141665349655,22.791055595944464,23.083775766283615,23.42025915078256,23.75356956427721,24.00308085212265,24.227751620694715,24.7078312949386,25.28064072800925,25.914613329314527,26.386271350056322,27.04395047528073,28.526711993067085,31.06322833993098,34.027997312524235,36.56490181869323,38.194023204812396,39.27691730659407,40.088881945665364,40.594735793932834,40.27050317163206,38.94960297256672,36.54639801623822,33.53939377783091,30.578327429852294,28.079574106931783,26.117750076443084,24.568588003393618,23.514569666565023,22.599281363126867,21.426372457256768,19.789460381533143,17.972766317500316,16.549864313547083,15.59031133826296,14.924302137142831,14.367231925130918,14.174932186274308,14.366756847489949,14.760426290302336,15.264119444306512,15.767686090480062,16.340616658209264,17.2251133332488,18.45716777657299,19.762756203838325,20.788840293483307,21.65720601866048,22.7318490076129,24.56236040242243,27.0489755922153,29.696582598541912,32.07058983951969,33.856943279540786,34.919722028230815,34.558324706515556,32.90860457442839,29.778109017901986,26.165600338326747,23.08287423736957,20.919230186619316,19.538019535766203,18.660481750152208,18.220758149255442,18.134702873831138,18.215184812690488,18.260994870465076,18.193884676087507
22.2495358979387,21.017625565984062,19.596109019682945,18.082666572672476,16.742409222099276,15.919184127424359,15.673991327116,15.797641792326466,15.933004087955888,15.301277847058808,13.900589963678051,11.838643233889444,9.722776942039633,8.073059170044255,7.124775211730617,6.805131310149492,6.930130260492724,7.370930664222922,8.177708573292929,9.517167771309634,11.38798949804649,13.622093329704402,16.040795552694593,18.272708238021256,19.99083291950258,20.909364009466223,21.16046290434952,20.927802864040373,20.560614305143552,20.02117621728377,19.28547616386552,18.25096925029164,16.96594678124975,15.594804952938198,14.551258860967557,14.217166267235879,14.665231596162254,15.56193488513462,16.628771045456396,17.907067086706363,19.463166859858934,21.190801313678662,22.604522417437934,23.801114482587174,24.693055035475414,25.37198068684065,25.938149502860398,26.440990873392934,26.87887436085421,26.93684499587587,26.838137106605597,26.235304464370138,25.295024989357337,24.147183793494776,23.0093508193639,21.976947914557194,20.911604516010037,19.56206079958252,18.04068353091208,16.53899038057071,15.52293755719702,15.191968264107624,15.799746306347926,17.16724821470814,18.66213043383831,19.56767728564337,19.818863632376676,19.370975268034364,18.28966248869806,16.664387230089723,14.425148359906391,11.837699124419618,9.459983066516001,7.920650592511114,7.456857365618257,7.881081003656571,9.052349023030473,10.580302230170737,12.12078344516263,13.298165887745164,14.017643484197906,14.390894548552298,14.558514824583828,14.489679522011473,14.414499555372691,14.20542532157114,14.012591508926928,13.759606277591473,13.293579465125628,12.562227663356012,11.695339958528471,10.900529083103027,10.360728597748723,10.205015985639685,10.48182824371693,11.157142910260879,11.99017376953696,12.703651307607526,12.858056411864371,12.15220741150431,10.64967750519399,8.963319747312426,7.562903861217557,6.582186425458037,6.021816739681209,5.788333203107116,5.882583957093901,6.4858179452817,7.681110402381204,9.31404270900555,11.002349259503205,12.417553216222323,13.456668602479994,14.259298259220705,15.081399387670952,16.03355295328385,16.97969531673689,17.670589005749058,18.02733961426129,17.933506205154032,17.387912194207917,16.669610773716993,15.692939051222805,14.601498666699152,13.215090564309829,11.545610475905733,9.915779514836943,8.671635981109546,7.935931614120222,7.780726725073464,8.144734051350108,9.088111036753729,10.509023176780254,12.06870401195867,13.273428143124239,13.53869741306125,13.009750940595678,12.152364976024069,11.532364008546338,11.332627548301053,11.570086230018248,11.904494359148984,12.128780556998969,12.210519832537452
4.7892853143590655,4.592760317367677,4.326370359146524,3.909681487806768,3.434265418185667,2.933199757433511,2.573037030343758,2.5296698999248948,2.7790838785608085,3.2915277955907025,3.92590387388133,4.5707880529339535,5.086307216759822,5.314075448713564,5.28049530375124,5.120757290092527,4.873351241707047,4.587909489172311,4.284222349169705,4.005566369838161,3.8294748221609454,3.819037571502639,3.8724423092766194,3.881307445880887,3.766883070619081,3.520789262573499,3.257753688454266,3.0655828279318005,2.9407119196948166,2.875009863871111,2.795134481097186,2.727405615096474,2.6651226916936266,2.6221017303995833,2.5758695401412743,2.5052341527272035,2.373424423335631,2.2016780467848776,2.0792322026783214,2.036623706507423,2.1289316421435642,2.446267197193381,3.020905548988969,3.762941135593361,4.503978733462108,5.04829948466801,5.320174604394276,5.335778412119166,5.111383998833952,4.65987586475742,4.113061768373483,3.5747798239702497,3.125311248414684,2.803827012607799,2.646564094423475,2.6214773387094206,2.731760991428043,2.9397926519374873,3.1859323539405446,3.4007092979465634,3.5521684485012104,3.6037325955965835,3.593522905975134,3.6208818530676057,3.72464760188002,3.9411218891174684,4.198970665187409,4.423034905018417,4.587484933470909,4.726696578510487,4.903230437841589,5.172150473495047,5.469427931478765,5.748402918837023,5.913056262253543,5.9948193355618065,6.042350374889096,6.091269973195742,6.136696448365274,6.208308950681321,6.360718036762371,6.666913200302712,7.074590798434572,7.410885463172493,7.302526749436752,6.752447748140478,5.719097121963662,4.554015791962334,3.6607512517627745,3.215556908899702,3.149938709327944,3.273820497552183,3.426302213206353,3.61603228594922,3.850096064801103,4.061067377101627,4.138621193357619,4.0755099340656615,3.888744903723298,3.627759009726226,3.349115306390426,3.122269738306143,2.9086692918728723,2.7405653279920426,2.574155887087584,2.392743002249163,2.190822466374887,2.014439252468148,1.9100554725902157,2.0207416094057167,2.2963188087574067,2.5831782204708995,2.742970776262887,2.683064624352678,2.501221939803471,2.4372847671684696,2.630496853740823,3.1421983319003193,3.93613796536769,4.89975867441854,5.768230179140876,6.0573063142714325,5.861467772364694,5.11240202685661,4.297598823004442,3.460673890852631,2.7623449004091385,2.3381237832387454,2.1612550290380286,2.2337894149357322,2.4369805501138226,2.689350688476754,2.8974130762137547,3.01116675606497,3.0345090571296844,2.94926248648515,2.8689948421929468,2.8672902115408676,2.9836529821888167,3.2097647205484177,3.356208104684123,3.3642230282483054,3.20927354959773,2.966867347503432
13.7788519287254,13.354423408722601,12.98650483080509,12.776696790725211,13.02384683888966,13.77019253692039,15.042358623918386,16.524974763901817,17.86744583547102,18.563139330251214,18.590386003238955,17.902783868124313,16.855669234325347,15.921243261682969,15.404789591292612,15.239425821809684,15.14296323902748,14.447698419612104,13.26089186177683,11.776927109107294,10.704651661967327,10.231052542513476,10.349255686873844,10.917088311575519,11.810583907110805,13.006988581067226,14.498981673000577,16.294890728215243,18.333196384319876,20.38358443564913,21.731126311914007,22.238878894696807,22.127675480317556,21.43743923070921,20.28454036812405,18.69938612668199,17.04863981795141,16.074532572346943,16.294053720224547,17.513738299515282,18.95782793485127,19.973265034732293,20.416747767058343,20.650443412569214,21.001398298139367,22.07782281156914,23.66530714807109,25.436277631465263,26.59879593465184,26.272017917424137,25.206357663373858,23.94246543772345,22.707346934244644,21.64071164079385,21.034900791271973,21.325716042682906,22.34701104474905,23.861735665249796,25.00088835001033,24.98463487308867,23.94319267391154,21.624718083886997,18.89558979442739,16.77375813832354,15.989332908791145,16.43997834787022,17.371325929240918,17.952666960059872,17.524154484536577,16.054530740867364,13.472916307503601,10.268134857677476,7.264873931922807,5.397902793028855,4.904754722679052,5.50765911263624,6.94171247309747,8.903973849917922,11.371914258239617,14.170518479417083,16.831129489213296,18.57888361459022,19.343567655350405,19.17924945587758,18.39175329774287,17.66939183425036,16.980675615395427,16.439684098397063,15.883099028954952,15.157279616752472,14.10283751374613,12.895909339173802,11.779059641002599,11.024923069658634,10.784308956680226,10.90408761111234,11.051505903558876,10.947245846448446,10.458752050089032,9.899276584485149,9.781909605035,10.355775213858035,11.466004245471487,12.526011602884672,13.099668374037911,12.989393784292623,12.144078667989566,10.603109724511851,8.624130543102813,6.812733212677068,5.718493417177257,5.440269879621569,5.70970385063689,6.356641221440856,7.060418515595772,7.690595377239435,8.176313098772363,8.40539174903777,8.497063909949993,8.649108466206101,9.118259297955625,9.771662424581496,10.248463089879165,10.374164465504537,10.063809095949416,9.290509455647713,8.365167915249643,7.266622308249748,6.214309274182254,5.3433358667867425,4.766501165225619,4.595749442401739,4.906038081196924,5.735845183778497,7.016283960236188,8.583388427776379,10.023899295690144,10.960873795424815,11.35698802832645,11.229035791655818,10.847916894068538,10.428735152902593,10.13975026591802,10.019968110174819
22.82808660110185,21.18206835894631,19.718259897814033,18.54880943659425,17.697550594418217,17.14879348382202,17.110888024318612,17.78202231308953,18.943324638733756,20.026696591155172,20.394597235022573,19.80087538940864,18.69522907762478,17.782770468926834,17.3198272660522,17.334240812210833,17.473726289311475,17.71933677636664,18.24723593553368,19.048155785840564,20.034799286378224,21.18009035967145,22.216906583053973,23.18167379014112,24.24649663697355,25.558826740053977,27.09439551396289,28.51732826814014,29.650365867579655,30.600981341126232,31.198241131560557,31.487701558460728,31.369848188925143,30.900204481913633,30.994577257267153,31.95184620847702,33.15368029168751,33.99581972528084,35.164095901713765,36.90781225629538,39.46315640683369,41.662143909689775,42.2563806737113,41.23070339706992,38.83151573058163,36.306493102016404,33.68347714534682,31.561103255043164,30.35069124884185,30.70589322828225,32.0080689558255,33.24129594587827,33.334224803162435,32.013058002685206,30.170919637078725,28.57441751305265,27.491148689037495,26.36330415344472,25.152167495804242,23.909047386345925,23.053894186558114,23.193454709583623,24.788296033169196,27.443218237133976,29.95992989172007,31.062651413990142,30.171473384103894,28.095724539129662,25.59619547002774,22.896866758658124,19.68752121259701,16.359304005700313,13.563956157880867,11.524385953698035,10.819255208832354,11.442969705016225,13.263172117182782,15.71728715808013,17.99888773963899,20.147833250989386,22.256721941113234,24.241649450862397,25.81035106915931,26.377581790774247,26.024969906623554,24.94512765168401,23.499771381345074,21.890012583648016,20.095561444804854,18.29260382062956,16.205354642215397,14.624412775194445,14.054690082752204,14.897601635830073,16.699261930902157,18.888996712091156,21.192675956869326,23.305389660208846,24.87032129381302,25.889802440850723,26.114173828804663,25.451573669561522,23.93891841120992,21.698735603398664,19.2333971450781,16.58297471562814,13.868035405797968,11.423534149300673,9.808589124827995,9.687280376113137,10.879925844347424,13.34651166474061,16.81965658162092,20.34130130655745,22.843399873901678,23.59278390018827,22.87103609745758,21.298840452709246,19.320902414230048,17.413759420570866,15.510991347512386,13.781743155760774,12.340014813341282,11.623301388318175,11.604036211369365,12.118315887259133,12.598526285143954,12.675668588437436,12.570783326074245,12.644791104066146,13.146841361815657,14.072225337657107,15.152467293766213,16.145324140497426,17.040754446640207,17.904014006398906,18.434182995039546,18.384441154719955,17.984654893184256,17.659881775661567,17.61358153859739,17.74495251809844,17.925926312621797,18.091944996616977
0.305153114383638,0.3295504196296524,0.49424148374728943,0.7795976935644704,1.075005873517557,1.2583580097489713,1.2915827726062326,1.2140211576839006,1.0940808976509557,0.9937296581761493,0.9651571728929598,1.0152790309603437,1.0966226874112945,1.13047779713256,1.0856579011768772,1.0173984346761118,0.9934626401969976,1.0331400168546159,1.0597115680087488,1.0240100366368707,0.943291989512059,0.8739547456647634,0.8614325429832176,0.894459744569667,0.8878037642604237,0.7961745313412925,0.6824968822352216,0.6282190673699876,0.6532248612368264,0.7150632671132297,0.7492267506282171,0.743602746078532,0.7386017061208753,0.7688898176023056,0.8436520766929236,0.8783203016134369,0.8385621037549388,0.7182507781905921,0.5618387768109246,0.4520754640784421,0.41919526553745573,0.4476650230593585,0.48052791371531256,0.4842461141832069,0.4591734810840698,0.4427045451345474,0.46131598827596054,0.5411917489656047,0.6843323135068982,0.8215084503743554,0.9008795013907596,0.9086961689012187,0.8708581725136323,0.8366651851672,0.8268269074237309,0.8165887501518311,0.8215951895215172,0.82285371164602,0.7884448429099167,0.7123537509065272,0.6226591158806087,0.5630518145947047,0.5885696231439401,0.7190235967284876,0.8974284794727221,1.0361766674346624,1.0651974887604454,1.0366043928679993,0.9813860428045886,0.8841507280929246,0.7304535608747456,0.5498950644784322,0.4155748939405909,0.3548398518891188,0.31080354518442055,0.2857290453625173,0.30210573596959855,0.3931462676476578,0.5619359037091114,0.7370464315326922,0.8576635736788165,0.9322155560078483,1.0240241529072354,1.1179617742521402,1.1208686673523252,1.0162009001590306,0.834574227369863,0.6781824166848119,0.6882542779240979,0.8760475935044179,1.0776922214845888,1.2035441034295784,1.2018148815408383,1.1901363341628768,1.2120243528074144,1.2423268027204433,1.2381413189032093,1.1865002386835586,1.1012889320305952,1.0368285515404365,1.0275943452528291,1.0948871104315558,1.1765735207555592,1.1757805252781854,1.1028801745874608,0.9620184569500595,0.8117195453706239,0.7373755647333928,0.7489219636861557,0.807786835316818,0.8625561103706616,0.9003985488970836,0.951003090700891,1.003137759167573,1.071295104882688,1.145209879261833,1.1780190726919977,1.1230397455738144,0.9588214028133211,0.7334429486859665,0.5401859640202634,0.45259722726998775,0.4834135803158744,0.6599385059963573,0.9568056449152588,1.2212264576784841,1.2664869756545314,1.1493477108951857,0.9543722419727456,0.7689861806561938,0.6140052433504134,0.5067968103417485,0.4671145172490049,0.4699908823458553,0.4593811197276658,0.4200618875035207,0.3798915082464677,0.38826661015503133,0.47136663672279777,0.6157829173827507,0.7786820494277182,0.9103051671071464,0.9836734188420636,1.002125202707549
11.431097364631812,11.16761278725836,11.360221975563972,12.253582163476578,13.759711875178585,15.23374059847013,16.104259855116585,16.209142950366996,15.582829331457289,14.353663631278597,12.69980255391357,10.989099167125874,9.313706635149929,7.764200389330117,6.50403426681035,5.868591936380183,5.975183671954747,6.473805060380565,6.896833411379868,7.047922592680222,7.082602532863349,7.238894403021009,7.542837528105287,7.901323333152653,8.19533052065454,8.597803667451746,8.892002460994366,8.822199727068238,8.46124359551071,8.132861617451582,8.441348731247993,9.294138214896662,10.222560501288616,11.01920617534065,11.58751043994615,12.121224851358896,12.560172695659407,13.03466134469265,13.748496450835606,14.535748966879506,15.157038349743917,15.587307570377304,15.987326771838324,16.404256051906078,16.765038921125115,16.811932273965784,16.00204960929148,13.855537996142726,11.37994029819551,10.29077419023172,10.35265492968913,10.799638878474529,11.139301076394737,11.276242948596156,11.279999339129015,11.272997384638371,11.143297515889932,10.741720708936144,10.371560309596296,10.463508269106537,11.43677387927555,13.161026416464656,14.506082745727314,14.352448073824563,12.976022751698235,11.12244569948364,9.375744041053103,7.987294472738407,7.133157785378818,6.773751527699028,6.558161246915502,6.315249672486792,6.1689653618289535,6.617884158436651,8.021409559419295,9.694707594351806,10.887472739972482,11.284688360508694,11.153754902138159,10.949205847466422,11.173649100962505,11.66351962859111,11.919244168411792,11.642359602605776,10.854237161840391,9.473817250110626,7.70548024351805,6.867373817100207,6.972119098524567,7.392873713498765,7.809591513034419,8.120078104154391,8.224963651549347,8.071763424655714,7.863128955519226,7.53787935007324,7.149568873016434,6.856654452676505,6.777828080546977,7.012416861382927,7.682508304751367,8.639057736024917,9.633723536178378,10.239367566997904,10.129730155155224,9.013928155744596,7.097961596911413,5.133935700557893,3.7840470186019464,3.1820832305870725,3.2372736899193346,3.7849804661105884,4.618846446920541,5.398122496222799,6.001500621382842,6.461610720323224,7.080300129485233,8.284825933988191,10.165000369374342,12.099301816446209,13.480691105715708,14.204072957251013,14.427736858684565,14.150833185174118,13.61237918052989,13.185413976242204,12.799176229729424,12.299103023474853,11.402019669874303,10.200019082919775,8.997423396250632,7.978382861242195,7.155225530581262,6.297266472858591,5.199955681120522,4.051158193504648,3.581303517343263,4.124708793521087,5.3981431829556685,6.889959651548494,8.162839307084601,8.895883420345093,9.1669108069927,9.13971058026669
0.09818462842279777,0.06892624315419703,0.03417138889718079,0.01145819159111115,0.005284973900750519,0.013712905809215985,0.045708393125490326,0.12452141656712223,0.2749125526794995,0.4954941599887277,0.7678833401257976,1.1196165371697795,1.5487632905038926,1.8558414820378728,1.884040521758751,1.7323572737627055,1.6914782065118172,1.738635870283035,1.723324574371246,1.6635229568010401,1.5838454945418,1.423505191909707,1.0778351755880016,0.6324587953605565,0.2944322037797733,0.12505378909101064,0.07829371110308797,0.11949179017678928,0.20828710999025649,0.23883729507687226,0.20045013842521667,0.11628965436923779,0.05207901096372166,0.018786877836360256,0.00856666030804418,0.01984477027139632,0.06781363203563905,0.15280977247339161,0.2215129589243211,0.2272185622012236,0.17339706043664563,0.10079113898878189,0.0441596175472392,0.014328577093466252,0.003445644048591281,0.0006679320948281558,0.00047733106656111957,0.0033469799022906466,0.01894325956634712,0.07241825069617344,0.20587249948141134,0.46504233756372887,0.8594789473118396,1.328592681564275,1.7715608184725367,2.102501800762832,2.3864544497925726,2.604733818682269,2.766640915657904,2.810275687701931,2.605837857963382,2.159799500154839,1.5446732041869313,0.9767749737090414,0.5709975955628506,0.3367400979544648,0.23878067973335534,0.19949586506529976,0.14725273901730718,0.08192258742240995,0.033169686995233975,0.010023254268059636,0.0022801290145044806,0.00036970625962179485,4.0135205544702665e-05,2.8275030214712403e-06,1.3112400848295106e-07,4.303826969381674e-09,4.327644758607937e-09,1.3009080290741572e-07,2.6494224768553303e-06,3.534313542500563e-05,0.00033305738228551265,0.002371176777614824,0.013132464021732905,0.05463721619128888,0.1464462296824092,0.23549728817455126,0.2544136723907768,0.227195888269298,0.1875401174824198,0.17919642312233147,0.19434873223619167,0.2021150489934177,0.20622087454957738,0.25943674809689954,0.37214657288944547,0.4846782289258135,0.5301324866252828,0.48044576614160106,0.3304483334304345,0.1877248270565792,0.15578280099739317,0.248626960244264,0.42228432619502504,0.5740208535712129,0.6323962358381823,0.6269716074006867,0.600088391329768,0.5202303344320852,0.37115986805408147,0.19724354835791535,0.07757790994043885,0.02696546463338919,0.021773251379395824,0.049409832666186045,0.10047829668113929,0.14231762901977352,0.14753530559193037,0.11504105845890021,0.07144507469817059,0.037323768948979597,0.022826335514473738,0.03839575054885564,0.08635502219234,0.15205860066263882,0.24520958103277993,0.42824814732060307,0.7471885017132872,1.1391598390740425,1.4575845571246062,1.7067054203547138,1.9953462823859394,2.4079827257376314,2.8998144218166315,3.281537574505772,3.3913873655650777,3.2547029853248577,3.056105905550432,2.79937357059623,2.4853605566460044,2.1784894741687717,1.9256268358753408,1.712440609404492
15.113780066027045,15.003992993566566,14.953663130476363,14.98896504340923,14.980653071506104,14.925732629396181,14.979979063884608,15.251148051617632,15.796892498415769,16.5786210616567,17.005612141938684,17.134899598244242,17.177090034053766,16.89665098087208,16.21697517678045,15.422702783389953,14.874461048611979,14.673261993065465,14.856617179367486,15.250298597806035,15.707908501893268,15.938532148349882,15.686704192085351,15.037781695702973,14.336327487374906,13.97276881052941,14.031158257193225,14.376810733005705,14.68839718242605,14.726376622242158,14.600796029571342,14.556525245079731,14.718898509777764,15.079541835038393,15.46176647672603,15.63790313441181,15.796586721466268,16.46892221395564,17.749100026644104,19.034193936886393,19.96202411868341,20.19779545307669,19.710441218590095,18.73237024418594,17.547123066127348,16.232859391244013,14.832166611957032,13.521136969976462,12.385358562614933,11.519159160096937,10.75991383082743,10.166594687834028,9.78985212388332,9.667531653698036,9.641150041353415,9.482947297627138,9.29905035716323,9.34140192880072,9.583507695668695,9.771541295287392,9.679217177178392,9.362099316843448,9.1415083345204,9.214487606925582,9.659979739978258,10.429113111607386,11.517940059614826,12.836095109845663,14.15035243129799,15.398218311997722,16.57505532848125,17.82880401163987,19.318992524775993,20.785622599092044,21.50207582767999,21.314787591304487,21.01229152028105,21.313472637811536,22.67871575697417,24.826795006552633,26.422066398236772,27.22645493943784,27.252130278370473,27.49876435822224,27.79148804395306,27.786653151591533,27.263074167105135,26.719516567044067,26.729124090206508,26.818848579199877,26.777927770086357,26.415085551589645,25.723302025574373,24.720376615515438,23.73005913290316,23.006968783741584,22.448901268289298,21.767597529291923,20.748379116501862,19.303014072807816,17.749264081711978,16.621634244162802,16.12974748358534,16.227112532077975,16.595688478295195,16.718741811059925,16.24569724162269,15.40857508554252,14.391128166848661,13.452732350254367,12.68702557662914,12.244834001792357,12.036330244134776,11.908471551088853,12.00099443800527,12.21471073102999,12.477770476935193,12.727251134913395,12.949948330416571,13.184225993141906,13.281382275703056,13.370467120970346,13.66894025222186,14.34771380698852,15.212545973670798,15.708264861249742,15.905693702221827,16.069933015323492,16.121199439593248,15.900344407676377,15.352947240623886,14.489848923975396,13.407836910607925,12.311029659146955,11.358335111666618,10.685312834131274,10.34952627485325,10.251102836076196,10.228538253640286,10.227081300455204,10.136125304503754,9.898426951192373,9.682588337451305,9.528798870914867
2.398779390895842,2.3999149068120627,2.3343878854050364,2.3394332620268683,2.5158528276145544,2.8754974260554484,3.32986633744453,3.679856456144708,3.8360026234818743,3.81873623313439,3.8737097018742435,3.992721335319212,4.094238516522092,4.094270366869803,4.133056451654015,4.372979826849242,4.577219033740849,4.459027571193653,4.068151557217987,3.580159471659878,3.170830408080044,3.00681429519068,3.246029544400389,3.872239199393865,4.529423124139624,4.732246241648233,4.334847895962088,3.4052002142585596,2.3266016539664993,1.7104863464347153,1.7564351067943562,2.1605884645488214,2.634811338680674,3.062684676903295,3.4226693386420717,3.667357052613112,3.7313647160998706,3.6718748461292945,3.560283708594497,3.519062873147559,3.5140050351965524,3.500322267548209,3.424622138106227,3.2695825869095105,3.0325490108844306,2.6988492945752305,2.209298857275075,1.5664218223162107,0.9546126571972451,0.5332383121161902,0.2839891885186623,0.19938878208708927,0.30144089823971276,0.6110757738142312,1.0509026877691452,1.459265170276614,1.6856164684217636,1.848236685895856,2.116547493974137,2.5294505206351783,2.960369545186736,3.069930131551874,2.6763871295523693,1.9830277464139134,1.4326148008515949,1.1051018212226291,0.9046455272040147,0.810118538031342,0.8601446603889134,0.9869755531550636,1.1290531309794856,1.2748374924761205,1.4649938960108788,1.6557129819821261,1.7288022151544407,1.7297173756554296,1.6642779820935805,1.5883723432159693,1.409294731812134,1.068383809081705,0.6577548144196405,0.3302284571234932,0.13398517187249592,0.06174977781316344,0.09165654981912735,0.30804323241173015,0.7851514799793567,1.1576416599522583,1.2871809464982773,1.2551562934239344,1.1394888005994537,0.9122908746059633,0.6522501782801133,0.495798457917183,0.5129793755412377,0.6155379057872119,0.7093290145635651,0.7758869243544038,0.8632884739265916,1.0194471811151886,1.142539184382536,1.1771797698500663,1.1718636398852353,1.4359643221041754,2.079162492406833,3.0042481707201274,3.971312444145191,4.828020709698332,5.456995156340416,5.994088193580864,6.436843187107223,6.488729158778773,5.913438592068772,4.8877593710520575,4.038640003648057,3.64676751620083,3.783403999283213,4.408907292916359,5.162180756878252,5.556783317098004,5.42718650131891,4.990417514440083,4.463611050840433,3.9701947215072297,3.6007497411122484,3.3865182688951494,3.3255618601692976,3.4047276652976306,3.5247719764600753,3.661836190513109,3.8555614773015816,4.087236042486054,4.247839633350838,4.1943974002231785,3.9121622874965567,3.4412992329492904,2.9774523057202993,2.634022296720154,2.3465598115510358,2.02985288802985,1.7973808990906568,1.7428392466539608,1.808782144531879,1.9201629922591046
14.394767572090938,15.002910727415443,15.687775265860893,16.053190831325196,15.285220641825104,13.373985019742223,10.921326065189355,8.915955863280333,7.792586503851218,7.355674391890205,7.405295363519212,8.447866427117493,10.683461094044869,13.505309753362754,15.356794516090075,14.552637559891838,11.478162790815215,7.584920208513596,4.673019748159271,3.133710407987159,2.700928243963368,3.1257694011715498,4.377618603573675,6.231555183105693,8.540307600332106,10.856052180834265,12.572593787659873,13.535332031574486,13.738488526988656,13.644658032825022,12.625616176155553,10.512671835087632,8.141392196655547,6.5330548678522655,6.421697406925148,7.833099527234735,10.002039066015492,11.459906631696358,12.04253433198306,12.554845490568463,13.27472407982212,13.872632375139084,13.165203282594709,11.496103486577429,9.62291838820785,8.953448952237258,9.796984938906308,11.099279851798222,11.316875232676598,10.653852632019909,10.343191459817639,11.2749560734735,13.351594017138222,15.100847864795318,14.525162979277916,11.139553209282631,7.283029235002453,4.832655068582375,3.8368940900148107,3.700430194960516,4.181994545501052,5.0517511995799165,5.7784068485554325,5.863081522376583,5.176752097729861,4.13859817149594,3.234052885289682,2.6555748086971573,2.2332337327566365,1.8209317693449947,1.4640432615528194,1.3605193004755884,1.7777131008698288,3.004847329252819,4.751800315582331,6.178224298462178,6.858465340099415,7.017892118524141,7.072588186847432,7.205018557056936,7.200377701059304,7.221180654690628,7.963120508227703,9.640131130982024,11.834499534086936,13.655456310500428,13.804336776374384,12.571365956224039,11.929551816435739,12.411042408463196,13.499733329237815,14.209481566337157,13.252036496162358,10.445858542906668,6.723333228318975,3.843918158591116,2.3181831613794444,1.8236474223342543,1.9509808111581097,2.677540571762184,4.027871679076628,5.57701415115632,6.632741222409349,6.961410400701904,6.791928472680002,6.491439208300842,6.179103434124456,5.8052792488825835,5.223801431968041,4.578388639389772,4.041074911252549,3.98476014586896,4.829213074093401,6.568427452872925,8.733383171707526,10.859841133018685,12.522893848413027,13.278518543076897,12.915674184062693,12.04777084337267,11.480161433298365,11.405935434102654,11.478693043274898,11.465783396815503,11.832002896552854,12.792766606254197,13.78050188766139,13.660152405712532,11.651387053944527,8.402514405678135,5.416447747202762,3.477978696390111,2.426503237725817,1.9533263495168822,1.9784232737366674,2.5930374456234584,3.935718462242129,5.912259204439707,8.378275904791623,11.220984465999653,13.417190276273354,13.866146458837248,13.21505421566083,12.130951818184057
9.96821315846946,10.679896445965374,11.547062949892426,12.501454631367872,13.525305361202216,14.439502881561587,14.957748858625587,14.892194888414581,14.320912301021245,13.588371650130233,12.744989325176613,11.620075353027596,10.219753306563884,8.8804192352177,7.797665524144233,7.017922142065777,6.553014242160361,6.305334667890914,5.953361814925107,5.578034166086492,5.643766826657269,6.406628607889885,7.42311526765051,7.892234671136996,7.326477707964952,6.171924898408882,5.336651513717583,5.170581214377847,5.470193972334481,6.258796848458324,7.4294790400965125,8.790476162413833,10.087714884801104,11.20196691720694,12.088557746462584,12.539810225142404,12.646243788680707,12.670553583137455,13.049714015909545,14.394585471712345,16.672301258061868,18.908689016453724,20.181544450238338,20.32990472645201,19.107472552791023,16.09799528053775,13.19938864665641,12.399433310476134,12.213960736497798,11.729362936730572,10.704622625938221,9.447999062481715,8.540026100925266,8.405069924083396,8.640177155786363,8.911804855903425,9.414819742655283,10.412884770455888,11.893816364205966,13.299154876929792,13.898662055480282,13.549990692207047,12.990798516792639,13.124764459424357,13.642616621616304,13.735203144048002,12.971380762007845,11.644878931930732,10.287499944794815,9.039125875370178,8.097619166458186,7.85754035551762,8.155328910426372,8.542490848290154,8.867998150521963,9.278819598627516,10.228998733397352,11.926757150601254,13.797986793983979,14.724792667343467,14.237142847491114,12.65363223405685,10.831521567550425,9.72067588528194,9.370704667315698,9.571104524647545,9.780283127214965,9.516382668093845,8.833515418529814,8.187347851446727,7.843289662684742,7.633382044308228,7.395577507060463,7.1694147776285995,7.306778964849474,8.07503859574504,9.767360484485657,12.322695643132166,14.920311987412518,16.40301916845836,16.417295620283436,15.01684654325013,12.793178369079593,10.537387778544675,8.585986781548383,6.696892042788366,4.927277709118262,3.509136596509937,2.718385586054707,2.5785018804838353,3.04752365151659,3.9181785281386152,4.797891496029171,5.503700690772028,6.217058511331935,7.304224090337864,8.744483346880811,10.331208546785652,11.855892009690292,12.719568048104664,12.47503427871729,11.747520886181697,10.660712932827035,9.627036940523048,9.140094523602478,9.276372944429145,9.598364142474322,9.719156457618544,9.510253410575658,8.897688908262817,7.831387053243483,6.648578305793137,6.139013161559603,6.533350652646297,7.617455207628087,9.419343526222683,11.56890366689676,13.723071130624893,15.41018873363713,16.497364778879515,17.01312403930271,17.239694776735632,17.320335912130066,17.272834215711438
12.333165164303425,10.748422660203076,9.206022123276336,7.955523910506131,7.156515728544363,6.863608935689157,6.932277136578686,7.282532667583415,7.8691993751684235,8.707594418852588,9.570780043271084,9.80148982804763,9.046255109949493,7.8126352007788915,6.696030127077859,6.271755489041006,6.864660681099714,8.644143575520829,11.116263008097846,13.170287114328367,13.931158834268217,13.305516030953202,11.714463705340073,9.726176697497822,8.135712816053806,7.23319881963326,7.208799998562383,8.17475165136759,10.063635949624373,12.120309256752554,13.365967739959986,13.56108394029232,12.959467665210875,11.747789569642947,10.001446454987333,7.983045871625776,6.226660149346386,4.952724370167543,4.0683194861129595,3.5493191177659367,3.54660277337031,3.8766716657216787,4.232362508985688,4.466341045237083,4.8149315054322654,5.984115898476662,7.689147152456209,8.800445629635332,9.320274823552488,9.393035305942854,9.113920307432133,8.79515693540585,8.768223358954332,9.133590019690056,10.132719587966747,11.832035120101908,13.650840763645336,14.716473835203912,14.738863620756446,13.877180357580492,12.526567521045786,11.130582387511568,10.135234475629158,9.564096592809626,9.247768734550485,9.159174488853045,9.418099555635594,9.912149737935648,10.389532560863703,10.59932593710785,10.356506396075558,9.825604068813254,9.455143674893668,9.031217608052401,8.351300955606623,7.3596392950175575,6.305918418985914,5.515592564744171,5.3208112935565435,5.694502160127333,6.650575230360544,8.12327670612235,9.808107939284644,11.25660702889826,12.301505151881477,12.66672354671425,12.557931535724306,12.446715568691502,12.497684515409453,12.169023787730119,11.470908547811144,10.825515849968172,10.837039151048748,11.574198634954861,12.453924997640206,12.675004697649841,11.84223169600945,10.457059698034875,9.275108725388373,8.457407729113696,8.036613211477308,8.052160978075449,8.528265981221145,9.356662695569385,10.313208431650748,11.208558508311468,11.791361805096079,12.028889743526316,11.85357412815951,11.093459403907572,9.86425210363301,8.392395888484694,7.1290551771970625,6.200472572348755,5.564725242961063,5.290143611615898,5.440062411698725,5.897217607880623,6.754861211004326,7.979017642361678,9.05837952924277,9.881466013356748,10.343725890621824,10.486139957415727,10.174452870148379,9.333718051833504,8.226825607155268,7.586776043693319,7.536928745436952,7.891917207318258,8.31060317773828,8.495748756522275,8.05019996837495,7.151497448066357,6.027116916099437,4.901290846429514,3.9688905201551794,3.32610332232495,2.944804473729743,2.7324334507354995,2.637805648361663,2.6471159429532745,2.7252906120505647,2.7988213597577762
2.695229597566826,2.736760854237135,2.7037612210145947,2.562457048580782,2.3327562570066296,2.160303804697131,2.182285994708358,2.5489306080623253,3.1736013366331055,4.067900731269279,5.523415706754317,7.686430269642451,9.640013032787133,10.448864481921753,9.855593819264142,8.236277882693207,6.582098351585215,5.4591451008469285,4.660661804966958,3.8787382369806855,3.0786562331913423,2.3944753143331075,1.9376315006999965,1.7619840529188426,1.8784218704248892,2.20244585360441,2.544463139891693,2.704859168799759,2.7084208111667962,2.7012716921046445,2.850943837637464,3.0355533055033774,3.2272089550128285,3.523979961328705,4.10277731031925,5.016142808190518,5.88260249912599,6.390339842444042,6.497924889353976,6.306765226273732,5.911952272959286,5.194961756213838,4.227738477477546,3.238932942767013,2.4493103587038103,2.1063723096954607,2.6699454542222187,3.471922095796568,4.132463889655771,4.786289688080022,5.482959249598586,6.159742020689922,6.792574787660661,7.450070063795606,8.16377952981952,8.865495165580219,9.493108310194158,9.997031070791612,10.19771940098495,9.770980349294529,8.52404612038344,6.544522099462488,4.370659759769873,2.566377977656013,1.5120870474764996,1.1379997641170982,1.0876481158565527,1.0618328277659856,0.9493249679182375,0.7323275383935676,0.4735396895227131,0.3444100335650088,0.39981159769989527,0.4975842475996138,0.5241979144603458,0.4905606507184242,0.44548020354608503,0.3802070849901337,0.2785431348111423,0.15558982261213253,0.09024345237241832,0.12214615101614242,0.2854326643800196,0.5790365841735644,0.8941927243820084,1.1505815427253314,1.3023907444763083,1.2522419608647797,1.0046445135709279,0.7512355201632964,0.7202051285944556,0.8579270512543596,1.0220569084662798,1.1577223518245252,1.221096952508974,1.15938777379396,1.0307608413594613,0.8642075674211771,0.6869619468684268,0.6270403789780349,0.6902977532453315,0.824366418828251,0.9660359564883084,1.0253365744784528,0.9636309425327149,0.8287456057092936,0.7153729512406489,0.6975310016745467,0.745851016122185,0.8613372949316388,1.0827892328321298,1.2610234339856532,1.2184861477917819,0.9684594294267367,0.6861468237161877,0.4549337316083333,0.28417253284299077,0.1620705704427383,0.10508556923780499,0.13706830608901968,0.20682255780202963,0.2565023484673678,0.25928391246190835,0.210951879599276,0.14146812800864536,0.12591597773817467,0.23667276621728975,0.4477146888011017,0.669577813959957,0.9282915507485813,1.4365620053124477,2.4346699641176697,3.701571675152687,4.906092922412104,5.939187042118076,6.5789954893294444,6.63768993673083,6.182668782503044,5.661641901807499,5.450000139817352,5.5980304980950075,5.971918887489424,6.460110874795455,6.937526151105775
1.6647932402769738,1.6291946985482022,1.6851034976400745,1.8170105699243668,1.999518172526617,2.196742273474644,2.3858412481619653,2.5257125398149003,2.625373528387378,2.7143929477686544,2.7490195866505704,2.636039505804177,2.500542679961511,2.4228414206471576,2.3523916201003234,2.3004279856277736,2.2569867727013277,2.255228859612954,2.3127612960884387,2.446810227337457,2.585507953003183,2.605657446860006,2.471912998715728,2.228003047980341,1.958517083840938,1.7749950988656555,1.6335746017615629,1.5408845015368742,1.9026129244266565,3.4830055109370712,6.392228796495783,9.864356660988145,13.146047150953576,16.018943807258854,18.477939173562035,20.33969664608632,21.296818815441814,21.283335559969082,20.24321680276034,18.085017881317736,15.100818904795068,11.944887850462438,9.143334354495764,6.750725013805924,4.693779273049349,3.0281298176973848,2.216068136204352,1.9527044311882527,1.7842805816867324,1.6191477490904784,1.5489409968549877,1.7561322178555139,2.455614580458558,3.8920476813730764,6.286924351675587,9.4907562265085,12.938073456512107,15.786768349113325,17.41718765863564,17.622302905494923,16.14891905657554,12.898065525914106,8.75658708638158,5.239473704685249,3.0363825984135624,1.9051386477250276,1.4939743825136544,1.4531729992451938,1.5415112733015686,1.5885677195696293,1.4951177969194263,1.400176338170688,1.4017580671719256,1.5088434138492788,1.6545566807588308,1.8789738960480935,2.120522196021216,2.194958131459203,2.0792152538985382,1.9200750275970826,1.9251768745873177,2.263962751244875,2.753986641323527,2.9769474659031565,2.718050193491001,2.2504487857473907,2.0178881025713404,2.1203517817359185,2.356198711795981,2.571334766122922,2.684144934760877,2.7083399383247126,2.605981543179566,2.4140260953951733,2.2917457947005713,2.292199688356029,2.2377026640824327,2.0058860192999632,1.8767356379953968,2.001373732886492,2.2771505181710103,2.4502096230289494,2.4782815330858954,2.509588205277534,2.644784393984868,2.7968282501374664,2.7029282037226605,2.265972228402356,1.8101410647590799,1.681577643208744,1.8176594094187883,2.038282782794671,2.2205622143955037,2.322039335542288,2.4084409135015363,2.555626128752265,2.8128987397392797,3.2161428431664407,3.908583348528708,4.476541564077173,4.270934924352513,3.561975640861116,2.799431442304788,2.3019460325148606,2.302330323181969,2.7893849900261074,3.354379965653953,3.6461971386610266,3.533157433680671,3.150813486890854,2.7737183048824083,2.6933547656628587,2.846671966136741,3.0231268900915182,3.0072170576240005,2.7078942145247424,2.3728402074400132,2.197276258742766,2.22876641351477,2.354294939361203,2.3492493900412907,2.160921218373434,1.863243669136071,1.6332840701190738
19.296422483775356,22.86179317014962,26.48126322600561,28.993505889269453,29.2868502387587,26.911787834785315,22.37090484386563,17.877275157158827,14.965785573873335,13.946852095593494,14.200000263511209,15.427717254233448,17.7747174452826,21.153154002726062,24.712572069308916,26.670936366393885,25.577240570241543,21.279548590326456,15.469312699725348,10.37336498602297,7.262410024339066,6.103733645734604,6.612203742123167,8.453739479635331,11.073917116948385,13.443715871235177,14.944964164136293,15.842948452778076,16.390258666405575,16.12965532265734,14.910290454686026,13.143498907483794,11.793237509726572,11.567396972131304,12.71051906321321,14.509716712487227,15.930414928420666,17.000854303773362,18.094079730098933,18.777142388285114,18.143192217810675,15.612474061414666,12.750404041726755,11.00776643607024,11.171064904338147,14.37320827672598,18.130430443884112,19.43294480645677,19.737108381321352,20.109114961620346,20.85471708805591,21.85771378336769,22.37122143914097,21.391744397744343,18.736801304249116,15.17082058344513,12.042391747973602,9.869635788355362,8.54860321207043,7.7602200593452695,7.276980057686451,6.953270345494054,6.541435373150375,5.8247660096841765,4.689135851503038,3.372492430860945,2.429174627439014,1.939165480299873,1.6630394524896694,1.4454118140770271,1.4923909498139623,2.169492028111137,3.1829772025497043,4.107118178345005,4.80317577898738,5.364664337314685,5.92307096150775,6.544646424788449,7.232608164116787,8.547959296797222,11.103312027343561,14.832835288589346,18.46951315365083,20.613053276443484,20.68878970359805,19.77618512924732,19.559428931469224,20.16465711055602,19.793292527754794,17.35638708319569,13.329946759597055,9.224915272883468,5.9865222612652405,3.8132420394408797,2.651848899014951,2.3888494836640217,2.716469331291309,3.2991669429159924,3.8947901475014333,4.437638479838513,4.927302623851483,5.272249897815578,5.401294852653737,5.310132594060953,5.057560575799116,4.79105063146448,4.69010113520389,5.126195308313541,6.353970704902164,8.23904082680129,10.63017587823015,13.760024746589032,17.51913336608981,20.905570577962138,22.48593313860046,22.075123259565945,20.892888123336416,20.662847645267643,21.78868554488706,23.089133485228626,22.53877991265726,21.061010301860524,19.95962751492567,19.680737289097067,20.207386274718004,20.248695743900633,18.667916646435316,15.340848175004632,11.710596191093687,8.481709373083477,5.749492820806023,3.651135830167764,2.783949334290267,2.7802150530751217,3.1449997110748185,3.9080903957105435,5.2694126820630265,7.143566312681948,9.219523878812439,11.231492210074231,12.957297010021996,14.190239141857106,14.850670483383773,15.21090264521407
8.097138694492452,8.242018355643552,8.27373450608411,8.10331957428523,7.74972728360202,7.3949293062572785,7.251102392561651,7.461476331937967,7.865739934125927,8.167637067544813,7.9837744675920375,7.197106833061226,6.5399878666806766,6.483367106630367,6.609328300546877,6.592525567059386,6.328084577166618,6.1645798265125675,6.477983404150422,7.253572830964937,8.20183816985203,9.105283432619558,10.082399574719538,11.632235671343311,14.200091932297575,17.394674114977704,19.981215709141384,20.49356363659778,18.165437185968095,14.247765391020694,11.112369616807849,9.62760724878941,9.102380768009848,8.609074225169085,7.583969904762491,6.164664294047092,4.799344817538719,3.7801427157581533,3.0949751448367433,3.039807388977575,3.923067820356927,5.935793623845165,8.613568786380052,11.358121011027505,14.088508447541317,17.448494912821882,20.275537504144793,20.624674362280896,19.879589517355758,18.852605388824248,18.042064856952766,17.79273366512743,17.562740467943975,16.38155286005213,13.905800264872674,10.857680554391997,8.234035341172463,6.483341799906849,5.618386411812016,5.384360551598346,5.359049102465466,5.0243532538501405,4.542775185662552,4.196273346900875,4.180591114108792,4.745142788440275,5.850552406996585,7.066126202209287,8.24928576997739,9.728597859897024,11.784823581625538,13.655679686136962,14.44376250601688,14.189341131029964,13.308767818693184,12.042712046955872,10.712877382884884,9.665310012711396,8.900848789692205,8.2741158501668,7.724227248675338,7.314509540274602,7.103742178943855,6.814025756363119,6.197596887218452,5.33781982084841,4.638590454444296,4.350770039372491,4.29307449339218,4.314190628039033,4.3613140619292325,4.567913912625295,5.195596434741921,6.398544676072468,8.163688944064505,10.269799884392945,12.100868277032946,12.886725718522257,12.654487022639138,11.971891412909068,11.240470925764816,10.447303264702475,9.747434291724902,9.240767668604489,8.992999126315253,8.846522822389332,8.331450241643944,7.153785778184449,5.891668952663014,5.104008452652916,4.740432172677083,4.59838113619927,4.71669461602177,5.152246232651251,5.97350556900975,7.104690186995881,8.263201237088095,9.060221147255353,9.598109346247103,9.736985107834668,9.596090469008079,9.270449324447773,8.820469777143712,8.561474260061173,8.81858734684318,9.40288138000536,9.850225475328344,9.90345252544273,9.596034476761997,8.935361296776145,8.001924763863776,6.915876761704266,6.025767041390229,5.583801672010334,5.369567023318576,5.303733791333619,5.301819328065978,5.354202490633252,5.567015766807514,6.11489446393809,7.111783599957794,8.48877175758979,9.886717761510058,11.047773343779449
3.6301576115719385,3.9965849410528222,4.440046794922612,4.803329477041751,5.019490366984455,5.1983404879904676,5.527720858490817,5.905974822792683,6.062194035549573,5.923597448292429,5.394338068659997,4.529025564814213,3.728469983534326,3.412514359763094,3.768660521436082,4.720030176738226,5.677741428279522,6.023178902169804,5.642579735961601,4.970737568981543,4.486815688302925,4.399842515054544,4.609037467824354,4.8120789286245715,4.856596308830109,4.434813626718166,3.673020852485021,2.9343469648568763,2.5771172276709424,2.5647844783332774,2.6934317811169346,2.8303430480827676,2.983685882463036,3.2017281045868535,3.45867590588878,3.841021106398854,4.3930748769895835,4.909920560514319,5.051723016655648,4.657077587923545,3.992925294070368,3.3255580003055223,2.7876139698516744,2.3506374704404274,1.9731647907542496,1.6627138337787801,1.396521475041814,1.14895163510363,1.0624211570076398,1.1543758815904075,1.3153959353983529,1.4925105022392309,1.7903035287813542,2.393009109632031,3.334437137536053,4.286579593993827,4.969769960976015,5.255304492571735,5.242800366248933,4.821763838271532,4.047083537371987,3.3460961964802536,3.019317852451605,2.842626766901887,2.461843344199757,1.9487391351473489,1.6296188336096573,1.5760818690066742,1.6831843921243443,1.9155653586165586,2.157845669425409,2.1051671604962054,1.7368560838739653,1.3195728610775987,1.0180148702464529,0.9081907871180964,1.010402657861955,1.252225012582041,1.450592746982144,1.4922101380483326,1.427456626372539,1.349039478719198,1.2738113190151332,1.3105172679231514,1.5958017775263607,1.9174902556715445,2.0185445379555165,1.8640554980038744,1.6272719289566533,1.398976235799358,1.1787698603316992,0.9490005639724232,0.7957072047457734,0.7461960224394293,0.7424490209272897,0.7895425874125371,0.9512774402558248,1.382603288507055,2.148039590630751,3.0391833599864193,3.9741579683865473,4.978107519675597,6.075794854566297,7.0237390048064725,7.586553817075966,7.674665946917352,7.287032623467469,6.543554598475709,5.757995041500183,5.162822673756415,4.770475281573844,4.554405882387893,4.812592022619961,5.873565869053286,7.572582075091575,9.297777266431478,10.555070148294158,11.173885944302294,11.26135114980503,10.37731450453169,8.956348257250172,8.034908785187191,7.463747741149333,7.2515683624762595,7.307310993820223,7.771096212014746,8.563702597712336,9.553910562643672,10.407883219966477,11.080029111600938,11.425896776240512,11.10046902258067,9.531108984805751,7.442731459214315,5.676057044178262,4.603664424278158,4.171007796987022,4.03238424098119,3.851181598761342,3.521011507731934,3.094767125711648,2.6868571454378123,2.4430189594995246,2.342999658534942
8.168808473608046,8.12751684029523,8.57940464170193,9.946607707999636,12.288835326427664,14.924901165670775,16.4024991395827,15.835841148272412,13.866841269825624,11.79584245407965,10.643058650252328,11.032401209486476,11.96575858583351,12.252987954706267,11.745758446971196,10.48872147688313,8.664112621330833,6.610855643907461,5.076946920372776,4.587991310082658,5.010057438689049,5.81896944526192,6.461226591450382,6.55833671422702,6.382423531359753,6.5174221015243665,7.176366092796323,8.408278907478506,10.107946532328352,11.851892413283888,13.31821606901695,14.538371174142018,15.505771932846615,16.17789368030412,16.704300745105648,17.503677594140324,18.708962724568103,20.199618260617665,21.931997008402366,24.020104825511662,26.337608871763894,27.825502147969353,26.883998007399818,23.06222692047128,17.68338930423903,12.794357972710992,9.280610477325487,7.132040151209401,6.182297471285443,6.289363838663969,7.191820522846967,8.551193001684148,9.942904368905324,11.28248970218077,12.94220253442367,15.516860017593304,18.480286725112038,19.89274863292839,19.94531646430108,19.262904819962294,17.888628703512925,16.022430316079497,14.23685235360707,12.720118231585836,11.468918815734959,10.35106732820538,9.09998039657429,7.79514658294243,6.706095264169807,5.989639016886799,5.83850380022471,6.472294689012079,7.353389715904693,8.007654643696098,8.580398632289953,9.186811280552927,9.892700928704107,11.01332532220771,12.592086385751657,13.75335525361097,13.641520161689526,12.443659778904994,10.773640407390435,9.224649803384098,8.268580905659347,7.930751087841867,7.866424352568249,7.905568686586428,7.818781619261906,7.33917832862252,6.579381180835926,6.042083719809788,5.9106945848402015,6.058817738668599,6.58509659353645,7.789343966153171,9.88999724955434,12.56241413783774,14.615671710869766,15.41575370516217,15.159119762815354,14.18052275764714,12.734188281912965,10.610362655093436,7.976188484758366,5.647227246775344,4.321260280877724,4.025271962407768,4.434949388728156,5.336966737922806,6.233166204766838,6.983745355440752,7.5871242919162345,8.022777344021534,8.396505463510916,9.164037941433795,10.546294908654934,12.087777627219348,13.393951756262878,14.291475245929416,14.591723391428198,14.171236166153902,13.139738289976414,11.876564256669887,10.983306371140808,11.044737361566519,12.26270522487703,13.854047438725614,14.247899256615081,12.968878873302309,10.753597508177046,8.796977707696612,7.6405244644817225,7.238884479266122,7.600887273804472,8.374184559109434,9.416336660063523,10.8545658664416,12.433667260024976,13.300413515451508,13.604164358372051,13.705885846774311,13.72683818925043,13.612201156765867
2.505507063738773,2.5788334090394063,2.5973978411908005,2.5733529680289706,2.5252210838192206,2.520477304955397,2.636387753057142,2.881267118256267,3.11065852768303,3.1638980244232244,2.871464676856557,2.0591788186988977,1.2027874002682593,0.7045574872897042,0.4783382829043861,0.48705393028584976,0.7040116575438776,1.0566544991339741,1.3744807285083709,1.5313691691765436,1.5539696140002512,1.5106215858457719,1.4663691911284906,1.4246367450572623,1.3800438182274413,1.3763319740911144,1.469081507666563,1.7162637785902584,1.978505992554911,2.1661451475570126,2.3627418716218247,2.603635208117549,2.7892562322845302,2.8187826488228467,2.627252879387352,2.341407540479879,2.1613021725197368,2.17970705663944,2.3831757754218197,2.600117240221883,2.598554855182853,2.354479894537412,2.0816842814455585,1.9820278151766464,2.0299562645227205,2.1920758981279196,2.4143651151373104,2.546972853678107,2.481298161106874,2.164701046038705,1.717895380190057,1.473760580575218,1.4863997214859561,1.588894811807902,1.6319763744908555,1.5873615318081746,1.4488303311075952,1.5456668933170026,1.6726935680986004,1.7870114902935685,2.0027893156613654,2.2907195087866983,2.4803028482653096,2.464233669756928,2.304204511732271,2.1328508805329176,2.1169689767628714,2.275752731323355,2.504248923790052,2.746828309190185,2.9876777721840653,3.0356409031846234,2.7856971416389484,2.527043530301377,2.3803631661129256,2.2665348647478094,2.1154060497936737,1.946904521926462,1.8555741507510104,1.838275416172751,1.7615381501133989,1.5620753184587175,1.273911567785562,0.9897088753183477,0.9858153258750018,1.2331635441750086,1.4594290833107997,1.5945080706430919,1.705865939428662,1.8293059082187404,1.859910509364752,1.7250822133453731,1.6916770855852623,1.8685071267551772,2.1372404780406935,2.350804440787907,2.5283146682653657,2.778459925528572,3.1983526785225513,3.606663918224049,3.684818479288238,3.451437224075073,3.2943550516768356,3.3169053606849035,3.155750304175513,2.5812607510893835,1.948453566417178,1.6859961423717296,1.9239468332608864,2.5570472767453776,3.1065952665465297,3.2074323195897834,3.00556319227509,2.8717774681482027,2.9840368380779174,3.2045135798371915,3.0992762558030047,2.690248273277462,2.3423379249945375,2.220442600051995,2.343401832996518,2.6294907768688085,2.9058735737500787,2.907778449099874,2.5555703210087843,2.0286567632179473,1.5932783898924412,1.3239077508218133,1.245618259224184,1.3388167482766649,1.451674970053156,1.501904274448793,1.4966831189948377,1.4951922893188592,1.5114826929031226,1.5217568070283045,1.5205816823936968,1.6505918157547077,1.9920633855113699,2.3080145010120563,2.514521864431016,2.5951531915197674,2.553490857109142,2.405068004706206
0.007277680454560795,0.027474592219015017,0.07373009176882359,0.13286072307041696,0.15955779733399061,0.14982156238981947,0.1595603018129078,0.2331416595667829,0.33077478119558246,0.4012760557768409,0.4365877706707138,0.4708940710433491,0.4891406453140392,0.4570893015017064,0.4159178719737771,0.4016248116007699,0.41592589034434596,0.4498322252662911,0.4785130766452443,0.4572241419390984,0.379206345277626,0.3002170973818918,0.23987958725124997,0.17595005424796586,0.08924339888357034,0.03645976223043042,0.03566155298096677,0.08020666786370938,0.15332231237097807,0.2072937466353229,0.1952696155083258,0.12803098977484478,0.05607442553812638,0.01645135197837826,0.003250110358594558,0.0004496740159615674,4.600877701767523e-05,3.3924320922573835e-06,3.992562905264402e-06,5.1169556204632025e-05,0.0004898108799298507,0.003609696087701515,0.018453861416307737,0.06364246840969752,0.14753903721487985,0.23734072863575165,0.28559865045795624,0.2617418066833437,0.19152670110287756,0.1272322992720644,0.12788759897509477,0.20114310585823234,0.3113927308294686,0.44482377426399833,0.5863045585763559,0.7147722018537249,0.7397935081423195,0.6455310753101442,0.5303245432140725,0.3893194549398126,0.29600695730575216,0.28713908230614305,0.3131699241890948,0.2861389344234754,0.18196839511317395,0.0891480269318882,0.06426307172804695,0.08282365317595887,0.11417602570745101,0.14158740231982228,0.1443250014336095,0.10460665969323714,0.03597762786845485,0.006313657764088343,0.0007588113607491074,6.977688296176485e-05,5.621633454970867e-06,5.246026517718847e-07,3.989050215332721e-06,5.35389591342079e-05,0.0004994999642348995,0.0038567992555562287,0.025013637540527718,0.11889988612065153,0.31198890918250294,0.41962079763043386,0.41012986560862497,0.3530989222379254,0.2870009760675586,0.21378718814077965,0.13941350573424835,0.10698620642805062,0.18091570473453508,0.3439059895222441,0.49351403925934484,0.5342513735627971,0.43495562435836016,0.24738784144113962,0.09797450796099108,0.03027214322676013,0.024441391576545443,0.06200623475465671,0.1272344737493171,0.1757723000849932,0.17577090367040973,0.1350668668662554,0.11730439882572367,0.16134791971567988,0.2597955689547248,0.3039044723683013,0.23395960309311722,0.10547709191668617,0.033392621311170975,0.007976614791370107,0.0014090952464006039,0.00016054685334573147,2.3559209000027648e-05,0.0001495253092901769,0.001316806102396782,0.008787836752013407,0.0445382091388882,0.1699149976177652,0.4847148465668511,1.0089324820343752,1.5181635855740692,1.5866031565555023,1.134665748423445,0.5510130678290849,0.2478017945940953,0.20944045980701093,0.28380937348274365,0.3471938113140653,0.35777728142333654,0.3363066940182999,0.3069128246130831,0.28293009153294757,0.2825667754791922,0.378110070281319,0.588431269066917,0.7606170525727746,0.8533197205937714,0.9044566859036667,0.9725680831320437,1.0616243188359313
2.3126418799929067,2.1097087882177883,1.9014290474931956,1.7243065911786652,1.636389170486446,1.659225611651426,1.775669710343937,1.8868507155782612,1.940412504296837,2.0627600270168727,2.5571474323470897,3.5769969037962257,4.625570202195431,5.335904814494095,5.790869298638883,6.200426204385547,6.95965742655913,8.142973091669361,9.183317285145929,9.625629630086479,9.544606911886653,9.059995597682493,8.454607912225935,7.8557592944884425,7.163933530915762,6.351484077222283,5.442891894086868,4.580151255539439,3.7171153092733444,3.0590408769970887,2.5941512285686334,2.2736794835562666,1.9479987005651667,1.5937387387942257,1.313170374685901,1.1497299756101351,1.0690924475275503,1.019104429538975,1.024669262046468,1.085769286788099,1.2044458861898002,1.52721955544397,2.2806051173373216,3.5064755821658635,4.8965576061580816,6.127366343492222,7.153936411256173,7.962574387765651,8.71439915697899,9.397167159409301,9.961644076899644,10.431604436676166,10.548067579387915,10.336406581446868,10.03909185125797,9.850051354181819,9.706472896828965,9.2245976675128,8.209322305543816,6.707843636691958,5.038925374452199,3.6987578059549984,2.9275343422873643,2.4367514027903194,1.9785889100577745,1.6327558887457732,1.4456180939520744,1.3641991961035125,1.3271891880799938,1.3153781190274496,1.2156992619526932,1.0516327671382026,0.9429203198238382,0.9521746911578576,0.9499633811452809,0.8781246352479162,0.7063859208678062,0.4723139988968431,0.29590938106338505,0.25894703238737776,0.3266024021799793,0.4991016541751013,1.0500239551222548,2.7122722090146683,5.121057489314966,6.309729935737658,6.752131013649443,7.19014182000885,7.720731446773728,8.202734565254934,8.690354463673456,9.282906173342903,9.701004537590775,9.75353722650525,9.506620321987478,8.967171008386945,7.859773138945376,6.2257275281959545,4.694866225132118,3.6401688389095903,2.986320748096261,2.5198500881368946,2.1392751704948023,1.8083274471344006,1.5029137815467408,1.2364547082728978,1.0297764801084601,0.9547617391203466,1.0672279499162654,1.2305003998092674,1.296301065082219,1.113034327988339,0.8213413813508542,0.514960789181223,0.2593828971798811,0.09946485021888897,0.05930065533615048,0.11054828972656609,0.23650241015414744,0.48546899625993817,0.9615008903636449,1.789594313401764,3.009043264230502,4.382155664754067,5.433233350536965,5.905847471595782,5.970905289247697,6.294295014309279,7.133161869720764,7.99415535711155,8.424550158174915,8.493950541398053,8.401911581581707,8.311100800104882,8.135314036027554,7.973323586738112,8.151454958185129,8.868813639873792,9.125843305810438,8.837912026215475,8.563570620530426,8.43245433190906,8.375132512411913,8.370308640118347
4.209814090186947,4.216297157071019,3.9588003413387676,3.6565841164640394,3.6156994427465867,4.033646348806433,4.878901650413918,5.811391732543642,6.588622450359126,7.354020068721387,8.747328925393528,11.4314257390061,14.458059656166073,16.542813321974897,17.426334106873018,16.949681827098996,15.041666617770593,12.400238542937549,9.70429542387454,7.54636028266748,6.104126995824665,5.274284770930989,5.088527769096067,5.74414232637065,7.093073375871021,8.34179308450069,8.760004013505396,8.498444714579172,8.162537689223463,8.30667609087471,9.203580556269797,10.883518027321218,13.259885699623972,15.440913321350989,16.21816920260027,15.660864761289188,14.516780568165046,13.673758392552553,13.243427438002021,12.951274631286468,12.231627744027483,10.904963078309246,9.182049354817016,7.490539475252495,6.1508246318830455,5.340285254524082,5.2278314788978015,6.076788144278203,7.826516383538092,9.86565915527365,11.572271311770288,12.91107031842412,14.204463413612972,15.678524672583613,17.30526364380728,18.587277008791865,18.322075310241708,16.339130492035412,13.528356888651057,10.56763292964842,7.788615266821818,5.443462706509911,3.747803974653363,2.581472475749516,1.7430330928875954,1.072811064262863,0.5590475442667521,0.25987625719746227,0.11583041940232558,0.05042726827140425,0.023132125419548438,0.039417649742362476,0.14020554552427525,0.3129825095360332,0.5226310452975725,0.7070747371353474,0.8068610364909432,0.8607782156203854,1.0511877966406102,1.4370669531574667,1.8699376031083432,2.2178850317178784,2.3770000037508607,2.0980383714283897,1.2922102495237593,0.8705059124503373,0.8832380794308462,1.2516910058706157,1.8643120346000417,2.4280180194595196,2.6585499629278204,2.7626065220006817,3.256171626267749,4.060673501826615,4.913132654740532,5.720494586615043,6.421441837566315,6.455457256762353,5.860087193604353,5.033616912615668,4.320246987042934,3.8697873918689667,3.6943303865243355,3.6584370874961727,3.5073354793567844,3.1822105810243273,2.765060067791833,2.2924825878708806,1.9101904306022695,1.9450505611297904,2.430181073870408,2.9539166442702998,3.307464649661062,3.535585790511276,3.6387220722143008,3.5307954806363773,3.2877857087270743,3.0809968176626343,2.925679174126754,2.76056539919522,2.6078378383785306,2.57901420298059,2.733566817692427,2.997399038062892,3.3836033900678424,4.0019860319640355,4.759318838244635,5.365742584145994,5.70432058345724,5.885068132129057,6.177499102056513,6.774102245771427,7.677312258593515,8.721800675898441,9.634500081641338,10.486017787191729,11.554129518670708,13.222113973938976,14.560972760376838,13.993597600603806,12.466783192499257,11.013225448820371,10.065302276726744,9.649777853277763
4.283476914050172,4.141997918200767,4.127023440141095,4.195533788242802,4.205126989881346,4.121596155701948,4.049507565110276,4.161085811456212,4.518095850775887,5.109912631889847,5.7580327563888964,6.081939503189092,5.9477028784525015,5.679441469221939,5.394941296040054,4.991923977580874,4.509426638643519,4.078970696578004,3.7570713122354844,3.5421341004261278,3.2974286332359553,3.0309955656795777,2.9379716701380345,3.0571595467115165,3.2968690277601893,3.6493458597187116,4.042657965168319,4.509627232766057,5.095044296758191,5.8357014309114605,6.40139150235081,6.38841741146568,5.705879658379714,4.7129931203619995,3.7569150219779877,3.0920232770356137,2.922384487224121,3.304082119301339,4.01696011307157,4.82892508929539,5.567537487418571,6.0705617386662585,6.367036055503925,6.61358355000908,6.807396993172882,6.854984054699775,6.783570796199903,6.729074530561803,6.679305768221461,6.4619394329244555,6.138709744613017,5.902965222364385,5.9480005932802,6.379355505738659,7.012310990157763,7.429460868997128,7.2525220997866935,6.627255222713304,6.037351186451717,5.599427203051396,5.073487859610363,4.417709335547551,3.8115816212775315,3.4563700147175895,3.402924705139408,3.5936717497640336,3.7508187174411987,3.724640541486599,3.633850547246965,3.6154181431153134,3.67964043431395,3.8254375168879506,4.060445757537794,4.479831415031443,5.4503993553047465,7.598711997703786,9.536052035937916,9.97458013308132,9.6272336158724,8.723210826733311,7.525922977793094,6.3487615188190345,5.442737376628974,4.803832547968602,4.42621310019492,4.252511777409906,4.140498465298387,3.92243258986275,3.509611903668803,3.2235816474068626,3.0918055931610677,2.9918932940687397,2.8786887846600457,2.827582893444673,2.8747400412447517,2.9379615437642133,2.922201895988553,2.9088342577974884,3.0393295655049815,3.3567806172828996,3.8427330386866183,4.460199751775668,5.219951995372133,5.952207950517074,6.295166747829669,5.9223690216640925,4.958145952484358,3.95852880082158,3.3181218921403373,3.086881746111417,3.10699015206566,3.288797391376275,3.5536595167061904,3.8310513000084105,4.1303584181740245,4.578676895601726,5.118547170201529,5.465299682870567,5.424240066904025,5.078047952371616,4.61504934033138,4.226132610369108,4.226894311514246,5.06619955863019,5.973115789450724,6.374359019105355,6.3914630408127175,6.223801431109376,6.148856777313609,6.295380786845085,6.513012516499659,6.493988384751518,6.328619027493542,6.218348593151814,6.196858564125164,5.932839837311036,5.068035014239536,3.869461778396103,2.903612794308642,2.5006607855630394,2.7092185558102853,3.2185545208990276,3.6736777492674966,3.9618629326275654
1.0620467950497003,1.3724255224827755,1.7247207596289627,2.1183033590914704,2.5411839711977087,2.9494702403034485,3.2043020164650406,3.2682892121792277,3.1487017749265194,2.8074164644614905,2.198018961584285,1.7605023340487527,1.704772173362532,1.8620123107058806,2.1897996514022364,2.535943860924813,2.666126878253631,2.5981320696055445,2.594655249201,2.7282039558063467,2.800261696697942,2.673011132474271,2.3913510450475433,2.153217372441304,1.9218055843496422,1.5608363561453085,1.0756707866048516,0.6498973479814412,0.4475536893895501,0.38247816608827534,0.3128509846797594,0.22113276467450324,0.2028727003204361,0.35863668140336313,0.7086031370216421,1.1187305662658242,1.3602435688984789,1.3674496231069306,1.2880864405322772,1.322134092471413,1.463966485508483,1.550505529868346,1.4693317725147412,1.190179731016478,0.8129117319051771,0.4935091921066094,0.3055490533464101,0.4250950717792773,0.9165884671361066,1.246243552992719,1.4374851455024515,1.5697743264197888,1.650635993347861,1.6827890936953644,1.7334367084406583,1.8721675236171051,2.0160625551257594,2.0996877137629038,2.121515456514695,2.171247048692019,2.1602295275729815,2.0975567232885606,2.028630249774255,1.9336370008432155,1.806703405625575,1.7351846461605092,1.7467950782774608,1.8514500239905332,1.9818361040938854,2.0710606471814605,2.0034990011009333,1.807091175283033,1.5643000008140595,1.4177083728164792,1.5830389663914592,2.259672124980891,2.4899575726183802,2.2378089929806193,1.9554808225185336,1.7386698149766293,1.5362986627119082,1.3527290989875076,1.3264189774044897,1.5210159323106114,1.8621768849064602,2.2078653223109117,2.4803144773836934,2.702493373690163,2.8394977190901023,2.9993745952510102,3.2437284594153546,3.376239435443704,3.230647208012658,2.7348261631383317,2.111709450995352,1.6580285942872586,1.4136192437598116,1.361663984117535,1.5784392998252046,2.0597602570782314,2.576199791174183,2.8401150126290915,2.85219775705438,2.6174874107290487,2.117685303675721,1.4206408728308233,0.8193644504097538,0.47748519707300174,0.38537651946134693,0.48700598001212264,0.7589733237228938,1.0375158743541684,1.075014824372446,1.0543541980967406,1.0840875125223461,1.2044147495260877,1.4049502586949154,1.5908464352121325,1.7915848761644617,1.9990593559771832,2.15140535806097,2.2992313554644217,2.7302267086956187,3.7761766702425392,4.601686268119783,4.809897738023578,4.52363144922543,3.861901298516284,3.034109398510041,2.3422219551299994,1.9654430920287145,1.8021489876139356,1.69106314247905,1.5620369578718714,1.478238075496859,1.5523705257313645,1.8264517731435241,2.16852858764333,2.4458500010681377,2.6801276623201007,2.863896603254495,2.8451883887266893,2.5675279658133605,2.13965612240441
15.169423027988852,15.471155936909264,16.0134733756284,17.204504773675346,19.350134817971803,22.40273523104677,25.506654812499896,27.555398694128304,27.858234856209386,25.43083235380374,19.800620900279473,15.166789936144472,13.080279314479862,11.666046789632066,10.325194541153603,9.279001968128975,8.69485624204647,8.441030080558914,8.200596369313361,7.8640065514324515,7.740528036764407,8.319567007446313,9.320718809607836,10.30502528830625,11.212873313386794,12.050601337232694,12.843584647874493,13.80738702127365,14.925941794587251,15.598385626543566,15.326097197989991,14.423034406628682,13.866517145659497,14.133058440161486,14.866709713067564,15.350397689270224,15.662039763786746,16.19951029108829,17.216531512250377,18.781445828004426,20.69323229945129,22.508691948567154,24.1814921459832,26.22015798921357,29.029683091380114,32.23625686428085,34.303567137796065,32.23814300690719,24.33132899953879,18.907033470516044,16.116262991824275,13.827765044783083,11.892195970056594,10.616335218980847,10.01419437937264,9.685276058223579,9.494450934888722,9.72619816951128,10.57589828402388,11.812933356681892,13.212042985601176,14.765460165801244,15.911051669663951,15.879927738521701,14.344694735281985,11.83075728564523,9.37540641251624,7.982837623540229,7.373064911967349,6.87830446813526,6.154037921835886,5.458080174413562,5.012546173497297,4.896876028374875,5.144906855880079,5.92348017207092,6.863462245603927,7.699623156301773,8.551771190265818,9.497092394782246,10.659114078827715,12.02608708451266,13.100238059554211,13.240943247265193,12.4076181853713,11.0085407258334,9.457082148139778,7.574876110224996,5.662957860400787,5.248116638829769,5.82859242872967,6.380023537934882,6.508586839672523,6.322981501581453,6.2263524658140375,6.234313036845352,6.215777993722552,6.267780411744108,6.893890478152315,8.26712841862221,9.7926102209581,10.76509187577813,10.981278503156075,10.456121205625221,9.226483554318317,7.368558005426365,5.683755679800106,4.786186567280659,4.539161124422732,4.489441271835327,4.048929113194783,3.03559591916813,2.4269955390381566,2.3908970781684693,2.7992628659660115,3.6353288394432752,4.7826701308459665,6.087158760599291,7.5989814823675275,9.394524028136868,11.414136793600461,13.42332410006112,15.067306332757292,15.707135702973625,15.534764054545159,15.291173865718932,14.93374979334261,14.408461169453222,13.664049968859212,12.97538264690849,12.638543708134968,12.166797752737114,10.972230696767527,9.010756627554468,6.884641694542434,5.306194588897672,4.800024183044502,5.389015170741005,6.452082648656327,7.5274984357194255,8.209703263303675,8.353559679529798,8.125434985651486,7.814242228185924
2.6310069019332154,2.724790537945215,2.6622250555879075,2.475231212880863,2.303740683445743,2.258707954713622,2.307252227555459,2.405665836911232,2.4523712521868983,2.28962009848098,1.937129496326656,1.6756550831121697,1.5962550429892477,1.5817812889696428,1.5968199768522986,1.5916990617739157,1.613449326047745,1.723929520654739,1.8350141353694784,1.7920122908487208,1.6078240512194146,1.5156638903017974,1.6110501019700023,1.8035240507252186,1.937816172729261,1.9180348576766746,1.7678887521036362,1.7229176354577294,1.9957094738012173,2.5911720228824064,3.162653085644547,3.453437427091887,3.4523255022523616,3.3671528919932854,3.2819345091349086,3.1526746598149775,3.071547386312671,3.1029798187195703,3.293762646210569,3.4812265439791275,3.6045499797517864,3.7808903980197464,4.029545442233005,4.09331620883675,3.8470529263515774,3.4064770225569263,2.9790758088369325,2.8033363286842286,2.9589064783089496,2.9784501271337076,2.731697549324659,2.3603651695531314,1.936048918352037,1.545688507566887,1.2871596478828133,1.1855320257327173,1.1500925273997231,1.0638473429735629,1.0058182657360104,1.0712273297489616,1.2834620174584563,1.5588061112487068,1.8152998193475856,1.9939036113739639,2.2139770677389383,2.458414532790216,2.6772875281954858,2.7525409942590917,2.6900589856687884,2.5616420376718603,2.465549470746493,2.4064054043710326,2.3618417749531195,2.307267337579886,2.215383612051302,2.295848144332593,2.847513111201106,3.6236333557863984,4.254050941571293,4.5329164545923515,4.388147514646206,4.001824979602632,3.6185004847331244,3.327763495150889,3.232735209209877,3.3906667357887237,3.6676244935964086,3.570392071942792,2.5612493324529257,1.6898527631835392,1.472672916470596,1.5170914471349988,1.5907937587578291,1.6949613713347322,1.879306277439523,2.111722757470296,2.3846438498195264,2.740724996466637,3.170617692568073,3.488325297429639,3.5138937508147485,3.2857283694538397,3.144194086196181,3.177530123891644,3.325356617683371,3.3494579747972666,3.164753723704478,2.917158475938667,2.758780723447282,2.6487293182667253,2.51284199605217,2.2180712975572003,2.0667469727105243,2.1268277060620795,2.318002598559943,2.57239458595136,2.7605376554235366,2.7998047889278928,2.640319819718699,2.384924063013238,2.205687123657705,2.1539000591978725,2.2451524923646238,2.3794095772946426,2.315679392551686,2.1742496316373856,2.123754691085917,2.070681961000211,1.8384262633902666,1.4124307453064262,1.1261308221569495,1.1187596326426017,1.2592599766080539,1.4048093812381073,1.5253168451238306,1.6106968290527868,1.6461858713538817,1.6510658882081095,1.6572420768259057,1.6093940656443624,1.5463008643920826,1.5775055435592962,1.7030061350218115,1.8996932063201935
34.49554988883526,29.696390988764353,24.143603506844464,18.762229381500752,14.488748492501447,11.251983955202501,8.812420015727998,7.268798407326654,6.976058588669977,9.02707944014423,14.462759095655954,19.659360780214985,22.205984263396093,22.901387130509875,22.26761943566411,20.804617679028944,19.444777125213967,19.344957304282165,21.358330312503444,25.779979015712872,32.98738633674965,40.88192212500041,44.626224885636745,43.513291687289225,39.06422799570025,32.713590745903154,26.027971986707136,21.036378543287903,19.28204548513154,21.09575281324579,26.300787716044614,33.281429898505756,39.24605901121842,42.124078863835045,41.62841020827457,38.70241873420873,34.41487698804677,29.397853424558843,24.018872787551963,18.775566199013902,14.043933428216045,9.963128058206376,6.864747112780184,5.178212628224925,4.821281977619396,5.2639962185854134,6.329402371528728,9.45997313591447,15.342841734129896,19.264609598595804,21.696488112548412,24.043220939125934,26.209161595900856,27.437601261056198,27.24673870698287,25.851782944909548,24.3799521664987,24.296079026834203,27.075214847498593,32.26902372236527,37.17580156345378,39.60783308138531,38.758496477625776,35.20700319075793,30.956664079313118,27.94624437429427,26.51642191853959,26.308835189451305,27.416752200988775,30.112402457254973,33.72771279421556,37.094248114885616,39.58665790971482,41.12393435151282,41.15219016333367,37.913468237386084,32.70395823379938,27.99187081481271,23.192296199574578,18.13523402366601,13.458372322546603,10.102054465758943,8.881620089938798,10.12295508629284,13.322946007510911,17.478339252087416,22.451536557020063,30.28510906070173,42.127487639798424,50.25101315122485,52.282452384994386,51.58818360887417,49.036723148291195,45.12375913454339,41.50183017765131,39.722460252481675,39.44894027545806,39.28613604437471,37.22787466452666,32.1379741128287,25.446968627298567,19.70618296755317,15.87292517470737,14.056670782321891,14.686304630203171,18.14402946042941,23.08895108448132,27.31093833962248,30.002769370431146,31.44098585098535,32.06727274013723,31.530257963549694,29.98708187207531,27.88114893389537,25.036568633264658,21.329285342471884,17.069433835951646,13.130150100400247,10.388896931409164,9.111630242527685,9.149200526027744,10.195843767949807,12.911819263263691,18.19648314038542,22.8406511877796,25.205395200961085,26.799414983291683,28.309605754991924,29.742525300144745,30.565561030704828,30.242293390020002,29.009728322940127,27.39941779934828,25.85120643829934,24.139645025222375,22.057061174131928,19.796332724466797,17.690488210293434,15.705628445032787,13.271104578959173,10.42731022654031,8.015945902481379,6.489912912960925,5.7067326650488
4.310422364620267,4.164694760445778,4.044844894291114,3.9755772589134217,3.9642115606040376,4.071039145009199,4.334461932369396,4.63409267794143,4.932200045344876,5.366806494279349,6.150193128103496,6.882578520047661,7.3910667011645845,7.982967251681305,8.824443735762843,9.731617774862592,10.020812311552907,9.453408474668766,8.421542321800777,7.534589791158257,6.990931647278023,6.460869919186344,5.784116774603137,5.208489041709614,4.872162361755047,4.7516816582102415,4.799319261875658,5.101579383784159,5.714281580802084,6.597798526828944,7.389305324409209,7.883127983595031,8.217961023378539,8.59198549248026,9.055884903342093,9.521734878842764,10.016826974575485,10.675064097910164,11.314481452244273,11.666329005019602,11.659276107289685,11.595997731357222,11.644891605389411,11.59026674881402,11.047060205636487,10.093518716181649,8.866781335430066,7.784155362725981,7.783942972165271,8.191084939174186,8.396800311027892,8.483531886972564,8.443467854433583,8.317976114087003,8.310005190484791,8.704536903660408,9.806984743219365,11.816419042606926,14.316345809177545,16.35221126222712,17.51734899852578,18.05560095024618,17.937618734323877,16.825852023043346,14.642450872117442,11.691423940222318,8.570027039872356,5.838700710283421,3.863411677446989,2.8040720960066636,2.4303152990310872,2.3610181102454315,2.393993404343491,2.4879323365644486,2.715621975725063,3.2257047407182817,3.5908534106087275,3.7463039017259008,3.8529673333289685,3.988728720518521,4.011809804164047,3.8218793331436323,3.319107110892573,2.6559841378941837,2.0605323004475444,1.7009015575688504,1.5326497958963061,1.4521940886324303,1.451891297103185,1.5635611799278741,1.754198219239497,2.029098492356502,2.501137009837918,3.2313533963047028,4.116695274304446,4.9909133653112985,5.702891840617587,6.080810980105767,5.962812603595502,5.424294280689333,4.922825480418661,4.605633228505697,4.151513302302471,3.4588796020013874,2.745508371551616,2.224438892407175,1.8837264095438964,1.635420283393558,1.4053998000757877,1.1946117495096087,1.0693584302677999,1.1886727062476217,1.475219019695586,1.8280904643980278,2.242287317752549,2.6672385602383377,3.0076409910229898,3.2302970704709617,3.291027517856128,3.219396612856572,3.1622883515043716,3.15683317395224,3.3091538213603635,3.845097047050416,4.363776311797829,4.407940623470664,4.320572523457569,4.331131927660531,4.4904981733402405,4.713167260865777,4.896194270788604,5.07194147637285,5.234126443761676,5.496352825995311,6.00898613501286,6.726439051614472,7.246376168851903,7.429038073193027,7.449760869802522,7.233192959534074,6.799978426186726,6.2444186083287345,5.79834630475188,5.549933260157806
1.7220716205156166,1.7704082617403496,1.881233422352078,2.0217822652782895,2.1091454289027047,2.077573403877901,1.9603455858973682,1.8375578367921659,1.7366194141834868,1.561048517748404,1.2281770222313741,1.0887936644569116,1.1560760457058683,1.2432574161386856,1.211454428264797,1.0546527491988311,0.8354339199029914,0.6869116492320743,0.669334166867112,0.8199326738593907,1.1177865484414953,1.5267506365219754,1.8232737500093392,1.9210228646771164,1.9217247096596182,1.872834902684237,1.7253069218033819,1.4999775952800296,1.3645122472152584,1.3250103352502545,1.2752848529045289,1.1855322239090311,1.1455376378743614,1.2053245103639618,1.4124064330378365,1.760092495433907,2.2083157133459648,2.5641419795194644,2.52246891815958,2.1471167694749127,1.8371947195217104,1.9494297735379855,2.396023120653804,2.9506297318907184,3.382062893053869,3.6675135738481344,3.9066025699864815,3.976157334937178,3.799961065664287,3.715960148470748,3.7222480095336223,3.6824294086417977,3.616347687167882,3.496686284482011,3.328371541320904,3.157893340484235,3.0880406574439894,3.045456432944183,2.8847152786766745,2.630823645015764,2.3944223403541427,2.2284114604345175,2.090798340839688,2.154444884872352,2.629346323615553,3.4148104105432955,4.190416875942935,4.562420359319216,4.509965400169699,4.304745331220227,4.042916413509974,3.773362421158329,3.506173941334577,3.3210108024346647,3.304938206032431,3.5811011869527016,3.8341192150079935,3.887666593695802,3.815625045618522,3.7149398260063906,3.6666500426667796,3.7776513856042633,4.175756899613424,4.6939705087439645,5.050990610680906,5.130158642630559,4.981964788378397,4.79417378971779,4.947305932035876,5.18834154439244,4.999933412100448,4.448029452717259,3.7227198565329496,3.0921545824934538,2.729239326062182,2.603235326114109,2.6105533554259783,2.714391286442723,2.889348230798952,3.001365533823923,2.9736079963287545,3.021558841624458,3.358628376857218,3.8808883272033747,4.367714324799742,4.794144138806614,5.120412848429244,5.302036152631905,5.31526593267069,5.257775650543482,5.385409800256975,5.764696760762526,6.0116335904645615,6.046772807297602,5.913126483051866,5.63754329631959,5.217491384726201,4.6510552284410505,4.064378874645049,3.6640865060711336,3.5572181918869994,3.6349159281845886,3.8505745857230615,4.069142621734424,3.882560029707983,3.5291696586466075,3.2949784500103134,3.2750918169891774,3.5043509921836873,4.166368800058815,5.214981344325703,6.218201413648467,6.836602605062312,6.976468483401048,6.57901745173494,5.7325315627191955,4.783885982707536,4.018974602656385,3.3437043547255194,2.6999454069921685,2.118806359860808,1.6867146475399313,1.3936388340555808,1.1885789870896004
7.841691137457824,7.438478513041854,6.579864258323018,5.393775073863652,4.3531188072314,3.8271199417541175,3.847599024629464,4.121064631025934,4.280037040560218,4.392053444357564,4.4514134103226,4.450890483135487,4.232424086337945,3.7299606598450143,3.0228088768238064,2.3607627226599166,1.8873360510195942,1.630590992681487,1.606469042699217,1.9262910299942644,2.592850866261664,3.3371563976960426,4.03373277631722,4.6114664930202345,5.065245108773231,5.41923841754606,5.645442853722103,5.567407579249202,5.073336782611487,4.233781597310832,3.2551166043547792,2.3467959651530284,1.6314184282492654,1.1997673289702697,1.119380776092667,1.4770343415322837,2.4733218249010918,4.158880251445485,6.131058495092157,7.635580501855713,8.040632421630546,7.401629222064978,6.021978073987902,4.313856603421289,2.845260565822677,2.139742527683862,2.324330095819007,3.118500011235085,4.06242620090772,4.7773554353823915,5.059070119843323,5.010974853345792,5.079569686519919,5.292627353350765,5.135696618084437,4.234645188854447,2.9492775319329416,1.901605942760491,1.4000547672048689,1.383939817668725,1.7411030379077082,2.3451040318729053,2.9724766712067474,3.2623167644284314,2.9149576986695,2.101180177399857,1.4985524815648539,1.3607522087212187,1.5071285517349169,1.772542631659819,1.9871824847911053,2.118883444686654,2.2407801059337453,2.463969335903629,2.8375320102607087,3.3586808821507526,3.8521371635365584,3.9247611547961605,3.5952936949975056,3.20855121486727,3.363996314390234,4.340555658501595,5.91728033540495,7.3323835203507794,7.855456815233882,7.416692801478731,6.282721042207457,5.101979032543782,4.252626131323963,3.6688723266205328,3.0539325983559515,2.306500994820009,1.581764605492095,1.1539857863675016,1.113323226071994,1.349760105396997,1.7377635893036159,2.2177647100047575,2.647888679896825,2.8083939950101677,2.706594852110695,2.6399244951741334,2.993757961652209,3.823858860459993,4.563836316852126,5.050243087393901,5.228321621651165,5.280818964960485,5.448785542805601,5.773770800720279,5.931955825427901,5.242857455958218,4.190287798492446,3.207763161002502,2.5273592615214686,2.2037739799768308,2.2184913441316434,2.552756625739399,3.1801656645279577,4.080929346621792,4.979462302302176,5.439035226033765,5.297145615357662,4.584786294514911,3.6221279312552834,2.80670870060639,2.2327408130726467,1.801126150854415,1.7135908870208196,2.0996173796103568,2.9451178044634525,4.05173135221278,5.209641021246471,6.1609113165686775,6.446481592486193,6.140903628354664,5.522655408582529,4.9533979716656695,4.553861245142998,4.51834600865809,4.909874300235293,5.6281593450503555,6.399603857278077,7.029920760640829
1.604037396043202,1.8441047549319036,2.104535256718631,2.431075248591348,2.7644962483949933,2.968303060249499,2.9710588030032676,2.7782446648756585,2.405749957182411,1.9517102316197315,1.6613798520821104,1.6743020452732666,1.9336961313715988,2.3000953192184395,2.6859458159925365,2.9432140923831374,3.002958547989209,2.836511160377654,2.6246145864059147,2.5492094758299566,2.6425321024744934,2.6927861098238592,2.5709163730808595,2.4727479977331948,2.6879502863924736,3.176642121347364,3.6447754775608985,3.851277273689802,3.7326945919981704,3.5416174346051417,3.3528250162706366,3.1748412150119525,2.95789849226088,2.7468848543149065,2.7115273903321477,2.798755967864727,2.9070369637120796,2.8928382316036405,2.784944586319929,2.7441715969888616,2.8135625041556187,2.877514288481729,2.7614684869552426,2.520238135087765,2.4087568277618843,2.5227372107995474,2.6154333665518856,2.4929163173116384,2.2601161237018363,2.1013183232008665,2.306849409729727,2.918833673143088,3.490975890307154,3.6845119098786805,3.605180021170307,3.431463966419549,3.1661722158119407,2.8003851521143015,2.455111420904277,2.228377785328399,2.170548604085981,2.409356389625968,2.934814136583747,3.514893462360587,3.8881515961913586,4.0355559767098885,3.9013914944158516,3.5980730188454193,3.402174758653361,3.4514739836975323,3.5537303222883314,3.4021709625594627,3.095084224343022,3.045547797329029,3.234282506672483,3.4524113097390696,3.6270090651648386,3.733094370191532,3.671619217484484,3.501131832512063,3.2859729074780732,3.054477664676206,2.944280955839866,2.864928075030254,2.507378545776423,1.988521539296565,1.9993427184616646,2.1561530142394365,2.3302348740696837,2.5340541681966426,2.8502874175376105,3.2233153031446053,3.4752244529408043,3.356823564137798,3.0120654470062536,2.724119110200997,2.5081258123030357,2.3512206871381642,2.389971334767365,2.629167106202843,2.9137936453867934,3.185592389958563,3.389489722862149,3.4530850286616195,3.413727788926022,3.301827338640253,3.1023696741324227,2.8078324559957784,2.51539317456629,2.4000496292511926,2.674384402164366,3.3862881354294134,3.9877319527078683,4.084279350851017,3.7886400608508306,3.365159158113537,3.0889844958864647,2.9552089239621657,2.853168934550221,2.6744842079427515,2.439096593933863,2.2166414833290102,2.1898474860831803,2.376299359378177,2.6656918405464776,2.85745146286197,2.941580321782555,3.0210354401498654,3.087362959366622,3.0916887637313604,2.9871994729176965,2.804550523571322,2.6582694240772273,2.695821163660356,3.0746298167792268,3.5167360640852223,3.7820840571532917,3.828547587698238,3.6939272436745125,3.35507693903184,2.963828827665745,2.5587632437974386,2.217923917302061,1.9512573343630153
3.7265289178941288,4.116328735738779,4.5973977123310945,5.01655389668143,5.005959808701495,4.4760985729687475,3.7181362910115254,3.231037482766255,3.1978297374650206,3.4121209446587177,3.4385833126990346,3.350306426010315,3.272277022686353,3.2722722512364695,3.148243232580508,2.7967746890171346,2.3286556628700423,1.9870385137868298,1.9088816273396447,2.085611530003195,2.3984893990226785,2.597675684253882,2.5525694038211353,2.164417040579032,1.6516183464230816,1.3092880574632402,1.296422755884359,1.5724314329243916,2.048404062329437,2.5798809256963753,2.9877766285961282,3.17239746608175,3.1943882071714764,3.231949274803777,3.3335978240596713,3.3446090722201998,3.3295560129815773,3.4272795955179927,3.6140351911371122,3.760678239784816,3.733790492069263,3.697207063460252,3.804166657441222,3.956820711039503,3.955298447999305,3.7020954854213532,3.2517692214501586,2.755448827693376,2.313823516503104,2.0133496626861866,1.94560366503624,2.186812680005993,2.670820935576799,3.1714482655031953,3.46541101349838,3.4081923670294128,3.0996798026240264,2.8791167806044617,2.9105418209545957,3.192224781349996,3.6447994152254664,4.183000343962316,4.543833112039151,4.518633891133844,4.169766572383775,3.714143543933868,3.3039557106123993,2.899548539960015,2.4354008964112044,1.8875815070934812,1.347476610484299,1.076181601698961,1.2660248246331738,1.7542789384064055,2.2594548981945417,2.6546773637130956,2.9619577482624964,3.282222027091267,3.4367025734623655,3.544486374961587,3.7409805475082245,4.0601286690666845,4.437531697248181,4.938423636975229,5.599422554028774,6.379601953534154,6.922201920438497,6.91779088085571,6.082096108602394,4.8995467059023765,3.8397824213337604,3.1419684404370396,2.8883226678732026,3.0189087804419255,3.374100848101798,3.5989077750097773,3.4098314348283774,2.8442565128789137,2.150396107000883,1.644972365843993,1.4084511469246306,1.3632843155008207,1.4449331168670272,1.7473767590934122,2.3266561209673764,3.0356150195956815,3.5790287699475845,3.8417923209614013,3.8891912193554194,3.647402789844717,2.939813132122973,2.4652710469790113,2.775115188929404,3.4504245086895318,4.0103672100839365,4.278549474207508,4.22457433237116,4.1509843397041015,4.038529177787173,3.7048461491208693,3.167004095045572,2.7957543082150784,2.7090719958718505,2.8726937053475208,3.2592825451079275,3.567843176842657,3.5935897703038693,3.2392483860560506,2.780322829001427,2.3918476563800146,2.1986915834428347,2.171880147243306,2.2470403675908814,2.3791992348007556,2.537455859406324,2.65924841388832,2.7050673998931694,2.7483090994915154,2.960671431563375,3.397652915360948,3.934503493885918,4.3592828188991675,4.588214344858335,4.629283532340802
2.1170228484407185,1.9384407434541946,1.7847731621775742,1.6516062706096837,1.5819219252077679,1.7009533899659897,2.0559485507019737,2.5056732542517355,2.8087706557923697,2.9357749535753093,3.1773633455519747,3.552010952919299,3.5273366593731366,3.0155052508261453,2.3222587692935175,1.8204115836753334,1.6631564910790055,1.7070233359002271,1.766828025280015,1.8036163758313817,1.8676012320275701,1.9582364711793414,1.8449199163329082,1.5283749621252514,1.386705369990242,1.2978942615832239,1.3161252721207304,1.347889447361652,1.3370546677091801,1.3011675001588658,1.2387183337546825,1.1556984790427238,1.025428351867397,0.8630478624877197,0.8912678294180242,1.1064226783442843,1.2258774992222543,1.1854127250038737,1.0615342394478189,1.0109606555073571,1.1204314982012291,1.3574095109254019,1.7382311159795338,2.220709644333019,2.6662634098642712,2.9857750837269377,3.092710631922131,2.9808843728309125,2.7210657139917385,2.3745048251637897,2.1113580428335474,2.028608941259155,2.1034472845614425,2.1363028401052206,2.0303245291889658,1.7904284716508796,1.672099913391449,1.7915001597615083,2.0584566456786684,2.252520248294812,2.2030388395836065,2.010907564294916,2.0079294786353197,2.311193520134696,2.6562372480194836,2.7786969629555007,2.605308354519916,2.270230207644763,1.9389050769704994,1.7624008266860303,1.8317375458786453,2.0985626048285804,2.23686712931318,2.148064193662997,2.060197950955007,2.1898270581357897,2.504214884139258,2.7672063248041474,2.8623904065071457,2.898576748481768,3.018467895561634,3.2517572945754747,3.393331976484169,3.174438799732017,2.7586670718706503,2.4207574854533656,2.1745048921860097,1.9725230162707008,1.8347759423838481,1.8666188817756544,2.0218942268675413,2.219089078448334,2.35528478178945,2.3681720481617567,2.207576936915731,1.8464950475221515,1.533579514323974,1.4309167100471687,1.641069142880724,1.994626348477303,2.190719050871878,2.1936446621182744,2.2136220415838888,2.308813855054726,2.3403829137781744,2.248008053611593,2.1560422253916403,2.3815825865235003,2.9408175467392157,3.1141450448748595,3.025060633113749,3.005044423630328,3.316670974818839,3.835518063643228,4.097766168496581,4.043937360831266,3.8279862407168492,3.550162256732796,3.0757153686980536,2.312492009399949,1.495178744342515,1.2463024945550956,1.3472435957771585,1.3887936409103625,1.3049223617129877,1.2826681339695716,1.3890591691279788,1.4601419399111448,1.4603636209037762,1.5352367313240456,1.7285277987200691,1.9759622448175047,2.2767478129136665,2.4970161942882094,2.437768961489035,2.1363924437993003,1.7432897315043268,1.5016938429946778,1.4122891199313825,1.4139087179207013,1.4681595049879752,1.5536259781755994,1.6631277259140833,1.7809109982271445
17.50408928057752,17.768664523108747,17.752765011537452,17.23811783845832,16.125552840905872,14.345006692446768,12.162300012259267,10.055583206011892,8.299111316791953,7.008310593732184,6.257234806604653,6.086269972933451,6.574031797178345,7.607318730808031,9.079751886296558,11.04324682823431,13.766751815987202,17.536564075193652,21.47143911391781,23.83881757657143,24.170818048449224,22.862037991004446,20.20306203375973,16.680429580429106,13.118941189486343,10.356753529103425,8.358071929154612,6.708572196386218,5.319676743600334,4.39748498594633,4.131317824153092,4.617967874355234,6.016064959668902,8.313476251756214,11.166792638333252,13.989454437077292,15.984732142125944,16.713119948128348,16.410662936477447,15.435352304808433,14.057788712991934,12.367356551759803,10.495445686449768,8.644677465939536,6.898954746016875,5.332802190635721,4.380458797679061,4.146583983936407,4.397853849550913,4.981607495558264,5.870446564494374,7.04934175898407,8.429670154557344,9.873623295293411,11.53502623520173,14.128412117006958,18.756129386995568,25.858057557835664,33.87656083295592,40.25035295161663,43.38182777237076,42.863869297995045,39.18889597831077,33.10132258366402,25.96869542846413,19.546311559704723,15.118807624391073,12.670730642299304,11.617974994885675,11.367591823383844,11.515125012133684,11.777770006472435,12.193294462099109,12.918833909869786,14.094400337414283,15.715964617366936,17.643105489298268,19.26153258791162,19.82392473953023,19.21326185213067,17.674335068250123,15.18069249323693,11.80401940771622,9.728583679311075,9.110504495034208,8.879635626049145,8.704135694598856,8.57721503986801,8.526282688307736,8.478999575771164,8.498374778001107,9.114103769917199,10.907164551475294,13.747018293828985,16.749607623144833,19.15056979975936,20.567081141690124,21.365935810453255,22.359571792599674,23.694846565677675,24.407506497473577,23.507919595181384,20.72952764996892,17.087633849259227,14.24609344291835,12.825919958805832,12.371937804534385,12.30741311629826,12.119661227418558,11.797270131705645,11.662366532179565,11.900522496812982,12.509401640993199,13.399154649928196,14.486626490611593,15.644512208454923,16.502606087271605,16.789869393967564,16.564729298266954,16.039129837974684,15.242047105419559,13.906583615751384,12.57219866945028,11.787492428540956,11.38739040921583,11.451199915870951,12.297610356024464,14.256219946672093,16.909927905321442,19.67015184395269,22.17174620390926,24.20249482852669,25.17230841875456,24.344219412516892,22.023289483048092,19.60829813929312,17.80295728724822,16.73674036236327,16.159473460794576,15.717591911545092,15.204825982719683,14.624990930261486,13.976586718504848,13.319284792498754
3.717404716432086,3.45105190258372,3.194412415832297,3.1548574940322744,3.3719062916232363,3.878335546283733,4.576921243119563,5.2419285119770915,5.6902092806607,5.866372170068441,5.680967069453896,5.111759452530369,4.5884249805866935,4.593898615695001,5.005812013036312,5.508778074385153,5.792467091323162,5.690471136777031,5.313038411657799,4.913992131243783,4.626756559727573,4.431538764097576,4.124743307536241,3.6994368583979758,3.3385611240391864,3.338185952652332,3.825599290439255,4.698941146640668,5.413360225781115,5.497785589024056,5.040153028549967,4.353330970459683,3.770722978126701,3.396816170472526,3.2226858493751127,3.276163268741236,3.5893167496023923,4.19451435699743,4.922950887065801,5.552584493077543,5.767227860333301,5.420375558295597,4.63279499910308,4.004104134542254,4.008818474050231,4.6705414057535535,5.5472139593451,6.096023694433593,6.208597892348767,6.3418027926358365,7.025596032613528,8.186589304415985,9.235415903856799,9.45326932586263,8.911605023252314,8.1510656413921,7.397943307935697,6.63702729566517,6.077058231041211,6.055359709846897,6.38803643848795,6.782922162864786,7.102454449557862,7.599337544443473,8.142138979639784,8.077689710896083,7.066780882977844,5.519485210744629,4.386674795959855,3.965948001000195,4.029250082493582,4.302355109126227,4.505077044573641,4.325947364508988,3.808119157933236,3.577783946079227,3.5042844891638545,3.5121457510292085,3.4115481181627527,3.1269339214098792,2.7137061350345424,2.199291472527719,1.738301091154452,1.414420249055551,1.2215422478595057,1.162039296885007,1.301223426999751,1.5459313099978103,1.7064855752138517,1.6771351196455502,1.4901393104497285,1.338437470091988,1.430175968101273,1.7493049895191748,2.0286176063970944,2.11029999362131,2.0488053263095867,2.0087404665878954,2.1586554331664933,2.4516851578061343,2.7343046348682534,2.9787918807689007,3.1178139879926867,3.231255468642118,3.40834445986533,3.6684304646254837,3.9022036914998726,4.081510794418397,4.162574826003266,4.219779889691322,4.303562390429662,4.277839530829424,4.0121906516496,3.629324023924448,3.3392120391094253,3.1643326242134493,3.00556404760446,2.80665436222934,2.604666723684236,2.4777188737739824,2.457888461753305,2.5589123437462455,3.049076964750834,3.9314741566851996,4.806233681653562,5.54884063457573,6.1359912798925365,6.363485727599772,5.929462216820755,5.131475615948044,4.402688316442894,4.168748225964019,4.421417864126598,4.784903071800254,4.9988280990979685,4.960180764928232,4.8325330958514146,4.637636917531111,4.490824888739188,4.399617480448651,4.2941187836574075,4.143989059577117,3.9166658115368223,3.7276419138337005
4.224228593659316,4.637742157638642,4.9968602147215035,5.082296460970246,4.843767074574931,4.607424649660589,4.554364618427706,4.699317031761471,4.820535619640894,4.687980128955696,4.106188407804104,3.2211207485825857,2.6636551135292907,2.6379741846756444,2.874419521757652,3.1271533456634946,3.305348009156162,3.5759969708946784,3.965730991976429,4.1465735147729985,3.8925108050881345,3.3876212648276174,2.9428292694450167,2.9035165677500423,3.2680683710779355,3.7433358041446865,4.130403632686213,4.385047674603501,4.459448610236098,4.223248416649984,4.017637777157372,3.979509612731961,3.999771284380999,3.9120794348717176,3.688048027324932,3.376602166638589,3.1877621243397143,3.3245022716836314,3.789453663527354,4.2627060122489056,4.36200518146374,4.056362912771951,3.7072386080364477,3.6990252960783625,4.139930271897846,4.841207253071111,5.379371201284388,5.452391697306933,5.023604844865807,4.3427467873272185,3.8422415084614023,3.747486818985985,3.893475754734913,4.088915319321223,4.3005777729014705,4.381822683923639,4.225519280378951,3.6987603718895454,3.189112923774419,3.0640802532411424,3.267999369149186,3.474947610652912,3.5562420679331694,3.5555185267424876,3.6167004077646645,3.7457334118126426,3.695141471658665,3.2727618512087027,2.7833942756555046,2.5293667320632607,2.5252849957124504,2.6708003828511,2.7909598431435025,2.8576168097193726,3.1100892072679307,3.58012474257872,3.922859356149171,4.0917431342565544,4.141333544297942,4.150748340363356,4.132825303805199,4.231330361566127,4.547579399983731,4.919741300011791,5.092070976141564,4.932210237913247,4.607301331285091,4.238039696170202,3.8829236394773385,3.488065325901171,3.2328620364763565,3.112355478011686,3.028513221494878,3.12863600482831,3.484927832569852,3.9840014002192223,4.360243046968576,4.428989236981497,4.158417877657466,3.7948607720267593,3.564139270916938,3.5036913504180283,3.4928023757114897,3.423586916363684,3.170422620050815,2.7909267075570394,2.582062401820964,2.616058098778224,2.8089589865413163,3.010157467323966,3.097660590836346,2.9810773736084872,2.778611432944699,2.6898576109306354,2.7317815619122,2.769517931410388,2.7562466822917564,2.769353341418744,2.82064465541964,2.8618318230153146,2.9614950149318875,3.276189845591425,3.839540083508082,4.513465508288988,4.779992591099957,4.619782978670212,4.207000594140051,3.7357081976073014,3.4590716547452423,3.4166151681129633,3.3917023058768883,3.294613020361283,3.227079843402935,3.163210114277208,3.006441725318187,2.9253760843396583,3.141895602256078,3.4259778626533897,3.4052720303142636,3.152433286530807,2.8411332985834097,2.6126714979376664,2.5299567207476006,2.5736349382528347
1.8054868749117379,1.5928147225840028,1.4326887325813882,1.425762083805436,1.460480270548568,1.4563329171318327,1.3951930112581516,1.2890802751140584,1.2145574608523995,1.2646905794127685,1.4490505096153148,1.7235777029909138,1.8781875982170406,1.8560090582312352,1.7466158553205362,1.7438520885693052,1.8490449285999446,1.8911150892491229,1.6842174450836591,1.369168108750942,1.2151781632762373,1.3088949332775714,1.5009371794475033,1.6105549940555148,1.5261284881895836,1.418795455147073,1.413545218949962,1.4398512853263625,1.4726541224953031,1.5203077459665826,1.605872450247313,1.728508392024307,1.8317418097339224,1.9106327486239347,1.9165360711499213,1.7579965351835363,1.4152452123987045,1.0596518320176167,1.0213520237175044,1.2670927494413633,1.5441134613737777,1.6899229111367982,1.812364625724305,1.9718100149064848,2.116774931822945,2.111366852211184,1.9432416420610172,1.773128000277019,1.7142143207483105,1.7885230844413333,1.8726818165546497,1.9476608372922508,1.9571701068222795,1.8353848539555615,1.6283986202663643,1.473843688717821,1.3888031518832349,1.2132648236244234,0.9179744146244757,0.5948256918487461,0.3670197716787631,0.23312329823036748,0.17003017075182683,0.18888858278448686,0.26993968378867356,0.34389985156902086,0.41422368612748434,0.542054835642172,0.717547560349651,0.910259996872261,1.1155097566327143,1.2723586164148712,1.2915887810143378,1.2193143228259713,1.2245595388735773,1.3019879858495067,1.3724135280644767,1.394968680247666,1.4194291632367895,1.3972284012518559,1.2606303276728876,1.0655595102327797,0.8898055135532822,0.7628175481684898,0.6452365640986695,0.44656941496303465,0.2363204759522328,0.22540933721608925,0.3959929509935243,0.6339990860972479,0.7928721704208295,0.8107775467498194,0.742980584990118,0.7337553503336647,0.8098902175531625,0.9337176848459524,1.0159648573529958,1.0032537328459348,0.8726348144268129,0.6862253364375173,0.6067074300555158,0.6391688395290352,0.759053313565811,0.8104237102016346,0.7202585439076307,0.5307338065594309,0.40913295763438157,0.47208247205882464,0.6789425992397408,0.9460414801733941,1.1222566282814395,1.0696833299574218,0.9309269104577466,1.0278422468736814,1.3521295093565693,1.7212828943100682,1.9641198995890887,1.9578751380734898,1.7249678366831673,1.4467648190023006,1.270219137186372,1.1742265578178046,1.0513189002833063,0.8379265615090086,0.6798924748288461,0.6702911875603789,0.814436524786355,1.0335339135340014,1.2104429205762741,1.2006096793476293,0.9879913827480332,0.6902128697856776,0.4717268909706202,0.442352338590485,0.5347024611030845,0.5753289832790631,0.545614654498648,0.6012003411871222,0.8420308804374721,1.188676978231977,1.463777229924581,1.5310787350233657,1.4242422349831558,1.2461766936797596
2.5539958176765967,2.3877352143515096,2.030985775397124,1.5639146245702842,1.1792225889185175,0.9825305820388913,0.9705044063102065,1.0528043946575882,1.144145463660349,1.1977060671577433,1.257114278845645,1.257063591923318,1.1636489102048706,1.0269115883233826,0.8668195501891988,0.6910714607727906,0.5699922114398973,0.5666038709938711,0.6934489198907156,0.8690640833889604,0.9795798423281342,0.9633658143882685,0.8801943626358838,0.8195311306857187,0.7824343382375463,0.8200196792869416,0.9438488761630369,1.1240163211222731,1.4116401937203877,1.843262147533277,2.3094736280185137,2.6260124353823153,2.706294776917128,2.562366322180114,2.2683653082659734,2.072917775078277,2.0670119175663046,2.151092273899903,2.214218825599431,2.219490975951719,2.225806143503432,2.264061674961855,2.2736991091717713,2.148087449631601,1.7968694535526544,1.3726038101862932,1.0114964696113933,0.7593879487889389,0.5868023818375133,0.5120631173881947,0.6330191937254099,0.9037523651704721,1.1550693178449316,1.2218897103058228,1.0729013352879866,0.8976628303173678,0.8535013893253226,0.9669914420984291,1.1427881905263388,1.2504929428480924,1.30719590067514,1.436150421795677,1.7840296957135247,2.3160558602648895,2.7749213483540256,2.8667792379982218,2.589782988350898,2.1350305327600982,1.7805766698094845,1.630140145674693,1.5568293998062295,1.4787926841613848,1.3166446965320826,1.07114286159538,0.8373342761469406,0.7104439731518828,0.6755898275538227,0.6937679464321933,0.8049912959205757,1.0161311224060363,1.242734179417129,1.4411701553214957,1.6315342176628018,1.893942350775103,2.3131189322114203,2.8658126884324826,3.2687199288172533,3.3194985145937994,3.2003920946990383,3.2061578280867575,3.3902363517143255,3.596651419444674,3.6004295492148084,3.2603042961183113,2.682429831132658,2.1173460312248626,1.6480715787183524,1.2844454423953204,1.0785919274186038,1.1493620464056793,1.355001359478834,1.510410766370736,1.6193835330579116,1.7119199162823138,1.7450694486491525,1.752815702127446,1.7983786418628018,1.8857730116574476,1.925878778411584,1.8566243104882243,1.625588632979465,1.3490060653897835,1.3493836330761815,1.7298513241743887,2.238038635239375,2.54095547692245,2.535747624357421,2.3599334996371257,2.2649332982562522,2.3992010296473527,2.704294381341427,3.0916056175352296,3.4944623143517215,3.797256970531956,3.8215161310663244,3.6952074637866246,3.583243428482669,3.5833660163344465,3.5277934702466567,3.360361212929351,3.1986112281228887,3.084702845198569,2.834441573252762,2.4280771887760144,1.869754477599277,1.3336019341501222,1.0413808829072717,1.0601058065744444,1.2816007023786198,1.5981670841590674,1.8435248765272692,1.9646286872630743,1.947248603960644,1.8672722218760243
2.82558071240792,2.5475262340253555,2.3204082708754084,2.2641493454015382,2.3478004711703084,2.4456215819062503,2.4025134016563148,2.2343085382543504,2.0837970287483096,2.0640027924155855,2.0564902689913116,1.952312858755385,1.7589252929627506,1.5200058107723988,1.3659083739800741,1.373939243106579,1.5175488017925356,1.6967008563178498,1.8013696038386144,1.879286815546323,2.0352465504936683,2.264151458117267,2.4812569073663227,2.5714777983743025,2.4688374828952533,2.2779007199666053,2.2620987280151206,2.5492578118347042,3.1014563487343745,3.6340811359546925,3.9295315355642466,3.9970854168780323,3.9432422496529833,3.8077090684713273,3.5849858329854234,3.3375727155790313,3.2095443983454075,3.263378581714718,3.4247997168225925,3.577960307916658,3.6055020346562467,3.5734580778672913,3.559541767357615,3.563629240277705,3.5212370962065456,3.3714613478107203,3.1327261802777007,3.0818713341187216,3.4696011476690907,3.7219114952528596,3.623092661753539,3.343925595284763,3.063429706909649,2.8121720500101257,2.5308429183720547,2.22500894723946,1.9222264951430594,1.7491488952616288,1.753470302482221,1.8855380412568366,2.0547414225281986,2.1380472383824958,2.082608152231513,2.0490212835646,2.199046388207808,2.597525744449302,3.050738964824432,3.220435062367325,3.174815467003353,3.1772082320034807,3.294184661556308,3.441484913581175,3.5128921289279385,3.4263316347085224,3.0814953218443972,2.641307387138651,2.343783296279398,2.2960923953473205,2.4583117244544925,2.797283227804703,3.1310357784456686,3.356593195134492,3.3652047746088907,3.3164116973462834,3.2934048090073245,3.350838162575702,3.36378897604716,3.225818885239704,2.8648753885490947,2.377972662229387,1.9209266167421726,1.6793595205622933,1.6777665206879926,1.7720937541340724,1.8875835964416818,1.9811151276914403,2.123223042003573,2.2646889336927147,2.3952324111895567,2.4459573156286663,2.32357061224402,2.0119029193270004,1.6499089290220446,1.4115389050938383,1.3754819207916222,1.4577882626926315,1.5553427606919876,1.6244839785551415,1.6572159691685031,1.5933724951076678,1.488406449018117,1.6835407653305923,1.9669223136041165,2.1372741991948403,2.199002127237003,2.2564145053529527,2.372935514443465,2.5141668729925084,2.6185078975232563,2.6885259797863554,2.736254813351461,2.809004144939745,2.901054221295868,2.9447310643240265,3.004534660378864,3.0322468120232284,2.9389337906759865,2.734390207267535,2.5348821703337907,2.452018393992844,2.4919709741981566,2.458808264781894,2.3371528421109304,2.27566518603243,2.3426665212126387,2.459532345480749,2.511914538355469,2.4663383869518487,2.4869689455459705,2.7974974184184846,3.3505851525971795,3.9829270439022415,4.5786581692986,5.116371665445974
4.296866079004508,3.895918498304028,3.6135456604565444,3.527437551857391,3.535637587665895,3.3782724373604585,3.026500915428921,2.54958392655329,2.0522424697323025,1.5087253185315428,0.8640301527294935,0.3503993330652366,0.11437751544056662,0.05299181725901239,0.07723305224763853,0.15394268160828872,0.262405234786106,0.3860468663104783,0.5287253631538689,0.7031167320589581,0.8671176384166441,0.9689446619502553,0.9733731222329938,0.958974620964029,0.9715317330324827,1.0389772383538256,1.1776528046715204,1.3579913566307507,1.623366010234883,2.0421401477850085,2.5038201832716167,2.8380792165720603,2.900301120078832,2.757134348281765,2.45698834585526,2.082427774858926,1.7669564637708879,1.6274829700748414,1.6287237135190298,1.741656520158862,1.884957353239046,1.9664902715996333,1.9577645712315468,1.8483846755437257,1.6482368748933025,1.4153663856014527,1.2660179709471822,1.3269012626765784,1.3235825916172554,1.214564271373192,1.2207197939513041,1.3046830000228185,1.404485883173023,1.4792725035170176,1.4637405272839352,1.4102021712660349,1.4086809311776847,1.526144390507601,1.7697201984848614,2.1087631453890654,2.420761082872686,2.5236480715695797,2.3307278192580747,1.9668298377941276,1.7804149325980407,1.9202287159513176,2.4114775675002247,3.0817573372359286,3.772544571434182,4.25170336752104,4.384199971756304,4.28438844477474,4.02662867582333,3.8249270380802427,3.6926416799934825,3.5930727306710724,3.5495811550179637,3.4506477960030884,3.236206386358288,3.0240533804308423,2.8418523989941327,2.7213856400453142,2.615506126717622,2.5808447630195945,2.5610356800298315,2.4111453949873427,2.1201839848493496,1.7860406897893042,1.5460067721856066,1.3858563843739138,1.2689249913198035,1.1969088822704521,1.2896952050387083,1.5559913976404487,1.80611192048609,1.832714090244235,1.6274218782593808,1.2646357383982794,0.8597143335101969,0.5376952209290196,0.3779963517160126,0.3815288335305897,0.5361278222106006,0.8257478644077885,1.1610703176670363,1.401702754843967,1.4355146213931083,1.2782757612996432,1.0849752439174205,0.982903566647486,1.1001043821105159,1.2693613219892275,1.4569879748941377,1.6146669673551683,1.7066741904116212,1.6955855718113517,1.5895525791517313,1.5603231386364433,1.7179952004046533,1.9268581151226056,2.0307865860104446,1.999196855809148,2.0011072928859144,2.0559304126309965,2.199197371515812,2.255453693318496,2.1327407691289255,1.8071403521958138,1.3564264142069289,0.999516657024797,0.8871742489620345,0.9656761286171089,1.0180415036874866,0.9688687818924925,0.8577203611913397,0.7560506446449088,0.6736660311881113,0.6183955084546231,0.6573005473373692,0.7908436622880217,1.0069058151041128,1.2295240384215254,1.3829344845767717,1.4496824852654322
4.446902296252175,3.928943076105413,3.4528250332245887,2.9300594454642375,2.320803032527984,1.7844195722698755,1.4575523688637564,1.325940437215642,1.2720040581087073,1.2113466129188464,1.0386885764926634,0.7410067832981985,0.4454206698368161,0.25312212058488653,0.16746573342572127,0.23161348857330769,0.5034439312454537,1.1371055367847753,2.279900920241132,3.829249710869701,5.373060743910944,6.383211489415777,6.473137459456879,5.567780964989918,4.147723207625438,3.1187581587352393,2.824606953374516,2.89565316402929,2.880435608827296,2.6476485862658503,2.3211854350973047,2.0979381269329083,1.9457688545469074,1.7687590506517767,1.5143814644300153,1.177656625037198,0.8365350471808634,0.536077066473284,0.30950094957573426,0.18487231278170949,0.22417556070789832,0.5086795834470059,1.0841366728581079,1.8680428410522223,2.643939556999615,3.1715324938160703,3.1703292092137194,2.57150358005057,1.8590689297687037,1.5592470539622387,1.511998167116617,1.5386936395251345,1.6594082145834244,1.9227652575161946,2.2273396179096876,2.2937870128792857,2.1125432172073784,1.880787755524402,1.8340600613383424,1.9749080837790858,2.063342795557319,1.8798401708865764,1.3781665570729094,0.834054952904504,0.5049851177114417,0.46978258085536595,0.722179807253788,1.283219542119909,2.061149238875006,2.811513481031805,3.2761368737891052,3.4828059805138127,3.490169628879448,3.2865149040589237,2.7947981946810234,2.173135725637218,1.5659402780615865,1.0447900546166822,0.6381381782157808,0.3741041157076054,0.2480839880447094,0.25397797101135594,0.3752255213118802,0.5876824161289677,0.8154551153108608,0.955569336508862,0.9862245578315758,0.9439071203403829,0.9155368527160864,0.9313438410545315,1.0382871306987325,1.2887887973499954,1.7130285759222768,2.3319459890303076,3.1222048106383253,3.987936642539919,4.815297509603855,5.388194063674812,5.511904730246913,5.071395247687752,4.196595623921084,3.18852901795181,2.2556808943113715,1.623766337702213,1.4768835794712571,1.704797609286237,2.1336183435412104,2.6136378161642857,2.9927381304459786,3.08824151335778,2.5913416369906774,1.7470579399389692,1.2842991269043473,1.0949970942131382,0.9712477157940875,0.8389941759723218,0.6886547498422119,0.559155704338195,0.4716538185147935,0.39309131810069997,0.2944608065443005,0.1900665855174903,0.1446157402224855,0.27485027042561716,0.7121285011113179,1.31453706945594,1.5980886853087268,1.4697183715015603,1.06419825379871,0.6074581627687815,0.2880440014772564,0.20124700930458297,0.31928897375405696,0.5919135984663775,0.9623093724952301,1.3855556512870206,1.7547041339939837,1.8625147615132336,1.5645045091847147,1.0647559336573227,0.6268797135690348,0.32549107146114725,0.1529032838245781,0.06631441912788187
5.627603013506391,5.7134647250931065,5.668878110979727,5.389368533904085,4.892947105738043,4.309539796364529,3.756224956570937,3.364297551503422,3.1802725769745126,3.124561727799186,3.000827668984963,2.7219435310706364,2.3295685431459283,1.9701748184055807,1.8538277345636074,2.0074653701434526,2.3604454460223914,2.7503044051526437,3.015572684588648,3.144694268152518,3.2390329511348743,3.40506764807343,3.5440371194156786,3.5408663222518943,3.423548567289286,3.388557441081585,3.7353602571200177,4.471227402022328,5.2922357142191725,5.8417975620050395,5.904542023159967,5.5960727523423355,5.238778583803078,5.035378574963174,4.886452602044495,4.585404673411403,4.142830849628832,3.7530738823707748,3.548399851405638,3.529738301839744,3.5950168340574384,3.5749119878013973,3.496125277116797,3.3654304760628175,3.3376398260966167,3.378612071667805,3.3418561584860007,3.169470134427928,3.0069624343495605,2.9633383678951626,3.1409123215894894,3.513171353967111,3.9520011421318153,4.140617894799928,3.8625803796400477,3.261060853070995,2.7011888542325533,2.328868085293376,2.097380416886998,2.011141825825821,2.1713621152525238,2.6681428901478608,3.48295256798682,4.374173680337413,4.970365864094745,5.084742879408307,4.697749798093148,4.155717982658456,3.701300979463336,3.5505412674931596,3.6651537554148166,3.8829044299454476,4.018736538020411,3.884679025716134,3.434007211229434,2.884576053446632,2.575561926568153,2.550703777891495,2.7158243491813736,2.835896614061677,2.7406382448948716,2.4322117950100286,2.048041958054573,1.846985044414762,2.000994286863474,2.561691554389475,3.218275766870125,3.814153502075957,4.248789257781379,4.534872939692925,4.622196143901769,4.429024990788344,4.064872342821006,3.773223683079071,3.6621775141941377,3.7272314182424986,3.8279136684912562,3.8575177339110134,3.648373381100929,3.3055053448858125,3.0221286408662937,2.801699952595811,2.572781790793291,2.513520869911242,2.820770434593328,3.2693776123253415,3.530648441341792,3.4396599254216085,3.100688149832676,2.6289568516809796,2.0723779750691484,1.559324561201286,1.3257148884253922,1.4710136605580433,1.8300575510925148,2.1950460999333465,2.4631990321770845,2.7007412865359983,3.059732433024118,3.5469711383777884,4.030885256651716,4.255034277467811,4.1394613012589625,3.8323929533379033,3.5326419431263534,3.4632000712559154,3.738406139994043,4.133296784047472,4.255177572087838,3.9406266173759397,3.489239147979124,3.0489088356687923,2.673283625575514,2.388223087773112,2.2781368884723507,2.3766408591818866,2.5888186886162066,2.81423722800738,2.9718870724020694,2.976303701525218,2.9080302550553494,2.83693914002277,2.7672839526289628,2.6944167261526832
2.2129479399285414,2.333666971124135,2.43162336169344,2.4792002317480666,2.4758790056942597,2.5085741809759696,2.5079018998417877,2.4475691545216085,2.2811990530989523,2.0198276623982143,1.7158153372447844,1.5117667116590006,1.3965332998581508,1.3230642080473025,1.3143300400851023,1.3904073914723594,1.4372263204728644,1.291281687573571,0.9399742534031481,0.6275878747903662,0.5207893063964886,0.5955733231532421,0.8059104552693159,1.0868136762739935,1.3649041109811308,1.5379825599260475,1.564806045999058,1.4372760047058288,1.2166843365386468,1.009204887789284,1.0204534055969563,1.3185019451462394,1.7617372841227024,2.307033814972399,2.901221163093728,3.484281695160238,3.9730019536477394,4.270245299130434,4.3747120045434915,4.34576970234974,4.282536665586356,4.1038681901541825,3.927642985571641,3.7555440420251065,3.5054511985657797,3.1278447630404216,2.6918728028032777,2.4032494225065957,2.287269688245072,2.2564751709136175,2.1939976689892684,2.0180420088819697,1.8413986780787563,1.6978627009524232,1.5888464018031907,1.5748835309695182,1.6836105426179173,1.9004624088938082,2.1455269927599487,2.4308391874836612,2.736804847790593,2.977618138132284,3.0561253615221013,3.002987921769057,2.882176940689096,2.6863440172631203,2.4174622381920776,2.144518073381239,2.08844482345114,2.2850889554848988,2.6508491556555125,3.012655560556888,3.206754595114152,3.0494033440375397,2.592681562090655,2.1940524623072006,2.1216053150245813,2.3678323317767473,2.6727419735776468,2.8027544962498596,2.614013637158141,2.16193081497334,1.7048787633264817,1.4642873862020005,1.421428356145696,1.4369078815907255,1.3623271894574425,1.288853228470816,1.3082194952200206,1.4432957751709015,1.649054152788302,1.8142415379713575,1.8670216510765931,1.8831318571204927,1.9405998441194428,2.08428103933203,2.385679787613381,2.8312088457534497,3.1596691362274862,3.130879438466342,2.7875536172722675,2.3607392235362887,2.102158268314569,2.124124886069561,2.2814078047071544,2.3137464383081645,2.193023521962416,2.0462568575783244,1.9630720825461414,1.9953104429403505,2.134144056764651,2.1726675191638845,2.029819250494409,1.7794265153743263,1.7115011982310842,1.8440271052975994,2.017054355274357,2.0500572679245237,1.8397127106152618,1.4732036205339398,1.1047441938481708,0.9127257700102902,0.9158350592437459,1.0251720500638837,1.1229642449167354,1.1695066227396802,1.20773786915754,1.310445896515603,1.452700717788758,1.5830825756631048,1.6353365670638365,1.6216538446781452,1.574585751705698,1.5423209821860053,1.57812256954231,1.6381794137433694,1.6390093182069714,1.5978742008564175,1.6588062239599979,1.8360982020811496,2.074255407466606,2.2228163933509912,2.176553664111393,1.9804367588738767
2.0773195643735356,2.4806487164873863,2.9566728715435517,3.358913997136692,3.590398687420964,3.6595146673562278,3.593883146029051,3.408216890321015,3.2052035032188493,3.1603607052598135,3.3270603249927966,3.5613530092597063,3.867158227471876,4.27729918674721,4.61877783791747,4.618594770379473,4.190347973085499,3.529448103866435,2.873681442841832,2.4458374937709833,2.2314055209241617,2.084798671583756,1.9823450315166775,1.9559261365515197,2.0132923603793644,2.099543671502745,2.198626688576522,2.3011408549756207,2.5488982180226607,2.9195916037485885,3.3054362051871773,3.725791586695342,4.225530558641519,4.694830252898816,5.07475703547538,5.292401843701107,5.38816886464797,5.433769496929532,5.463002669551869,5.460288480398386,5.429485921977819,5.4382566108858725,5.52123454695454,5.6511112020625305,5.710412547933244,5.644769799822044,5.4187769752993376,4.965122824865757,4.212577986804922,3.374669692560259,2.7609215928711786,2.666640343307236,2.95734236601309,3.27987604155564,3.3509561344910344,3.1736907322109587,2.9184014096028306,2.751762103304275,2.6771406460119933,2.703154957669288,2.9767703365455307,3.3973252941372345,3.7872328681385,4.132828012091567,4.3200239807843905,4.173885110987454,3.891613962029398,3.6305294368135974,3.399558521479914,3.233944219459036,3.164699548359977,3.2452006292915443,3.3466904722766544,3.3171135417226227,3.244320327962896,3.465086939717018,3.7455940836190775,3.851733301185278,3.8726419873073326,3.966619774919949,4.234835758402265,4.528012036384727,4.62692409424687,4.420839052840921,4.072206790594767,3.6768746138601607,3.283674755571677,2.9278302097280484,2.6335310607018774,2.3640312498341594,2.04419131154017,1.767341483495267,1.6529787146839414,1.6996040530889305,1.8328266159725037,2.0105476290346216,2.2037787939057107,2.384157025848762,2.5568315309031644,2.6996823064708484,2.8097402810827994,2.97325997540306,3.1092355110024537,3.082765612125208,2.949726348569567,2.7690990523951333,2.6041510565434556,2.4393123025844163,2.2350608334486246,1.9422262633568057,1.5638761091082942,1.244754091897187,1.287598856332763,1.6896043484123728,2.146885996856982,2.4822803145485977,2.735662769242213,2.9477213119738956,3.166907273668921,3.33510907606339,3.4516354776748424,3.4291820184218733,3.2510206972595066,2.996427664986746,2.736312669801692,2.4686236544268696,2.187321725254106,1.9057308413748928,1.686513667908764,1.5470700772739867,1.4635441315338698,1.387164447247483,1.3253410894154487,1.2766553236832774,1.2330160940042376,1.2157739823345803,1.3245680985451624,1.6116287320239464,1.958470874602341,2.245701956220812,2.4232237229816946,2.493597906139442,2.5131923084631795,2.5240287476407417
7.172114152741118,7.002370145755929,6.875450902239039,6.729990241184684,6.184262842144857,5.1646066996346685,3.949648675752882,2.9016903594499457,2.147709833828541,1.687828373285942,1.5391326557087572,1.698133829694982,1.8375577108143248,1.8715090405928936,1.6714631741634711,1.4559514560971083,1.396399699111058,1.547379733440918,1.7911021834928513,2.1306973623565972,2.637712442058679,3.365839252975926,4.254718681809943,4.995324063635619,5.194385814246157,5.113868876167151,5.147820956656685,5.2982141116318155,5.232199583660654,4.764153639913236,4.103438264568765,3.6482312259492136,3.450060107692775,3.292277681616605,2.9973780205841782,2.4913476933132155,2.039099359803697,2.1415100023317812,2.6156273332299382,3.1027995140845475,3.399987987705198,3.425082350384003,3.1054561978332775,2.5465423559744433,2.0886676353307747,1.9566854578916741,2.146321804468359,2.523950936316541,2.947674873740082,3.2912044795743847,3.4946437363459992,3.567969281143856,3.4553024727982318,3.1858837935843476,2.904418569667333,2.6983171638806023,2.6705116266359537,2.7997761157237337,3.0746499409339543,3.4573561899746315,4.0091274136494555,4.519670997264408,4.907931163427964,5.330351506062441,5.5919835326372125,5.529808031046845,4.9595943332511485,3.895944531460176,2.8053687886799725,2.3365289914363467,2.320360397788571,2.4323286669039046,2.454618872507786,2.39793515618579,2.3675757273287403,2.5449815253892383,2.8084989757807612,3.064548224575398,3.1947870146381665,3.0989026956318684,2.8358064620116874,2.5111589461543384,2.2966321527024007,2.2520419180165967,2.377530429861431,2.580588920984505,2.8814002158190704,3.1910489363839183,3.4909353889809314,3.8146143150311236,4.111545393062964,4.205521799439804,4.014845096949676,3.7418282054496603,3.616119908525044,3.712041568091227,3.9967111440984433,4.477171106661476,5.161341392185253,5.868159334777065,6.2459366029209695,5.926471723693806,4.948899072610979,4.176567343027267,3.9368296416119546,4.010756289539168,4.145639489834851,4.2641291309024645,4.181615386044652,3.885637964072153,3.690728314700687,3.7812186666148477,3.916067205721723,3.8323103970285137,3.535372032108798,3.2375639454427128,3.1179436398902953,3.132232804926358,3.1896413200424742,3.1952048868125322,3.1313965630408798,2.997957438088353,2.8647111597253585,3.0323446946677413,3.342144463857823,3.357300485320785,3.2789040180448263,3.3001047245299997,3.395914698232635,3.405660520715467,3.239528339614365,2.9589988635286564,2.739239206441128,2.6573011128605426,2.7274828005870737,2.9080967372162223,3.1005683431784905,3.3188262871584953,3.467241133703887,3.4336175497275097,3.222503345354823,2.9900170069237397,2.810568911274056,2.705790768803494
4.498381260575919,4.7139176698894545,4.704110398615633,4.466778987839274,4.125021746652991,3.8645123642478834,3.802290202418376,3.8176790911246536,3.788807220464455,3.702841725062897,3.6237848227838074,3.6521481947479364,3.8870025555259335,4.143200052289384,4.3737683783666945,4.495868786220609,4.527772964618949,4.5262416599708075,4.472962056285849,4.245033337496451,3.852880178524923,3.4611887515740203,3.214876788460695,3.2124879376068285,3.580325615596613,4.077985628243766,4.3720231061715085,4.515923958100403,4.648153833088315,4.815876329813668,4.7929529926200924,4.589343270891116,4.334330372071416,4.0432444051862015,3.692003114095783,3.34250151671945,3.1443642964984235,3.057031312134308,2.9964241377987895,3.000738931575207,3.1373008061509795,3.328165623426479,3.410712567586071,3.287840123637944,3.0154071638466737,2.78093709630574,2.645826136429865,2.620942333237838,2.7213929529282317,2.9261805715404963,3.020065981056936,3.02694920614632,3.0040416336712714,3.0119017079879002,3.1084260197696176,3.2652767145209767,3.3796399413852978,3.4365065638995898,3.595190041062566,3.902051437935457,4.351450577503228,4.812868875866604,4.7443937999289,4.210843551436083,3.5923395633010737,3.092120997798724,2.825958458013654,2.7960597796432913,2.8868438000848213,2.927111535825778,2.816158177458045,2.6822063858548577,2.6515368649023014,2.7030367561537867,2.709872257101652,2.572431720732392,2.311586905397289,2.012480938002736,1.7553043890756186,1.5912460590685609,1.5702933153976808,1.6680317087663292,1.830912871206243,2.043567233108692,2.258468415194202,2.468111124737834,2.6841630650153343,2.8745434518637327,2.6645683334082415,2.420747170818946,2.205240297149392,2.127039773145504,2.323152185507511,2.7836117493745602,3.1899543722805044,3.3062049250788914,3.0950778479404133,2.8180092930559457,2.6970514486300305,2.9264124333461234,3.534847118555907,4.317101605233627,4.730705062505538,4.647379945640993,4.305986373528778,3.9626128631809214,3.5634347108431683,3.1448383533739745,2.8269563100186272,2.753333024281955,2.929186421428761,3.2061722458487507,3.2912291031670575,3.091831567169639,2.8607060722995374,2.7969455785212043,2.882407945488427,2.959917489819244,2.9290758056897555,2.7836422268396186,2.6612928874136177,2.897506849115279,3.6396648119689514,4.248339044582631,4.171716420981656,3.548061302452239,2.810614086790887,2.3040433232151325,2.0846036672194694,2.1295533713994668,2.3589432441745704,2.660423352153139,2.948544374629842,3.2498566076599635,3.6356152289695083,4.0503200437616425,4.234551129321531,4.041097539837118,3.7642431446579354,3.58468197972017,3.459520409945802,3.342106172183794,3.219034004705219,3.130957936313725
2.483081259704655,2.5018148288288122,2.58402743278469,2.707894597963195,2.808917029102633,2.8552107637509887,2.946259559664659,3.252913091516267,3.745993458205921,4.261508043386597,4.557630386919518,4.451504048493961,4.203950961302701,4.318031955523988,4.569967029336251,4.748440465782386,4.813446756675445,4.742679286354931,4.5158824263911095,4.168361280868696,3.886740142946628,3.742040520168497,3.5740267149107856,3.201289685308266,2.7002112255957877,2.347864960268174,2.3745737097784163,2.6535050531242654,2.9589772671638004,3.003920251548812,2.7821164238408422,2.420337511309141,2.168218761631898,2.1768107828437953,2.4803830644831875,2.8010279061244177,2.864350611886336,2.770974241139413,2.6575267890078322,2.6007546440581573,2.621484154212616,2.733048423126818,2.8095243550270657,2.637049567940108,2.1827529999416004,1.671921968208302,1.379369040038849,1.399378749657117,1.9049793707534153,2.3385543196335243,2.524319754638526,2.6512592411643863,2.72054291676488,2.6685713449380923,2.5453090496947484,2.43814599798526,2.3375038131080625,2.258154966950126,2.1594410510907354,2.085310888400806,2.0736572570474467,2.1249013621366086,2.2356912141615846,2.3767036691166674,2.4617868798829172,2.391382309893304,2.1873743672115893,1.9446445329410327,1.7653793057464509,1.8093201347476249,2.133273365936138,2.5733408975690493,2.9154784340535542,3.0058028600864892,2.8294293934014383,2.618489946132854,2.585385174611427,2.7537026298900638,2.913079512345969,2.912966695738768,2.89694608343686,3.0312472327483126,3.389519607743046,3.8025145852051327,4.138499982664854,4.38252182842321,4.531954236767566,4.524986051040785,3.845814833952417,3.3749932059364793,3.268083435775776,3.2401930812559376,3.242651258267284,3.3137746116021978,3.5127853494952768,3.6830385198081137,3.722975318128579,3.6138218623253358,3.5564916200681256,3.5567911044033704,3.588163024935604,3.7231137126910436,4.034977956166975,4.367330944603677,4.420444645736053,3.9884396098425343,3.3738374531930884,2.907934494245841,2.720372973159148,2.7609477346662654,3.0519755563013717,3.651689949516178,4.223923780519164,4.3594000832230355,4.197725202827855,3.9721458020773386,3.8761343421371306,3.975923440442784,4.01515281647934,3.722479832930311,3.1394434985197033,2.4042475380195327,1.6757092382155536,1.2280839510487171,1.1146864142552262,1.1609820587907067,1.2371753174243412,1.3734295586210377,1.7091422166267782,2.287191205328651,2.9940374482804026,3.659177785495108,4.191637384422953,4.4824929878503,4.415615751498882,3.9721678002527465,3.3222162053191187,2.8949881925124243,2.7577521411270967,2.773706673761782,2.7689070805254747,2.632392201019756,2.3765189968840166,2.0868259630092356
7.133209628378681,7.126530885774394,7.184095910016395,7.165202159866341,7.035333195131162,6.857465887209172,6.854205139474483,7.073910900231196,7.378041365428696,7.563974775583383,7.5796120766127775,7.4182413723462926,7.104138946018708,6.905497568000347,6.939915090321322,7.100789021388081,7.159798917595362,6.840361564851962,6.026500807311178,5.01142130727963,4.394492159158589,4.3767312114138415,4.597872002396894,4.683162751619601,4.569965479944482,4.371106455330771,4.130980935686225,3.9340462488965904,3.8791271090348727,3.94527176842567,4.079981978450264,4.377767891381575,4.923806162264646,5.4985801673252075,5.898805974950144,6.001490504541201,5.952373194823474,5.7147730693257675,5.290283469015563,4.931295173163201,4.905970944006366,5.213189714317376,5.57731788029507,5.697014473755727,5.435732315456433,5.044261930068609,4.769757340661453,4.781629969988986,5.045090704354004,5.325698653528686,5.306996426421969,5.034825460829333,4.63464389224504,4.167357228043565,3.7102851279047964,3.397157110281984,3.2996490663106774,3.4493603713432366,3.8763260025243906,4.515050418554818,5.1426706341200354,5.555410642579223,5.644577826088959,5.640802886803091,5.685938795362301,5.7258219207174035,5.731805695489447,5.710136726922695,5.6012687833213635,5.497420562958979,5.507483211830815,5.643109685321021,5.760038245112373,5.852579420908498,6.014705369911978,6.340288983782581,6.676957997805071,6.733295966044339,6.450123615780038,5.932906613302981,5.280809458235554,4.721247387293299,4.396505595187493,4.13223210191341,3.781983922880231,3.4152961837857627,3.1238409449047504,3.1027542142271876,3.2769228781610757,3.285991820909989,3.2043068411432234,3.1667110901014803,3.3360326356611294,3.817188392435301,4.438892770106852,4.7590807865771545,4.622265537011625,4.435579963406429,4.428356438644327,4.56572612173302,4.571142709559955,4.312590812637062,3.8163747913103925,3.388609881833309,3.2668801304675084,3.50255280520967,3.990095722688503,4.512859033259561,4.871286937877001,4.958805493618858,4.740086568081113,4.251210680116422,3.915391137579675,4.023644607233881,4.387191530101559,4.781852998589957,5.004280307576246,4.871750935263502,4.492001624870346,4.158054483089825,3.988393418839273,3.9128109012021213,3.9625052587244065,4.185768715857405,4.344579752376661,4.218762797865134,3.8126156970541443,3.368840175983372,3.1192805214192227,3.114079241970347,3.243833974172361,3.333913144863057,3.3425412371009267,3.438004745199442,3.7209938519925583,4.135388805799384,4.475171956286731,4.5078468537339145,4.293429762142325,3.966474431525919,3.7685185597793622,3.766927780664392,3.8906931596254486,4.007625282679157
6.876767211850162,6.264461067674334,5.56426166713047,5.13303158907775,5.073210387294745,5.292619072279103,5.730665392529768,6.490739260192243,7.47315812206446,8.24433298741015,8.647344225293416,8.44592106586288,8.008274558316261,7.960631830860185,8.31384352679422,8.701023973680064,8.886822792232364,8.805103117193644,8.454415454301907,7.7817140072221465,6.848737007332349,5.8404295544559135,5.025076352622869,4.6484459909095825,4.812062113636315,5.445229074293623,6.263853184921219,6.916643049603081,7.390119645396658,7.996648068456776,8.509249180835386,8.7104813322665,8.718919077641177,8.762301476560136,8.879300305102543,8.975153399413704,8.701393923529528,8.15764822591933,7.700199841195388,7.582800166223369,7.660959925174599,7.538912489494993,7.076337022603065,6.459580494026912,5.985280368983603,5.839775164357518,5.908137216996695,6.2941670336640225,7.132759590196827,7.847371571975854,7.944689704348145,7.42900637199727,6.873092215870468,6.903389062942086,7.648634937756637,8.563752062750375,9.157369472525327,9.235428245074143,8.740237178418726,7.879989478815107,7.089803383551365,6.550154281963886,6.242775316978296,6.05986837275193,6.107920019543256,6.566030029751834,7.367874262489552,8.183819996971184,8.60741602370812,8.577786206522383,8.167858495547053,7.316639235556304,5.923882525398638,5.196188311723566,5.774543736088133,7.3802611949643895,9.311583780841314,10.87093550378428,11.870941270495548,12.30533025962336,12.27525689941083,11.894547656202096,11.23845899683109,10.775457087886041,11.006883905815062,12.118563020329866,13.269308819276521,14.055535453804056,14.461074204739736,14.710424787285449,14.775118917299043,14.67587896633853,14.432435335996201,13.91300389352232,13.144679474002393,12.202065277251892,11.350123941296262,11.138241245372274,11.485362388497148,11.803778867281064,11.615398994754708,11.155408422121297,10.643868305188635,9.954854596310538,8.798499134306944,7.3313321815550205,6.219595373210429,5.711508495483162,5.637384081010844,5.8664908193628245,6.538636962510631,7.226237136692361,7.702083508431951,8.066584934692234,8.229574244038664,8.057288194074012,7.545280168594704,6.907649336782872,6.389476865830147,6.058345132582779,5.843449802396665,5.458090596520651,5.044149548373286,5.258337087982323,5.800442019682131,6.365236678576154,6.787215547665064,7.040184413119481,7.0779569863624365,6.690401947648264,6.1158436239107,5.500620194427318,5.043353884687872,4.968539928282427,5.505949732479379,6.630218990989565,7.472316041407372,7.281270190843592,6.727290005275696,6.602221909150659,6.9709410865841095,7.538538148149929,8.0894870768332,8.568485233040866
1.7524602272773122,1.8520372712038737,2.063219365291143,2.395996924037207,2.8223227967243694,3.299649050949434,3.761764153975995,4.037292671687796,3.9380898657399346,3.518361621715901,3.2600115417891824,3.3719407784050093,3.6564926457301397,3.947002912511309,4.1282652523771,4.132772980749933,3.996067735790326,3.8283325121250655,3.7707918426928755,3.7173809913976377,3.5358592759302763,3.2780535383282063,3.2776662574599764,3.6691104001138686,4.392130278614387,5.158120593397629,5.705666564790339,5.614201786813484,4.756003387088795,3.6061054015947414,2.995111802758906,3.1431938027238764,3.549338027522099,3.6887496973495653,3.5765125320543043,3.4978374988394374,3.570003599707812,3.748927687242751,3.934624678273777,4.065670202297863,4.042731544170816,3.7955666639756913,3.414114658337979,3.188543952840091,3.443651865788494,4.072298345056603,4.564462931849544,4.375095569893058,3.5790277762694527,2.9340880650636647,2.7676448355299708,2.806843294049351,2.862338880379366,2.9765062570277556,3.12392174381237,3.2084411426493293,3.0310618577763955,2.639530274351455,2.2177588286027503,1.9536969923659488,1.8386821363067827,1.7849009311029438,1.8439192048815478,2.049943220493988,2.4452492423212635,3.014548792747087,3.656503249711909,4.107438989717365,4.283121119236925,4.496674833390884,4.9216860782179035,5.5083236635597395,5.836083916396125,5.506658586204352,4.967824561010275,4.48740195407942,4.032164145612159,3.755552067049287,3.766882875499124,4.137617899407506,4.433747285631359,4.349531155792815,4.0199728277403635,3.93157223091077,4.229442316584452,4.448538568799084,4.240444440164596,3.7740505745805546,3.4297922985388682,3.261404392585385,3.2038070058690553,3.1420589664250644,3.126958056367353,3.273516831539504,3.5412882615852634,3.7864849455311123,3.8961064339854743,3.9619556918618617,4.119962021264875,4.2934332782278855,4.354127926951944,4.367895878707698,4.308177353191996,4.134067443175324,3.765478289721506,3.3802584556409614,3.095059739383049,2.9178987488761146,2.784639777259207,2.519989369810661,1.8166706581388872,1.2904108438251456,1.1580766163011826,1.2087554998174534,1.3962644997831655,1.7135154174463105,2.1050847835554483,2.4264880298812628,2.5684140384048706,2.5729786713376606,2.5288568986445283,2.4081949437332306,2.239670978724836,2.4092322673522846,2.7830548821723737,3.0421093307410727,2.949303265902678,2.5495074565543456,2.1039023588270744,1.9722666692888453,2.084632286505904,2.2084663271012865,2.28113888348213,2.404523777162453,2.584571899521278,2.710381900135338,2.875140972399526,3.1419013777526894,3.4355441341200827,3.644396688562631,3.759321427605165,3.7737929411686597,3.7008261297397866,3.53147891893924
3.3086042176138375,2.8878626231655655,2.468842664529025,2.1645560310856884,2.1184160632763085,2.3487318062548805,2.6808466556705755,2.8308255491369865,2.768731858721556,2.759278805539904,3.0435727262090695,3.3949833133886225,3.5319208433784692,3.44504452755335,3.2705969529282544,3.1301754756852413,3.113062894351592,3.279329385688731,3.587664329857866,3.7541504901021705,3.7173763132025934,3.6183937574393004,3.670459885773734,3.8817100344475715,4.106651462662466,4.139671883645575,3.875239372978865,3.393028856575617,2.911915205596748,2.482145688160086,2.1737860968939815,2.1449099684771715,2.467690946331006,3.1244263957860583,4.0376825361973,5.1614726467953345,6.166851246747566,6.448755393566486,5.9348321747450425,5.2145842610518365,4.778024572373739,4.746538931886454,5.109976709303466,5.748403638102693,6.289704205929935,6.1501371837230385,5.265502836306326,4.100566820706715,3.257943716191328,2.983130876858442,3.0287607546112563,3.119908864609409,3.0018921608681457,2.8297035668924044,2.920711046394102,3.297315608667422,3.639492984443761,3.859628895314002,3.964930716516139,3.9356209981514954,3.6504101285635397,3.187280366402942,2.8540791735294655,2.770170191612345,2.945804713723705,3.232383379564261,3.4921960261840823,3.5287030792634866,3.4501405719317284,3.33337958674611,3.1767678624959492,2.874911987781247,2.272666294085917,1.5830287918693655,1.107646391496293,0.9304175628726787,1.0612464771728447,1.3857371585909997,1.7770775980028546,2.1858966389475865,2.5276814351448302,2.6649770026248114,2.58273592054681,2.409796327175315,2.2319159593345925,2.1511453858759464,2.287376743482519,2.5046317065691412,2.666383256182657,2.7114618565866446,2.7350720626029723,2.6949926785993443,2.572219968520057,2.4165323895435344,2.3253942300574004,2.3024367255367784,2.3562656292094046,2.518012415203195,2.7305122680106253,2.9133712236161204,2.9452290398594987,2.9111886260110245,2.890791402350335,2.9115569473632954,3.0284165690294302,3.198044371481572,3.263734687462015,3.2231294422708054,3.198458183755333,3.4717286767866042,4.016652413015509,4.108045555640645,3.7940870091741012,3.4523174471907314,3.20320006398631,3.0141876162418932,2.9299289139861933,2.8258609615492656,2.5911194024551705,2.2640168240246976,1.986926910752276,1.9866459021579272,2.386487391322903,2.698105821514609,2.7819736484951076,2.797044598015664,2.7087049678919546,2.4960291783959208,2.2057973194918628,2.09618284902775,2.3709814414416686,2.81707656556918,3.191394858551851,3.4260875287106325,3.607123144443407,3.8224177948112708,4.105165320213593,4.183449467932948,3.925615891514859,3.3993544521947308,2.8403294942285755,2.4001148802375756,2.0353846713795214,1.7295911799636772
11.303589744378247,11.43474581017029,10.958311872248235,9.902509912458028,8.611480240386072,7.379532001573817,6.409563447847418,5.790740683798848,5.53058668159116,5.382789112880286,5.1593004779274,4.918902727895002,4.679273010589563,4.317846963739244,3.764625211710877,3.161956204943516,2.7761712396132228,2.823984437402444,3.2226895544766,3.6107059118438793,4.013658720524357,4.519714031914195,5.022126326174604,5.370235360690599,5.5145544841594205,5.591749889750264,5.768877095221205,6.186725184295368,6.8304421990785835,7.576294393891181,8.135932959052646,8.132437587561888,7.521991724974043,6.701332793020452,6.101650921172331,5.710812142596143,5.454676535646091,5.431376473786981,5.712995279631718,5.902275595081278,5.8455719614671375,5.656292434130764,5.780108162301512,6.64362374455246,8.064018829011053,9.49046205269579,10.306317440235528,10.741030410542264,11.36758292425349,12.513702755281605,13.764931986951781,14.897653996276402,15.809192222774875,16.483536232251733,16.83194306058535,16.69022507899392,15.814768073490086,14.545824501817473,13.236428827707925,12.186311521447227,11.362049041286335,10.544073102167186,9.690652201962498,8.632354026279055,7.4772136283174335,6.36383998639244,5.5182461884239125,4.930696906912707,4.503743225114471,4.146928111907505,3.770598695795301,3.3232897394259315,2.9531042971548986,2.8206728279358093,3.1223360792902004,3.7268388144129565,4.479752299799269,5.193866992929721,5.7671298575667125,6.050891628389992,6.082194067935183,5.81149451355475,5.338300232291951,4.872690485505269,4.955152425531612,5.579181971624294,6.077908574893493,6.125134019442657,5.745665967824819,5.28483307440713,5.166624158105175,5.424675606575312,5.731159910841226,5.862163408861718,5.879060952431504,5.9028135775529,5.980974482592865,6.19139173769903,6.453731841118341,6.715306783136659,6.988576364806081,7.304109696660971,7.639553244934515,7.752233778643723,7.734773745444255,7.923531030952205,8.499342237433515,9.182622217416062,9.883474975238283,10.577965288238984,10.852942911446638,10.506485210764712,9.968866688094781,9.574922408028366,9.477186046364817,9.793006011029671,10.364560895307054,10.81732209466136,10.871851043582454,10.418050916702102,9.930690989737146,9.687532235019443,9.541768763389314,9.045587876905335,8.240201482758007,7.274863916837599,6.36929316116037,5.709885419180589,5.280207202616348,5.1176643062564535,5.327463068122814,6.25918322309332,7.720760679738947,9.320581092023435,10.674327670382256,11.364799761987038,11.336995229072054,10.930110958698993,10.405290698673541,9.907271817258472,9.689022596444374,9.944089097446719,10.45117258907222,10.94012089495597
0.0,0.0,0.0,0.0,0.0,0.0,0.0,0.0,0.0,0.0,2.2213402414692265e-11,1.2501666944617455e-08,3.226744558095166e-07,5.032814792934307e-06,5.75314712872333e-05,0.0004940832606779194,0.0032502481618560345,0.015784716399795163,0.056651639883974036,0.15188408022785793,0.30041720086436213,0.4322366524751845,0.46823997149863605,0.3871414908495672,0.2540401190482614,0.12297557091210462,0.0415443161507534,0.010334823434496262,0.00733627410353555,0.03396941855266966,0.1409223283521702,0.39876858505683455,0.7835092411032033,1.1787121083583694,1.4802535034475577,1.6455251910584208,1.608467349392441,1.4228267489522708,1.18650898783744,0.960330750273724,0.792838132686233,0.6941318845091183,0.6586236858225327,0.7413637405867777,0.9604756085381517,1.1293493582907503,1.028140028267851,0.6738456985589729,0.29414298607379613,0.08596176476478949,0.01775226603238943,0.0026421335256119464,0.0002837917073234431,2.3969725273956964e-05,1.4473403816174239e-06,5.9162622838652526e-08,1.5243957980206769e-09,2.2224422905847297e-11,0.0,0.0,0.0,0.0,0.0,0.0,0.0,0.0,0.0,0.0,0.0,0.0,0.0,0.0,0.0,0.0,0.0,0.0,0.0,0.0,0.0,0.0,0.0,0.0,0.0,0.0,0.0,0.0,0.0,0.0,0.0,0.0,0.0,0.0,0.0,0.0,0.0,0.0,0.0,0.0,0.0,0.0,0.0,0.0,0.0,0.0,0.0,0.0,0.0,0.0,0.0,0.0,0.0,0.0,0.0,0.0,0.0,0.0,0.0,0.0,0.0,0.0,0.0,0.0,0.0,0.0,0.0,0.0,1.800315526470278e-09,5.241887673113083e-08,1.2821815465862643e-06,2.1018066587130376e-05,0.00020947779191569447,0.0013669240006930394,0.006321842234713695,0.0219823127625938,0.05831476005795684,0.11348903239609716,0.15199199089297977,0.14009470648454164,0.09177530988512715,0.04339292998080073,0.014785931999421863,0.0035595588960502097,0.0006249896111481803,9.058947664822622e-05
2.6479378428016624,2.3573798818652683,2.002663401215397,1.7870799075711081,1.8188812903724763,1.9949610081948177,2.1785058406003284,2.2727867768571346,2.3116562772464886,2.287329977005385,2.291543356987128,2.318858154099411,2.230081684703749,2.1176848143809774,2.0992417387275677,2.348941496515845,2.856604893441763,3.3089381843354038,3.4857513578996184,3.4704973240764274,3.568722816793626,3.831452628869894,3.99963814241937,4.022125604250542,4.021852881449179,3.938989150865201,3.729267461901462,3.561248332077349,3.642567747844647,3.774348000487458,3.7079145889611183,3.321060364058167,2.785689380440528,2.343367789796372,2.0916256472389048,2.0564267991840985,2.1820885876518386,2.3274079653540456,2.41056556045694,2.3987823645497772,2.297271793527286,2.276087952910166,2.388004521390496,2.5549396842111802,2.5762910866767603,2.4648267175663188,2.6010305929169117,3.222762159964596,3.989956736730759,4.230291684271464,3.903618914262486,3.256482204587235,2.7126179347898596,2.5279420493665175,2.6864843450720275,2.7989121656459877,2.6271899896699775,2.2316860899672286,1.9294668592394901,1.9048286363098588,2.085156058600409,2.1919900402227706,2.026217375560976,1.773661675949507,1.749334946634092,1.9861314101182483,2.2713491298796074,2.462395834150653,2.6085404585058583,2.791216068673136,2.9416531839623525,3.091045037483471,3.2846027649521354,3.3406020991864467,3.2828391121600577,3.2218814469084474,3.082158999939859,2.6957969129666126,2.1591435627176194,1.7607346847474223,1.8073667567408611,2.2799429229442407,2.8170636045916897,3.1471038196290846,3.0944672543721823,2.5854983797370843,2.0924174513965204,1.8813668306912825,1.9012118227208916,2.016791557731269,2.0898118826121643,2.2008040588693474,2.4266080793124614,2.6466365561984597,2.7495477007614832,2.786242849364492,2.939793917500177,3.2908472307975587,3.593475142433507,3.6000618671540803,3.3102361473395843,2.9409086192802087,2.7079946907501014,2.728402437240733,2.8941053156331207,3.097762116137579,3.2275818354748433,3.345054019506871,3.435448202779108,3.305837637040426,2.771506936244014,2.3957098261238423,2.3053095054958845,2.389514104814192,2.574485182099144,2.665560525928551,2.6113713915660934,2.4902335729449647,2.3978479454438646,2.3959763876755154,2.5809757325774556,2.894413939334565,3.0042316335792956,2.7013326651718286,2.210051030683496,1.8943701015269732,1.8990621964112337,2.139178397285506,2.269558024664719,2.0202981566589595,1.5572039007912337,1.354208504143945,1.5223163940057554,1.899530712025341,2.374837210464036,2.8860060594951364,3.2281238065554354,3.205383833705886,2.85975168109274,2.3375715078494834,1.9108608565848977,1.7285769591348175,1.72464177710841,1.804867275699277
1.1143226947461675,1.2253174966781166,1.540431326979752,2.197375589631936,3.1362799732385733,4.004423213924336,4.4775493581151675,4.522368723029815,4.3119954189443925,3.9623133500898207,3.569772966605515,3.0125667511230647,2.4022570480152816,1.9571565891351224,1.7950210723964384,1.7811355307358474,1.847039350703968,2.0584250064548146,2.4748627774111944,2.9547867316672694,3.2878093234872505,3.3041285191777803,3.027343790470793,2.4777935132497113,1.8067278764549681,1.19435612997106,0.7609225646883634,0.5819873294993823,0.6548550483313907,0.8112836340911557,0.8803926612707217,0.8486961183629912,0.7401807534898819,0.6108336187295023,0.5639920234175663,0.6869300369737583,0.8358109435215204,0.985643059083535,1.0880874670959102,1.10729690009577,1.0339342785533292,0.9000562404141659,0.7806375612262715,0.7020829612751048,0.6314220374563174,0.5409525726769027,0.42168052041724186,0.33708803235525375,0.3920568260115492,0.6507171043580238,1.031552909275875,1.3729204173537153,1.5353720415767445,1.505101555733207,1.3362518766584484,1.1588645816749104,0.9887785783946439,0.870241818945312,0.8819755755655915,1.0608168382444974,1.3360837128461844,1.6149351513419257,1.8875477463020136,2.1844939220616415,2.541114379773955,2.7943519867293407,2.7512126409899196,2.4511803943944472,2.072571468935534,1.7794347728373305,1.6212788743103683,1.5864312138073602,1.7011985552158144,2.0448128698360066,2.5567579834278225,2.9094861459686796,2.8484242996899067,2.4494887511310552,2.021641689657285,1.7018958165007725,1.4533892432308402,1.2273069612084297,1.072536908358643,1.1412503179206601,1.4273361853085502,1.910122974733484,2.39817879255917,2.654349086811793,2.5451183447288477,2.2572006913173746,1.8601069391060654,1.5135907745017874,1.3197733330365677,1.2865253433747257,1.3588554999416953,1.4574629149810903,1.5347009280437802,1.5426716769589217,1.434628979817909,1.2189574660422673,0.9999158707421472,0.8533635082112326,0.8508442736340738,0.9902669614765595,1.196235434243252,1.4059561144975044,1.53802098507684,1.5187995718454868,1.409666804303294,1.4591349158672484,1.5397330066083617,1.4732808478640267,1.2669132592530212,0.9945886913829353,0.7595413593418523,0.6555858379443723,0.6802901182005199,0.8250513713292346,1.0832783606882896,1.4148422643141305,1.6378133001938981,1.6444110525551716,1.4414733181196369,1.2056500937196337,1.0509396103700195,1.004320764755966,1.0393800762486867,1.0634111955169594,1.0123515489284776,0.8656059953050901,0.7365556706421886,0.6768992802120044,0.6553268184089768,0.6217384380981186,0.5615037635561542,0.5233366752070501,0.5752438842580342,0.7561477201311787,1.0918730773739889,1.4762130575330918,1.722451352190405,1.7371811174154757,1.5613577380304111,1.3465684803714064
4.752465790508061,4.5191084212869095,4.4961378196725486,4.617248304169469,4.753702285199459,4.5985234110787525,4.066927671507486,3.354614328485078,2.835033911386122,2.9059675066408794,3.7387212956924762,4.810359963072194,5.59644538976356,6.031788218292819,6.263864838068081,6.400027157185642,6.276921547851348,5.916154119632682,5.470351082985972,5.146890611645482,5.004907571815189,4.993578595596529,4.959960557724541,4.772087595129379,4.426975279781137,4.010182768865581,3.805119344015692,4.109639994066604,4.932133087699364,6.062092809227913,7.208687673227498,8.176185055853951,8.908653744434421,9.2650356326289,8.888748710769425,7.898976597654225,6.861334574009412,5.839958291309162,4.9631840770205535,4.301095982204731,3.955310693125935,3.862671848690229,3.790687716947495,3.5998646530705205,3.404918443399197,3.4690474422741726,3.753072617908079,4.10759490061526,4.374428164782174,4.475841408234423,4.385208152319329,4.218824987177467,4.059218315755018,4.056771643070847,4.356739476003216,4.979611069017478,5.7252063328905045,6.2904527895870395,6.593783490303122,6.669919858377227,6.684202380443964,6.725875889777561,6.763095422034845,6.712194370659203,6.485203192238345,6.093365948033299,5.624419481176312,5.2213402092758265,4.9591111998852435,4.768258505791472,4.5369374343337645,4.163153449850127,3.817821125731374,3.7759196221017275,4.263505914273809,4.971203487935081,5.373601471707122,5.2194173167430185,4.841132464493056,4.642942466154018,4.911612452521869,5.594139806504123,6.6574825716460495,7.784048624251752,8.719986802966368,9.356907565950042,9.635309861365386,9.335798445950191,8.579762583700546,7.701464956642724,7.195728567854069,6.976957343051677,6.622959003241753,6.027991584514128,5.3266560331285016,4.581468245465943,3.7632497290202633,3.2442357204862877,3.3422029620391664,3.8771568609119993,4.401249190961812,4.579395956310104,4.336434518543619,3.9071304657932835,3.572438906141077,3.4905117307395144,3.7166922922555137,4.23186491262983,5.068400898455788,5.761341918742702,5.969409294204878,5.829060884777865,5.537635746037692,5.253787756530052,5.014181159519757,4.732944900126772,4.462493574408869,4.4179368343685015,4.648515710114519,4.946945963152054,5.033304829064959,4.843778910666245,4.6292390700956325,4.6321077621088875,4.872362380965276,5.2377712390163405,5.389025711139433,5.125133573595548,4.477080383737562,3.773285776791372,3.266254149315686,2.9778828727385465,2.7945387702774833,2.620502694201777,2.526545525082984,2.789178923252798,3.4992936051707364,4.435956399035956,5.285684277880021,5.8319748258886435,5.787449163909183,5.326296546615601,4.786157047548513,4.3377448349266885
7.544072127929057,7.022367224191895,6.495752474327209,6.1319317461287595,6.101743785098258,6.5010436536566605,7.2666676951611935,8.067422860984122,8.59910077549753,8.670247278520717,8.200392881542419,7.492393386722435,6.913182852652434,6.665776299173127,6.620742437914673,6.582090572706816,6.266891352191435,5.660365159364292,5.125199202244059,4.892399178709794,4.956777184255701,5.264138980216218,5.690603141688138,6.04884770741974,6.159190632841297,6.010801581990919,5.714132257795158,5.415612248309814,5.213137277100403,5.110844037896984,5.06655500275627,5.113387833504112,5.416254880771339,6.392952973082887,8.165647890885891,9.794797597883578,10.462232280248239,10.27860669987211,9.344432154676511,7.988797371385724,6.57527464601574,5.524373455701828,4.913717331129922,4.765816617770304,4.867699553428401,5.0817540004393775,5.294646608168596,5.411047484942982,5.427984044069221,5.284751859912189,5.075774536469836,4.9447070510560005,4.992075152688571,5.0470161008735905,4.8421590655184295,4.244672502953287,3.4670298788941083,2.8846858456054227,2.702647326335805,2.8931390942887716,3.2664892618351895,3.5973683016218487,3.811116495887687,3.9037474653531197,3.932408137805843,3.931804653992597,3.8199390935684545,3.4813070688410845,3.2218823293035266,3.3683722657055486,4.256296167103799,5.686680571174967,7.437288152183472,9.11897559530447,10.329645738270042,10.858879618136411,10.654060438803796,9.95489034314176,8.900342032258788,7.764357656669519,6.968257828812332,6.6921962174042235,6.698961192209383,6.6080467487075065,6.3603640227733225,6.0588056938802035,5.869719446170912,6.089043514973364,6.911724006105241,7.777847374268644,8.402301536985247,8.930220574561245,9.41746964683064,10.005555828691781,10.647067640985512,11.09933424276086,11.203458042662348,10.968276753221245,10.520545245337344,10.114442415428375,9.815573342885168,9.614846894712754,9.318499638121255,8.678283632303442,7.631206501724802,6.422761406215565,5.345869105206729,4.565801919126977,4.181660897124864,4.262676512912123,4.797956515211091,5.538112164471994,6.18482463759362,6.6049237856541785,6.797407774888809,6.966478711792665,7.375805519005182,8.128925108425241,9.008815384165919,9.72362735802632,10.058000518790607,9.949927349708114,9.362343505159346,8.456847173029892,7.49959556363977,6.776275406673598,6.516315896102258,6.9152085707951665,7.6941724610586935,8.821223378009963,10.08693877925043,11.247125325723074,12.124093333242596,12.515761471520648,12.422246253523609,11.70465908467165,10.300419694801503,8.660331511751112,7.1851335289266,5.804803020393388,4.493076353127888,3.3654182510189288,2.522072957569003,1.9620379776151167
6.867463981840238,6.798364495789985,6.7071455907785715,6.653236567623159,6.604689082137595,6.653756963387633,6.835957487750869,7.218725031539732,7.730513142448637,8.390630027500752,9.357428643029385,10.705392564595172,11.759718685597877,12.287273436689008,12.30719892408324,12.11792117756227,11.544034178686461,10.801360272275863,10.238257937688093,10.06704514963553,10.084243231454506,10.039015055080668,9.883977927341036,9.874805709792085,10.385440658964475,11.575523176692235,13.225896164946365,14.752951835816702,15.788284257562069,16.21356948965235,15.968717580901385,15.057751518687894,13.467144635519883,11.124231910824122,8.55375701108639,6.880305847886227,6.571801657268831,7.309325637731044,8.803280910624691,10.785388321038598,12.993515108966465,15.179984054846573,17.09192656998675,18.51847107875373,19.13096254118289,18.890246192851453,17.99269051211635,16.962220380671624,15.928104516491917,15.021967852235639,14.2783167199947,13.903921917585226,13.99644564782846,14.53560818369483,15.340526108006001,16.197452227411247,16.974353946265428,17.570846980199526,17.98531117008763,18.296608105205337,18.673788986755472,19.340126622919957,20.26477774991015,21.30349611538775,22.028171551344695,21.869658305062046,20.092406313196733,16.671263380407687,12.64769230920884,9.23064958788776,6.9270713332262135,5.692235333006009,5.4060920591909465,5.9072321031526345,7.05949130637697,8.537125093994687,9.823333340604648,10.523092468653086,10.697383836416176,10.504632214454782,10.480509212625785,10.71593060489617,10.96817967308577,11.025437602818737,10.84979565089176,10.525843941464009,10.0417204415191,9.463357662536108,9.573000204433354,10.454352195052705,11.302640752766125,11.621405381268863,11.328721832120722,10.770173098889888,10.150170427901102,9.57175532675974,9.14337806464565,8.852708475291406,8.924919435389976,9.277904140682793,9.989969349114645,10.882871208370366,11.64917843593904,12.127334153587338,12.622488131952533,13.250924920026945,13.78131332480927,13.659047844712536,12.89738859044923,11.768574924522737,10.858227759058895,10.404905733454067,10.362474290647139,10.552495365179704,10.814529445224101,11.056454739016784,11.209885457323,11.315956212931301,11.497249672822559,11.991874920054157,12.811215510448354,13.886237636172487,14.969545126025738,16.02667066639118,16.984906386522564,17.899569936309923,18.62200395713082,19.091992242027256,18.970656057994717,18.194986852491464,16.94601667264623,15.498112609183291,14.059854102820436,12.737663349414834,11.493563741502067,10.424923457357256,9.9736029451562,10.457993347909161,11.523399509125836,12.861118272924884,14.142018656969416,15.373901632869533,16.652219126718958,17.961181073698487
4.947489443413348,4.454188708568743,3.8525142167538546,3.2944008348656233,2.843896743807217,2.4897073747900937,2.1906274924135487,1.9060127784148293,1.6811799326716363,1.5498169990877482,1.4689698730559206,1.3902267540063509,1.278585213691653,1.1229255321936162,0.9293138451772058,0.7285925087079386,0.6097728242951042,0.653241682436529,0.8135631997754825,0.9680679294330309,1.0570824665978822,1.1034242953043916,1.1841436936151817,1.3413280036754007,1.5581062281160847,1.7771510558392898,1.967990540343464,2.112513150705105,2.1465512778695164,2.098373555044145,2.0267935283555394,2.0928078402258867,2.4625001485664657,3.048206653113569,3.3924190109322345,3.3126315063223792,3.0197910307827085,2.717352836497295,2.3961612490145465,2.0664257282575096,1.860431827293814,1.90269694777624,2.228278077996186,2.5961813418945545,2.7413438008576403,2.6092703333202127,2.2627193275181985,1.834404722793612,1.4024354530402658,1.0948389843514643,0.9572018045252665,0.9868105204003468,1.0601046106795917,1.0870206570989014,1.0091845492966205,0.9209898687056518,0.8819159536880395,0.9005535476027354,0.9079647204199406,0.8862565194888559,0.8791539235067538,0.9569497649458152,1.1338178125202063,1.4107814253637634,1.7783852259104314,2.2504807414580243,2.7113202747002383,3.0801244451000227,3.2345543115207893,3.1407628236126235,2.875206904406905,2.62426119934294,2.621414864412098,3.0211881206667965,3.674345468941065,4.169359643948879,4.200789683820322,3.845343544479173,3.369111527398735,2.9265462700935196,2.5475691908172187,2.158120359491997,1.831012078532523,1.5922962259979159,1.4264052500946098,1.2906163420383354,1.146883709905835,1.0294473084372855,0.9807858104435733,1.041514244045349,1.2010469786757698,1.457684553879406,1.7205838559133921,1.8951191432325838,1.9439255878842818,1.8885666381611188,1.7845695152021523,1.6822459414186601,1.7207171327239381,1.8974622312760323,2.121441225413837,2.2319775311825336,2.1930070697747275,1.9947302974917458,1.8014884302358478,1.6533363770123723,1.592719972133065,1.598763475871106,1.6495322176796239,1.6902047351761929,1.6679333545123447,1.6117097209162303,1.563131161789855,1.4615202172657116,1.3548500615207673,1.3039906200169094,1.428389517006964,1.752114457955096,2.1773779192114655,2.4847866125686386,2.5344346305156122,2.3026046408228544,1.8523962077439247,1.323872889588105,0.9497747731490527,0.8564248196413915,0.9206266459136843,0.9577726096975759,0.9253107417622984,0.888595538742069,0.8814348422470302,0.8913897119718946,0.9077774223345532,0.9067393852979467,0.8421606423523031,0.705769637345734,0.6287161112248314,0.7173615426583019,0.9584384938902107,1.2471670435261275,1.4124973274602652,1.4224694577764103,1.3455084013320517,1.26592546600636
2.250820654511567,2.710057851396077,3.0899076039838227,3.327832136697717,3.4531401941265023,3.5695761539510937,3.7236130898240534,3.838822817671083,3.8960088212100703,3.875696946478901,3.8967807108099515,3.9805946282505555,3.986945996070826,3.7909424670293714,3.5222813964022026,3.227327028211623,2.8938637123356745,2.584570524294984,2.300858389733425,2.172655021562554,2.148985694485185,2.1398792099661716,2.0948231541596734,2.029227485912478,1.9064626566311569,1.6841108851915592,1.394928944639387,1.1384271773262147,1.0060337043887537,1.088491655268761,1.3123325727742032,1.59497596946362,1.8473076476496202,1.9787841255484162,1.9968532766927396,1.9608005773468276,1.9545192738582142,2.0354362064814593,2.2564721202439673,2.568571750956555,2.7573577633174975,2.8419193637724094,2.682171818767643,2.379597510591928,2.175882180536145,2.151467962254191,2.4772719224192254,3.0187152405442386,3.469113139998574,3.6927646526316895,3.7307333966438305,3.7295413358338974,3.7081434832047275,3.652556665834682,3.4041556274005904,3.0153414964977108,2.5575258798322835,2.220198308714215,2.043554942605465,1.9886617407908957,1.997892505915426,1.9772860252949551,1.8955141761298226,1.7416184135003243,1.6104375414179235,1.6357762799566635,1.8353534031232845,2.1068850563164383,2.3155693522003657,2.474381335862072,2.6592265310936702,2.9017320425533737,3.1714576375131363,3.397191043539543,3.5154328280024267,3.5244767102678383,3.4445013009257943,3.340877188414388,3.2083343094376344,2.9866968733806467,2.593883028530048,2.1111549134371894,1.752951329391481,1.6793290332900115,1.9591869600923137,2.518455258737291,3.2241665288890617,3.883266415960863,4.184311102024268,4.054052418985181,3.5939206482668187,3.0930511374294367,2.75607254134325,2.583414180039611,2.468882585771819,2.3252683133653607,2.1315550057570865,1.9134903104374186,1.7070889096980184,1.5103444782905338,1.3299022714466426,1.1663830644015252,1.0971040594705586,1.1034763185426393,1.1636399007029963,1.2329484781489901,1.3285865201293179,1.4420000598634404,1.5435244254858758,1.636011285810026,1.746350608947675,1.9756609385373678,2.3691494423530366,2.839443544786891,3.215426299629571,3.403722142754731,3.292249581237675,2.859246108017591,2.2572917819899208,1.534000668740178,0.9360537152355264,0.6002866886463132,0.5179417537755755,0.6347597645115692,0.8304938824325264,1.080540314964245,1.378057793497389,1.7595684742968547,2.1763185795771745,2.54890480711916,2.7988188169228576,2.7708548220553073,2.4996468197722317,2.1963534227557955,2.0038421450783335,1.9497380831200581,1.9294158052487138,1.8669157022118936,1.7702215312897212,1.709617095611003,1.6869633866113554,1.6552280230875334,1.5742688144255002,1.4437518592602392
5.945144308467796,5.844610917160939,5.709785954322971,5.578261458688023,5.596274627668835,5.839103234053591,6.252968901331285,6.6917626935948515,6.983321131629833,6.9550166530717545,6.3332632489755705,5.45072060387278,4.569278367725901,3.93259578771997,3.4843645797013725,3.5091290075843786,4.056624558397466,5.011276092823356,6.264184127122318,7.5282384308174315,8.47554915494142,8.867959375270646,8.66368425510596,7.83757696980928,6.664917833766419,5.605305893092164,5.004520735387268,4.840235711929554,4.742818388699241,4.41144483347915,3.8292898864663187,3.0886163459184823,2.3183081794503573,1.6277110307139264,1.1311934779994197,0.8347751735169417,0.6551241503169752,0.4982944669374411,0.3492615216917471,0.286061668803865,0.4311153061415572,0.8644163361814907,1.5428622197118593,2.2237089981511,2.792413667361748,3.256188548259282,3.759947997571833,4.225169547660928,4.484922898873732,4.394430637000239,4.001605163418005,3.586827456338229,3.2773765419830108,2.951758373475017,2.5465311984159,2.0707615772964987,1.7054451800199804,1.7112564325392345,2.1911041405272558,3.1083764206714286,4.154188224399219,5.032287590173517,5.592826141038629,5.820566874412422,5.635016195164057,4.934880601365136,3.670816823360908,2.2883175263018054,1.3876720447876738,1.0238085756770874,0.9385831330946699,0.9348181965553765,0.8931856213342917,0.7982947317187137,0.7325661251120117,0.7591043528928956,0.8586125568729253,0.9758523215862491,1.0515558512605325,1.0571870541280093,0.9158355936055786,0.6081138300755928,0.42105023438865313,0.5146352511548661,0.7847262782767052,1.1432904590405353,1.4962685477726718,1.7504552973851477,1.830593393623856,1.8051916671906123,1.6884667213433115,1.5276399989126326,1.412224664113766,1.423886421071817,1.7082811095327133,2.3280034073839593,3.15873802758836,4.019605740761579,4.687247945138194,4.948417765484585,4.77508987843306,4.377224998779563,3.9612880241867607,3.4937668034350073,2.9139182538808344,2.2741457890765417,1.7100597126918027,1.323713384503953,1.0915712325737583,0.9645223908246605,0.8871843975711882,0.8128049373049456,0.7390659215203783,0.7067489340615754,0.7451924819770808,0.8047502759137793,0.8045377488970317,0.746928561865807,0.6275521216107031,0.5221095529695073,0.4143823358873552,0.33702986967083576,0.2853826443224628,0.33741671551047897,0.4974683935010913,0.6901220479763807,0.7945577138947537,0.7930080850809292,0.7072954024047006,0.5957754825277517,0.4720296121474051,0.40236356203246915,0.42245224019854216,0.5819000797803102,0.8570531729371472,1.150073573579249,1.3029673799422519,1.2482771362437588,1.0721532159913354,0.9388631628206663,0.9249870324473405,0.9936118610819664,1.0777820811928374,1.138195630341463
2.63235093404921,2.7575757180792975,3.0057422055637244,3.2243790892421558,3.3335909308486977,3.443072543955154,3.733417643375076,4.281079136060934,4.959916406858428,5.549146447579446,5.813773268037256,5.698790675676849,5.371827815074273,5.098264885624888,4.90408742341429,4.742620495317536,4.635115711471375,4.654791270755438,4.752916577127497,4.783142420051899,4.611812655057559,4.2282599186052705,3.8053407188652684,3.458512239947239,3.2730190193062634,3.2193478249243137,3.1713741731454745,3.021173838957908,2.8199768733483594,2.6242021564990905,2.502357442280747,2.452136447184559,2.3969647947997514,2.2555788455802785,2.044143548128681,1.7512017977428214,1.5576308957601066,1.7232037779209763,2.412307423696418,3.3948020567564163,4.051947033450245,4.024299010535888,3.377949117202267,2.5144977184026023,1.8563251283662607,1.6477506293466517,1.787916821168599,2.115284103189849,2.474169439798115,2.8120174503546247,3.112445144668567,3.4089853207329606,3.6134949851396225,3.595651375677772,3.518689243600258,3.3949381980902964,3.3266455626111826,3.322964458205599,3.419244090770379,3.5602975491005213,3.7473595868717555,3.921846813959985,4.030162112724754,4.071457883373615,4.062575293671284,4.0511896631774595,4.037742544360942,4.15142983470536,4.376403162193172,4.722822149147402,5.034187841797563,5.2334943146065935,5.265530191827395,5.089379999278202,4.7423949455710614,4.390834694608052,4.176229803454662,4.207813910465434,4.40050161702786,4.669698611506476,4.943319573368575,5.217729223554253,5.594157132996283,5.912343095004275,5.979810753339506,5.7319101460832105,5.304410373044265,4.852673913091171,4.46401661386968,4.085538285559565,3.698008101143442,3.381010414976743,3.298053090256025,3.4213387728960485,3.7346522805377047,4.186647628770016,4.675177051283278,5.178751112422057,5.701882106484552,6.141708064665092,6.412875122278189,6.511595018134394,6.436182205536264,6.369069885210879,6.342158549466694,6.322362515890447,6.310430316195472,6.2022351635669954,6.035937686930476,5.766032149758154,5.392813777470415,4.931544705418515,4.515235766039328,4.196907349014969,4.028176714523145,4.002792760983982,4.086470940545817,4.28550973133589,4.621262041649271,5.077081041808152,5.4181762312445105,5.388442006905353,4.996473746483911,4.351560933971866,3.6810279453584926,3.055871671863298,2.533300394101599,2.135651065090233,1.9409965940964176,1.9723576232259636,2.2407122375278474,2.600074265576563,2.882412180273018,2.966123120876397,2.8248961656983926,2.5754403757958593,2.3752367837679005,2.3317161493103447,2.465225339489892,2.647834248441281,2.7053452886514213,2.5835552915452014,2.3511470805343726,2.0989601148978396
0.12358956313801213,0.14357951177211617,0.2230131861209232,0.3593197610791998,0.5072680353743525,0.6601446741933034,0.847691984146897,1.126977498930889,1.478373171232102,1.7548024431968725,1.8773341575660685,1.7270555983092721,1.4452691681394707,1.2139811922452675,1.2130367044497865,1.417495583158146,1.6976133011724008,1.7964118551089376,1.6191830249171446,1.2327642184201215,0.8650650552049274,0.6870537270929834,0.6766064077990259,0.7074647342946395,0.7458885684787312,0.7532974065523403,0.7775847216876735,0.8667580177460775,1.07130559084208,1.3157184687478873,1.5204159287012404,1.6402529540685273,1.6404001862961068,1.4778812999712467,1.0708923593334372,0.5566841678989066,0.28785169283067297,0.23710244533497976,0.26085813611141123,0.28713889606985904,0.2740954303047453,0.21708841296687878,0.134191937368186,0.06553847858395703,0.024821654475410005,0.007134470780120249,0.00153737210680805,0.00025214049775154363,3.26924182856135e-05,3.47055078745831e-06,3.438085582061517e-07,7.349739964384352e-07,9.273903026418494e-06,9.147304632446797e-05,0.0006890025344208261,0.004024242786307833,0.01846354236189522,0.06758352563314166,0.2017033952554324,0.49968830107017514,1.0352346322329455,1.7790936619573172,2.6384528505953613,3.431598771479881,4.178617835202642,4.795197064883723,5.227735868824344,5.492425676100696,5.517080611670333,5.1949708029210475,4.4071187940534395,3.3071803493433785,2.3423850283251477,1.7320649171128037,1.3923805000755358,1.187047937787341,1.0007234324349907,0.7487337186857702,0.4546944733002011,0.2194753382796986,0.09590377111557909,0.07456886113236337,0.12428301751637119,0.20082259635058927,0.2483890136783901,0.25085859983217895,0.20682977087029747,0.13904134703794485,0.08065674471876325,0.06904888278732838,0.13870974481283524,0.32339462151574655,0.6460589537907943,1.0919705087206784,1.610838340417984,2.1288981060902774,2.558154726459405,2.8891438647043497,3.0869309600666743,3.109099199613038,3.040746993390487,3.0163857047808516,2.98540027280314,2.810747942247399,2.5216388151243794,2.1706768856708845,1.8535908729479318,1.5523788370770515,1.22710988643552,0.9138568031213011,0.7194631391849777,0.6808875570237071,0.7123209078778242,0.6944662477140355,0.5749718577851382,0.4122539356053387,0.3115889880174999,0.2964534248542408,0.3196445478335002,0.3502817778568297,0.3974440549641495,0.5305583700181894,0.7948569724531149,1.0828249981245373,1.2670261373892855,1.2237490183701458,1.0854033869375177,0.9966814667152104,1.1159493125800568,1.4198670532432132,1.8034885799407872,2.187323574539661,2.431702638981015,2.5539152501447804,2.591465396180206,2.5239669454483,2.354614274867043,2.2113435960718872,2.330836880759334,2.820115204058409,3.628008933023788,4.562603571756151,5.399175844551425,6.006309582093806
0.0,0.0,0.0,0.0,0.0,0.0,0.0,0.0,0.0,0.0,6.132434018405791e-10,1.9903738928617553e-08,3.226700742206415e-07,4.034198006060661e-06,3.943886837459095e-05,0.00030365776023629984,0.001832693309100444,0.008587745832370049,0.030718961821693366,0.0816977140391131,0.16069511843347856,0.24437800031218432,0.30160885754323064,0.3001723319551971,0.24190663214341093,0.14000676759152697,0.060090438368432184,0.01978464826345554,0.005037513399970475,0.0010303387183363214,0.00038727540421400663,0.0012399589377228685,0.005581154331533895,0.021218071945281462,0.05970771038395615,0.11451771602717571,0.1637062884588031,0.20395051050800211,0.243887570530038,0.28733475587943347,0.32494305772665066,0.3262377161364055,0.2697694876345415,0.16885942451418706,0.08152241639387017,0.030493068967227324,0.009130397490409151,0.004178021582877228,0.010662525435721125,0.03743098066463455,0.10742610669301957,0.24439361192295828,0.42966944184918726,0.5479552313019672,0.5312297463141503,0.3799933188370063,0.2086596637335332,0.1093902168632738,0.09918028853007956,0.16138717343358686,0.25894856941802674,0.3285676575128426,0.3374793129848135,0.2778907810255163,0.18319018226484204,0.09322336703361946,0.036007348263584864,0.010732626168516111,0.0025569246477068273,0.0004989678235623085,0.00012117017660516924,0.00031618434485262243,0.0017334101104908074,0.008212062906667306,0.032401819594394206,0.10320953174029689,0.25452074253557794,0.47447053402094497,0.6975901163641777,0.8785881692676258,1.019162521994951,1.1628604513094187,1.3212755927242488,1.3985096914100825,1.3134869707223944,1.0555160403879513,0.6872521859977124,0.35908553753885836,0.14529657491906162,0.0448914247673875,0.014869645033430717,0.016348260503550555,0.0457112455472884,0.10565833680233068,0.1926290436727303,0.2942606791180836,0.4016510395805784,0.5355688998897067,0.7261596381333398,0.955240121204684,1.141407547373877,1.1866729520625594,1.086835681471712,0.8800727739184663,0.7221424639243404,0.6614918277452968,0.6566837530598197,0.6315125702574104,0.5586542334598097,0.46835375311432814,0.3976147421059525,0.3738371174114821,0.38560228700772653,0.3891594597041367,0.36164774534510225,0.3397624928470316,0.385615412173783,0.49819517896259746,0.6488982935104844,0.8021820805600648,0.943007993944826,1.033564266820187,1.0579145378286252,1.0169018421467853,0.9078263767124869,0.8128132210152198,0.7557299751396128,0.7149802562820949,0.7395514139540869,0.7646850689883882,0.7338891880027698,0.6930401445255027,0.6391464159487535,0.6489159198851039,0.7168079262145518,0.83384302997039,0.999432460851467,1.1579983382737387,1.2300096732070378,1.1440410446287077,0.9654297788144865,0.7668066753937351,0.615818568058157,0.5317244854064145
0.16448636455710014,0.12445606712774201,0.07425469060427922,0.03346245329514623,0.011136739053734029,0.002735405746975686,0.0005013279725599002,6.944580264310734e-05,7.357221403216837e-06,6.017055149531139e-07,3.814187670105458e-08,1.8739052339688794e-09,7.155319285647919e-11,2.0298897996522096e-12,0.0,0.0,0.0,0.0,1.0722624169567825e-09,2.176873449584149e-08,2.973477220757355e-07,3.2570604897908305e-06,2.9159191095774228e-05,0.00021168942746815138,0.001205991287607912,0.0052496381637340125,0.01744955078456421,0.04456372059492401,0.08722599927926847,0.13213114271600002,0.1615218447729651,0.16613319573194563,0.15289427677644005,0.12285128673718111,0.07521950196352391,0.026332417602487238,0.005150998412222354,0.0007510637124108563,0.00018250839395825673,0.0006527209972662061,0.003513906044629446,0.0143062663546973,0.043187021265324185,0.09973038238879478,0.18130258096945503,0.2587556201134224,0.2841970706339624,0.24128244239572416,0.14768454817173995,0.06862317485765093,0.02477613036670547,0.007022847715366426,0.0015551043537824411,0.00026976066537818296,7.330591557461309e-05,0.0002958559753159665,0.0017462118994068753,0.00834847919366376,0.032060343121085536,0.09697363433307965,0.22422262619995975,0.3962354756871887,0.5471955465022141,0.63006725153808,0.6056529866351867,0.5044973850768647,0.39269513972825015,0.334831088763314,0.33978675922309975,0.36269718741059204,0.3394709131964156,0.25240010438210236,0.14121100220852364,0.06016151813805488,0.01984911675086278,0.005086141868319131,0.0012494166193801346,0.0012708346636242187,0.0067401131914510155,0.02912165769876048,0.09968464132747626,0.27269677829278666,0.594117404559638,1.0287668122251636,1.4413930136165025,1.7232675211566608,1.8455155021242218,1.892523507456814,1.9576990792428688,2.1376930892711017,2.1656158567252772,1.9695726644321405,1.41208209866274,0.8396448851679664,0.4892152491268822,0.3770957399365458,0.40872198618133226,0.515196667462841,0.6917400363401753,0.9902971532052031,1.4586595145116354,1.9840770728431005,2.246228855158933,2.0859712488361573,1.6035529170774574,1.0498038778733665,0.5898958894946579,0.28788962625924797,0.12461326304249543,0.05629833656900794,0.04992310625279326,0.09740093478512456,0.17852496447165664,0.2500854058325668,0.2665079869904953,0.20851043438495417,0.12398326909233705,0.059671652373621355,0.02854338489541327,0.03578176738396202,0.11486158357751126,0.35400064794775504,0.8543866423534219,1.573452919991422,2.205740262709694,2.4714858925216325,2.257992297614622,1.7362717172183646,1.1940247560022332,0.8071256832282893,0.5977673457646305,0.49001969451717653,0.4527854074835312,0.5298054684510508,0.8399449924894816,1.4696577101701176,2.342949846629613,3.2411843092877257,3.872307891654255,4.06720531977643,3.8270987708490973,3.3811469556010687,2.8668569551174494,2.3796943316037327
0.01268865197018094,0.03795363326597424,0.09146422575381195,0.178959845682016,0.28563201516297726,0.37589478043035307,0.4102253005225079,0.40142137450722376,0.37727999215578595,0.43284383493223705,0.6386542183481262,0.9553436263798427,1.248128434410284,1.3400541380241198,1.1805814030080173,0.8830323365337738,0.6478075462635213,0.6069858718109283,0.7460832215252976,0.9632147963431597,1.132233315393731,1.204734332732239,1.17533206649981,1.0383685689930682,0.8016404495937963,0.5299219720397796,0.3456444810700984,0.3213782119833032,0.4203693972560665,0.5582780025218927,0.6600808366033637,0.7383595549092059,0.8643118503333004,1.2108966432886745,1.9660164021901685,2.8025029230761342,3.0912358735386487,2.8686644794046705,2.39280633369281,1.8007230582296119,1.2150548712979854,0.7611424209455994,0.49077741078225406,0.38227406234022737,0.40068955349879787,0.5217173896536611,0.7055485604059495,0.911288016581129,1.09939675634494,1.2254483040371977,1.1698574330226903,0.9229293004452181,0.5720027189876575,0.28486068779736523,0.16334166289505278,0.18184437997786482,0.3504713476882146,0.6165509692074731,0.9066293067804597,1.105325755498788,1.1743092207766368,1.0804139867004374,0.9503156560298015,0.8577189513253131,0.8184321291365645,0.8558476963211902,0.9070105340549007,0.9135698264471854,0.8647663695457929,0.793571493412595,0.7208427615165647,0.6567731246537465,0.603832921546265,0.5975834951790695,0.7137020503788222,0.9799501319313,1.2534191050861883,1.3386626328679487,1.1557107035316572,0.849127971526179,0.5788438325019634,0.385896754098536,0.22555325562647527,0.1043053245678642,0.03676568345902763,0.015000170458839486,0.023270484704281422,0.062150846189240806,0.13925789780690476,0.2378161192668471,0.2958178957317221,0.3221360297452675,0.3681551736281545,0.5585562649153282,0.9156619126907718,1.3527783143875223,1.7913156787774966,2.272740651779418,2.9058999336119653,3.8235822976444194,4.862584966804429,5.619659595267852,5.831492873938129,5.608233661883741,5.2969010469940505,5.185435203438711,5.227000535702251,5.0775193726344945,4.441463534699168,3.3956401788688946,2.391348499324653,1.8410736860740646,1.8285390906379229,2.3097904367257294,2.9123668016622224,3.28482270540174,3.222706103011373,2.740220192174371,2.0433458862723524,1.3645568812693154,0.8239491981431191,0.4658778304980825,0.3113017517691429,0.3246197516748437,0.39798451879972524,0.4641361287393612,0.6096519754542432,1.087312866507475,2.209586428842717,3.9905222935652045,6.176587592118832,8.186441411146115,9.533262490137377,9.596574769262167,8.424410592048272,6.690848156651156,5.196485324232801,4.258548149866372,3.770012428440027,3.52516457283268,3.380580063059469,3.180205124304281,2.8389184459050654,2.417034521836675
0.000880071157484195,0.0048460171070476106,0.020432201655000815,0.06539649090323625,0.15871544377516514,0.3039728159178348,0.47719247166266066,0.630316627096887,0.6966964635551929,0.6351844568766205,0.4750090405086482,0.27711687732527657,0.1307195193361547,0.06230447334664376,0.06338976376586877,0.11780550366959987,0.20347061831707747,0.28502752240744794,0.3670291185911185,0.44026214991789403,0.4979000415980923,0.5157325707182359,0.49597148849568223,0.44875004607214264,0.392351969968139,0.3569961831141161,0.35253825848319925,0.36875244547426184,0.3953722534637786,0.4503340488129679,0.5634640098795198,0.7386912954223657,0.997707635656352,1.4158212649539268,2.1055533322524984,2.839399040582833,3.2766174744724093,3.494460979428219,3.6144567419701414,3.654932534261755,3.5726882585345705,3.3660370809980495,3.0902505273763814,2.7418466657115133,2.280035439825163,1.8215045678609922,1.468421952075625,1.2015776524782997,0.9506407682743314,0.6487640494150954,0.38493517466924915,0.23206702979137103,0.24356558784184096,0.4095308353726057,0.6347813628242125,0.783036214374851,0.8564966457318438,0.8607730065504821,0.9184608805141644,1.1123599132607358,1.3714011757682534,1.5340583723167,1.5520299005720517,1.420922964156892,1.2139900965647925,1.0318314751664879,0.9898974603512063,1.0940758844129759,1.2241562939345405,1.240727850082425,1.136161497502776,0.9855813327468985,0.8783491890663644,0.7775740879393038,0.6171813973101411,0.40081979619817737,0.20508277652078605,0.08091115396940028,0.024469740966267046,0.005710581835475719,0.0010403055814883345,0.00014786198088899324,1.6866114386969783e-05,8.26899839178265e-06,6.38783790041112e-05,0.00046421312208023985,0.0026973134163001513,0.012566992521097782,0.04583990635736119,0.12830719513087283,0.27558869908584877,0.4617917411766931,0.6223357287441242,0.7029338251413167,0.7403954077177549,0.7373419020455745,0.6882330928281367,0.6041198616740954,0.5305780579524687,0.5906922582313509,0.8859601559597095,1.4091673568374057,2.0726591775634713,2.7470879991052275,3.2798637559117476,3.5830206361613848,3.6947015303353044,3.7307552925839063,3.838454052109311,4.019168499449632,4.1511587434435295,4.151366593332246,4.045046538272467,3.744716595017434,3.2817666727492734,2.660508322788162,2.165846604644772,1.9469749821912632,1.9200405618374061,1.9373866363064327,1.8714496537546355,1.6180880794169115,1.2121458243190355,0.7516381637965497,0.37544066816900395,0.15013098232058575,0.05087512091804358,0.028194096287165484,0.05909104579001966,0.15592592809357714,0.3562456426515864,0.7288434834678247,1.3630186242221811,2.2445677759089375,3.066901206632578,3.331654795442818,3.106339357154255,2.5046485892052117,1.8680539236341376,1.3458327871989966,1.034488799215465,0.9254698553557413,0.9351387323837768,0.9939722332666376
0.0,0.0,0.0,0.0,0.0,0.0,0.0,0.0,0.0,0.0,0.0,0.0,0.0,0.0,0.0,0.0,0.0,2.1142542104690066e-09,4.417501695779044e-08,5.75368406475933e-07,5.66591498896853e-06,4.472433842304346e-05,0.00029786890008049745,0.0017015806171955569,0.008176188082412942,0.031731491953703415,0.09535664072231077,0.21457582286832733,0.3550754829184669,0.433612276123395,0.41094017407153915,0.32485453697485994,0.2157871340272942,0.11459644626604382,0.04104370410380171,0.008902419501010122,0.0013510374643501864,0.0001680417845419884,1.788528872367574e-05,1.5908421225199027e-06,1.1299757612491142e-07,6.168191590686981e-09,2.556285454274061e-10,7.982970210690778e-12,0.0,0.0,0.0,0.0,0.0,0.0,0.0,0.0,0.0,0.0,0.0,1.2414533095572464e-09,2.6286749401165714e-08,3.7027810045163224e-07,4.1899893797395794e-06,3.890823689219108e-05,0.0002917411380896174,0.0016968935755969224,0.007435844032298414,0.024788638826041202,0.06506375288713181,0.13798339223003983,0.23707653745238558,0.32780296469063147,0.36393489814375357,0.34676325664184193,0.315708564428889,0.33334538072238146,0.42617520195591646,0.5347146360065939,0.5620640538932579,0.4635984584641985,0.2893513334594291,0.13828733738326301,0.05100932801818054,0.015608222950449335,0.008663702447871683,0.021083636453240344,0.060114001361441294,0.135337306038035,0.23532723135924097,0.31631586468332085,0.33139696841132316,0.2731901572272172,0.16400571444364523,0.07319724128984122,0.024713722515915037,0.006410745781849362,0.0012701590962934815,0.0001895352086445016,2.1335763381686685e-05,1.9890260925080585e-06,2.1079613142778404e-06,2.4398601496724237e-05,0.00024213919213494708,0.0018477901503856026,0.010609338079289552,0.04654690049259449,0.15836164290288757,0.41457136430718367,0.8340344980608317,1.3276539848479108,1.7499594202399773,1.9837289248022356,1.9641042218462348,1.680447257749065,1.2469939214788917,0.79664544819405,0.49732115371535773,0.41841195105306245,0.5460416774491921,0.7490949375339984,0.9252605369445236,0.9847735454845308,0.9751676578977057,0.9608792268378481,0.9402325337793299,0.8633067638986126,0.695892464395144,0.46261850566783147,0.2370886996769961,0.09388862082602259,0.029266180494353814,0.010676022414186468,0.01726953079333478,0.050063135965132934,0.12285556286359996,0.24558789385819715,0.4057422624852186,0.5499141657064164,0.5786627372511292,0.4799383522428476,0.30114871256348746,0.14621091983291154,0.05620420757446604,0.01721952812857301,0.004262794425694663,0.0008881007539427897,0.00016449006950810039,2.846598151471414e-05
21.410731226272368,20.489461760055956,19.6344179201057,19.08142264386798,19.08361077941224,19.767256471304584,20.702278028811797,21.394837778693518,21.666153853889682,21.62826331346575,21.43681621890916,20.999560761818195,20.20535467965179,19.418869458492615,19.008847757660465,19.070721589028118,19.522138439052632,20.029475940701,20.565648500776856,20.9098768607566,20.9790985371511,20.84582907884542,20.36693170098739,19.486126493177505,18.35927056889111,17.69109886505723,17.570088774429376,17.480260387076566,17.29504794896328,17.190636560335165,17.4143478174791,18.003505117686572,18.82511850850288,19.496069601486195,19.390408193673977,18.50499903221181,17.856551637242827,17.669664830185607,17.75869526216901,18.026650168939316,18.507688147822147,19.15801650607423,19.805437536299543,20.177674646182577,20.202815039611234,20.210505699077103,20.444195400845434,20.91582838178316,21.487829710880572,22.06151566629637,22.603201928656464,22.816149286443462,22.65935794815702,22.310505110881365,21.858906990711606,21.379658866919865,20.853435055401853,20.1534174594497,19.408671440371336,18.790688922921863,18.420374021206833,18.34480548374115,18.485955583142868,18.62573943533764,18.722110494081328,18.664637442573586,18.40041986811989,18.099140542758075,18.00397161039653,18.150009922731055,18.288589770722677,18.090562972169582,17.552712667334454,17.188022213127113,17.300273527361266,17.823852790147352,18.094539807238895,17.816846244533576,17.025539967315435,16.334919156690383,16.028449684497993,16.24316829781582,16.857931970781827,18.0927255309336,19.6629511828036,20.929157353420656,21.540945199403485,20.9524976875053,19.65209650530611,18.42790847918463,18.16124925457664,18.246463979168425,18.186651631791687,17.460663446888862,16.740822580124533,16.3933086099704,16.615996731126295,17.248371293503443,18.064226694263798,18.55219335458506,18.456394329277177,17.975722501771415,17.41688379044478,17.085586574402782,16.93033055665113,16.780238041663644,16.43218616037901,15.875219429060133,15.396864950826787,15.458549541004038,16.289036030658757,17.630021379879473,18.76186675611372,19.202638816251042,19.04537713796287,18.81282968911836,18.83993171711435,19.37419881473918,20.27352926874734,21.223555376809994,22.20994751103171,22.748677554330413,22.60198739750762,21.812898802838415,21.002529084456935,20.482555655392414,20.104461061485324,19.542848877304426,18.630414148077463,17.39318466213477,16.24646927008998,15.618507380378322,15.624434198474185,15.992159667556047,16.36866001112251,16.608145366874275,16.609240430524117,16.36657579766681,15.937910952400971,15.486076459601366,15.14373292275901,14.982396899958825,15.018836476621772,15.226769126245966
